id,name,category,price,description,stock,rating,url
1,Adidas Ultraboost 22 - Variant 6263,Shoes,17055,"Responsive Boost midsole, Primeknit upper, Continental rubber outsole",71,4.7,https://www.amazon.in/s?k=Adidas+Ultraboost+22
2,Samsung 4K Smart TV 55inch - Variant 2625,Electronics,49139,"Crystal UHD display, built-in Alexa, HDR10+, 3 HDMI ports",15,4.9,https://www.amazon.in/s?k=Samsung+4K+Smart+TV+55inch
3,Apple AirPods Pro - Variant 1126,Electronics,24452,"Active noise cancellation, transparency mode, spatial audio, wireless charging",43,4.8,https://www.amazon.in/s?k=Apple+AirPods+Pro
4,Apple AirPods Pro - Variant 3141,Electronics,23786,"Active noise cancellation, transparency mode, spatial audio, wireless charging",18,4.6,https://www.amazon.in/s?k=Apple+AirPods+Pro
5,Blender Vitamix A2500 - Variant 4270,Kitchen,43887,"Variable speed control, 3 program settings, self-cleaning, 64oz container",15,4.7,https://www.amazon.in/s?k=Vitamix+A2500+Blender
6,Harry Potter Box Set - Variant 4042,Books,6922,"Complete 7-book hardcover collection, illustrated edition",27,4.9,https://www.amazon.in/s?k=Harry+Potter+Box+Set+Hardcover
7,Samsung 4K Smart TV 55inch - Variant 7685,Electronics,61128,"Crystal UHD display, built-in Alexa, HDR10+, 3 HDMI ports",10,4.9,https://www.amazon.in/s?k=Samsung+4K+Smart+TV+55inch
8,Hiking Boots Merrell - Variant 7349,Shoes,13348,"Waterproof leather, Vibram outsole, air cushion heel, ankle support",26,4.9,https://www.amazon.in/s?k=Merrell+Hiking+Boots+Waterproof
9,Instant Pot Duo 7-in-1 - Variant 9291,Kitchen,8929,"Pressure cooker, slow cooker, rice cooker, steamer, saute, yogurt maker",107,4.7,https://www.amazon.in/s?k=Instant+Pot+Duo
10,Face Wash CeraVe - Variant 1538,Beauty,1147,"Hydrating cleanser with ceramides and hyaluronic acid, 16oz, all skin types",305,5.0,https://www.amazon.in/s?k=CeraVe+Hydrating+Face+Wash
11,Protein Powder Whey - Variant 3357,Health,4112,"25g protein per serving, chocolate flavor, 5lb bag, no artificial colors",44,4.6,https://www.amazon.in/s?k=Whey+Protein+Powder+Chocolate
12,Samsung 4K Smart TV 55inch - Variant 3880,Electronics,63079,"Crystal UHD display, built-in Alexa, HDR10+, 3 HDMI ports",13,4.7,https://www.amazon.in/s?k=Samsung+4K+Smart+TV+55inch
13,Running Shorts Nike - Variant 8340,Clothing,2611,"Dri-FIT fabric, 7-inch inseam, built-in brief, reflective details",101,4.1,https://www.amazon.in/s?k=Nike+Running+Shorts+DriFIT
14,Air Fryer Ninja 6qt - Variant 7259,Kitchen,8419,"6-quart capacity, 4-in-1 functionality, up to 75% less fat, dishwasher safe",35,4.7,https://www.amazon.in/s?k=Ninja+Air+Fryer+6qt
15,Backpack Osprey 40L - Variant 9161,Accessories,12554,"40L travel pack, TSA-friendly, laptop sleeve, rain cover included",51,4.8,https://www.amazon.in/s?k=Osprey+40L+Backpack
16,Dell 27inch Monitor - Variant 3113,Electronics,27566,"IPS panel, 165Hz refresh rate, 1ms response time, USB-C, FreeSync",17,4.6,https://www.amazon.in/s?k=Dell+27+inch+165Hz+Monitor
17,Leather Wallet Slim - Variant 4051,Accessories,2063,"Genuine leather, RFID blocking, 8 card slots, minimalist design",149,4.1,https://www.amazon.in/s?k=Slim+Leather+Wallet+RFID
18,Instant Pot Duo 7-in-1 - Variant 9316,Kitchen,7615,"Pressure cooker, slow cooker, rice cooker, steamer, saute, yogurt maker",64,4.5,https://www.amazon.in/s?k=Instant+Pot+Duo
19,The Alchemist Book - Variant 6961,Books,1191,Paulo Coelho's masterpiece about following your dreams and personal legend,216,5.0,https://www.amazon.in/s?k=The+Alchemist+Paulo+Coelho
20,New Balance 990v6 - Variant 9862,Shoes,17871,"Made in USA, premium suede and mesh upper, ENCAP midsole technology",39,4.4,https://www.amazon.in/s?k=New+Balance+990v6
21,Protein Powder Whey - Variant 7299,Health,5414,"25g protein per serving, chocolate flavor, 5lb bag, no artificial colors",33,4.5,https://www.amazon.in/s?k=Whey+Protein+Powder+Chocolate
22,Sony WH-1000XM5 - Variant 6089,Electronics,33365,"Industry-leading noise cancellation, 30hr battery, multipoint connection",35,4.9,https://www.amazon.in/s?k=Sony+WH-1000XM5
23,Harry Potter Box Set - Variant 6652,Books,6870,"Complete 7-book hardcover collection, illustrated edition",40,4.6,https://www.amazon.in/s?k=Harry+Potter+Box+Set+Hardcover
24,Dell 27inch Monitor - Variant 5153,Electronics,29676,"IPS panel, 165Hz refresh rate, 1ms response time, USB-C, FreeSync",17,4.8,https://www.amazon.in/s?k=Dell+27+inch+165Hz+Monitor
25,Dell 27inch Monitor - Variant 6083,Electronics,31910,"IPS panel, 165Hz refresh rate, 1ms response time, USB-C, FreeSync",18,4.7,https://www.amazon.in/s?k=Dell+27+inch+165Hz+Monitor
26,New Balance 990v6 - Variant 5976,Shoes,14597,"Made in USA, premium suede and mesh upper, ENCAP midsole technology",30,4.7,https://www.amazon.in/s?k=New+Balance+990v6
27,Luggage Samsonite 28inch - Variant 8397,Accessories,18368,"Hardside spinner, TSA lock, expandable, lightweight polycarbonate shell",33,4.4,https://www.amazon.in/s?k=Samsonite+28+inch+Hardside+Luggage
28,Harry Potter Box Set - Variant 5749,Books,6544,"Complete 7-book hardcover collection, illustrated edition",38,5.0,https://www.amazon.in/s?k=Harry+Potter+Box+Set+Hardcover
29,Mechanical Keyboard RGB - Variant 1237,Electronics,6672,"TKL layout, Cherry MX switches, per-key RGB lighting, USB-C",25,4.6,https://www.amazon.in/s?k=Mechanical+Keyboard+RGB
30,The Alchemist Book - Variant 1942,Books,1079,Paulo Coelho's masterpiece about following your dreams and personal legend,116,4.9,https://www.amazon.in/s?k=The+Alchemist+Paulo+Coelho
31,Jump Rope Speed - Variant 4001,Sports,1672,"Adjustable steel cable, ball bearing handles, suitable for all fitness levels",233,4.7,https://www.amazon.in/s?k=Speed+Jump+Rope+Adjustable
32,Atomic Habits Workbook - Variant 6167,Books,1480,Companion workbook to Atomic Habits with exercises and habit trackers,157,4.4,https://www.amazon.in/s?k=Atomic+Habits+Workbook
33,Dell 27inch Monitor - Variant 7044,Electronics,26332,"IPS panel, 165Hz refresh rate, 1ms response time, USB-C, FreeSync",21,4.6,https://www.amazon.in/s?k=Dell+27+inch+165Hz+Monitor
34,Luggage Samsonite 28inch - Variant 6526,Accessories,14439,"Hardside spinner, TSA lock, expandable, lightweight polycarbonate shell",21,4.8,https://www.amazon.in/s?k=Samsonite+28+inch+Hardside+Luggage
35,Hoodie Champion Reverse Weave - Variant 6817,Clothing,5677,"Heavyweight fleece, reverse weave construction, kangaroo pocket",89,4.4,https://www.amazon.in/s?k=Champion+Reverse+Weave+Hoodie
36,Linen Shirt Uniqlo - Variant 8548,Clothing,3395,"100% linen, breathable summer fabric, relaxed fit, 8 color options",137,4.3,https://www.amazon.in/s?k=Linen+Shirt+Men+Uniqlo
37,Creatine Monohydrate - Variant 9024,Health,2238,"Micronized creatine, 5g per serving, unflavored, 60 servings, lab tested",117,4.5,https://www.amazon.in/s?k=Creatine+Monohydrate+Micronized
38,New Balance 990v6 - Variant 9058,Shoes,14196,"Made in USA, premium suede and mesh upper, ENCAP midsole technology",48,4.8,https://www.amazon.in/s?k=New+Balance+990v6
39,The Alchemist Book - Variant 4935,Books,1432,Paulo Coelho's masterpiece about following your dreams and personal legend,103,5.0,https://www.amazon.in/s?k=The+Alchemist+Paulo+Coelho
40,The Alchemist Book - Variant 9660,Books,1429,Paulo Coelho's masterpiece about following your dreams and personal legend,146,4.9,https://www.amazon.in/s?k=The+Alchemist+Paulo+Coelho
41,Atomic Habits Workbook - Variant 1002,Books,1670,Companion workbook to Atomic Habits with exercises and habit trackers,65,4.2,https://www.amazon.in/s?k=Atomic+Habits+Workbook
42,Face Wash CeraVe - Variant 5345,Beauty,1350,"Hydrating cleanser with ceramides and hyaluronic acid, 16oz, all skin types",293,4.5,https://www.amazon.in/s?k=CeraVe+Hydrating+Face+Wash
43,Luggage Samsonite 28inch - Variant 3748,Accessories,17116,"Hardside spinner, TSA lock, expandable, lightweight polycarbonate shell",35,4.8,https://www.amazon.in/s?k=Samsonite+28+inch+Hardside+Luggage
44,Atomic Habits Book - Variant 9538,Books,1676,James Clear's guide to building good habits and breaking bad ones,406,5.0,https://www.amazon.in/s?k=Atomic+Habits+James+Clear
45,Resistance Bands Set - Variant 1263,Sports,1560,"5 resistance levels, latex-free, includes door anchor and carry bag",170,4.5,https://www.amazon.in/s?k=Resistance+Bands+Set+5+levels
46,Webcam Logitech 4K - Variant 8661,Electronics,10918,"4K Ultra HD, auto-focus, built-in mic, works with Zoom and Teams",71,4.6,https://www.amazon.in/s?k=Logitech+4K+Webcam
47,Yoga Mat Premium - Variant 8736,Sports,2669,"Non-slip 6mm thick mat, eco-friendly TPE material, includes carry strap",51,4.6,https://www.amazon.in/s?k=Premium+Yoga+Mat
48,Coffee Maker Drip - Variant 2658,Kitchen,4490,"12-cup programmable coffee maker, built-in grinder, thermal carafe",86,4.6,https://www.amazon.in/s?k=Drip+Coffee+Maker
49,Air Fryer Ninja 6qt - Variant 4031,Kitchen,11138,"6-quart capacity, 4-in-1 functionality, up to 75% less fat, dishwasher safe",66,4.7,https://www.amazon.in/s?k=Ninja+Air+Fryer+6qt
50,Protein Powder Whey - Variant 2875,Health,4672,"25g protein per serving, chocolate flavor, 5lb bag, no artificial colors",46,4.4,https://www.amazon.in/s?k=Whey+Protein+Powder+Chocolate
51,Air Fryer Ninja 6qt - Variant 8171,Kitchen,8170,"6-quart capacity, 4-in-1 functionality, up to 75% less fat, dishwasher safe",35,4.5,https://www.amazon.in/s?k=Ninja+Air+Fryer+6qt
52,Air Fryer Ninja 6qt - Variant 1676,Kitchen,8322,"6-quart capacity, 4-in-1 functionality, up to 75% less fat, dishwasher safe",74,4.6,https://www.amazon.in/s?k=Ninja+Air+Fryer+6qt
53,Hoodie Champion Reverse Weave - Variant 1483,Clothing,5626,"Heavyweight fleece, reverse weave construction, kangaroo pocket",80,4.4,https://www.amazon.in/s?k=Champion+Reverse+Weave+Hoodie
54,Converse Chuck Taylor - Variant 5323,Shoes,5203,"Classic canvas high-top, rubber sole, available in 20+ colors",272,4.3,https://www.amazon.in/s?k=Converse+Chuck+Taylor+High+Top
55,Converse Chuck Taylor - Variant 8918,Shoes,5894,"Classic canvas high-top, rubber sole, available in 20+ colors",294,4.4,https://www.amazon.in/s?k=Converse+Chuck+Taylor+High+Top
56,Backpack Osprey 40L - Variant 4686,Accessories,15852,"40L travel pack, TSA-friendly, laptop sleeve, rain cover included",50,4.7,https://www.amazon.in/s?k=Osprey+40L+Backpack
57,Face Wash CeraVe - Variant 6359,Beauty,1379,"Hydrating cleanser with ceramides and hyaluronic acid, 16oz, all skin types",134,5.0,https://www.amazon.in/s?k=CeraVe+Hydrating+Face+Wash
58,Creatine Monohydrate - Variant 9580,Health,2392,"Micronized creatine, 5g per serving, unflavored, 60 servings, lab tested",96,4.9,https://www.amazon.in/s?k=Creatine+Monohydrate+Micronized
59,Mechanical Keyboard RGB - Variant 3308,Electronics,7624,"TKL layout, Cherry MX switches, per-key RGB lighting, USB-C",31,4.3,https://www.amazon.in/s?k=Mechanical+Keyboard+RGB
60,Running Shorts Nike - Variant 6833,Clothing,2331,"Dri-FIT fabric, 7-inch inseam, built-in brief, reflective details",112,4.3,https://www.amazon.in/s?k=Nike+Running+Shorts+DriFIT
61,Mechanical Keyboard RGB - Variant 6347,Electronics,5675,"TKL layout, Cherry MX switches, per-key RGB lighting, USB-C",45,4.5,https://www.amazon.in/s?k=Mechanical+Keyboard+RGB
62,Dell 27inch Monitor - Variant 1570,Electronics,32129,"IPS panel, 165Hz refresh rate, 1ms response time, USB-C, FreeSync",25,4.6,https://www.amazon.in/s?k=Dell+27+inch+165Hz+Monitor
63,The Alchemist Book - Variant 4862,Books,1057,Paulo Coelho's masterpiece about following your dreams and personal legend,268,5.0,https://www.amazon.in/s?k=The+Alchemist+Paulo+Coelho
64,Hiking Boots Merrell - Variant 3160,Shoes,9874,"Waterproof leather, Vibram outsole, air cushion heel, ankle support",34,4.5,https://www.amazon.in/s?k=Merrell+Hiking+Boots+Waterproof
65,Coffee Maker Drip - Variant 3738,Kitchen,3926,"12-cup programmable coffee maker, built-in grinder, thermal carafe",30,4.3,https://www.amazon.in/s?k=Drip+Coffee+Maker
66,Vitamin C Serum - Variant 7854,Beauty,2317,"20% Vitamin C with hyaluronic acid, brightens skin, reduces dark spots",102,4.1,https://www.amazon.in/s?k=Vitamin+C+Serum+20+percent
67,Sunglasses Polarized - Variant 6566,Accessories,2545,"UV400 protection, polarized lenses, lightweight frame, unisex design",163,3.9,https://www.amazon.in/s?k=Polarized+Sunglasses+UV400
68,Coffee Maker Drip - Variant 5278,Kitchen,4971,"12-cup programmable coffee maker, built-in grinder, thermal carafe",37,4.3,https://www.amazon.in/s?k=Drip+Coffee+Maker
69,Retinol Night Cream - Variant 4339,Beauty,3290,"0.5% retinol with peptides, reduces fine lines, fragrance-free, 50ml",56,4.0,https://www.amazon.in/s?k=Retinol+Night+Cream+0.5+percent
70,Leather Wallet Slim - Variant 9852,Accessories,2062,"Genuine leather, RFID blocking, 8 card slots, minimalist design",122,4.3,https://www.amazon.in/s?k=Slim+Leather+Wallet+RFID
71,Mechanical Keyboard RGB - Variant 3179,Electronics,6435,"TKL layout, Cherry MX switches, per-key RGB lighting, USB-C",55,4.3,https://www.amazon.in/s?k=Mechanical+Keyboard+RGB
72,Sunglasses Polarized - Variant 8514,Accessories,2873,"UV400 protection, polarized lenses, lightweight frame, unisex design",94,4.0,https://www.amazon.in/s?k=Polarized+Sunglasses+UV400
73,Hiking Boots Merrell - Variant 5661,Shoes,10873,"Waterproof leather, Vibram outsole, air cushion heel, ankle support",44,4.7,https://www.amazon.in/s?k=Merrell+Hiking+Boots+Waterproof
74,Rich Dad Poor Dad - Variant 4902,Books,1264,"Robert Kiyosaki's personal finance classic, updated 25th anniversary edition",257,4.6,https://www.amazon.in/s?k=Rich+Dad+Poor+Dad+Kiyosaki
75,Jump Rope Speed - Variant 8781,Sports,1467,"Adjustable steel cable, ball bearing handles, suitable for all fitness levels",123,4.4,https://www.amazon.in/s?k=Speed+Jump+Rope+Adjustable
76,Atomic Habits Book - Variant 4135,Books,1451,James Clear's guide to building good habits and breaking bad ones,223,4.8,https://www.amazon.in/s?k=Atomic+Habits+James+Clear
77,Resistance Bands Set - Variant 9415,Sports,2022,"5 resistance levels, latex-free, includes door anchor and carry bag",143,4.4,https://www.amazon.in/s?k=Resistance+Bands+Set+5+levels
78,Instant Pot Duo 7-in-1 - Variant 4177,Kitchen,7005,"Pressure cooker, slow cooker, rice cooker, steamer, saute, yogurt maker",50,4.5,https://www.amazon.in/s?k=Instant+Pot+Duo
79,Harry Potter Box Set - Variant 4608,Books,7844,"Complete 7-book hardcover collection, illustrated edition",23,5.0,https://www.amazon.in/s?k=Harry+Potter+Box+Set+Hardcover
80,Atomic Habits Book - Variant 2573,Books,1579,James Clear's guide to building good habits and breaking bad ones,175,4.7,https://www.amazon.in/s?k=Atomic+Habits+James+Clear
81,iPad Air 11inch - Variant 4303,Electronics,48510,"M2 chip, 11-inch Liquid Retina display, Apple Pencil Pro support, 256GB",26,4.6,https://www.amazon.in/s?k=iPad+Air+M2+11inch
82,Hiking Boots Merrell - Variant 2787,Shoes,13908,"Waterproof leather, Vibram outsole, air cushion heel, ankle support",24,4.7,https://www.amazon.in/s?k=Merrell+Hiking+Boots+Waterproof
83,iPad Air 11inch - Variant 4316,Electronics,47920,"M2 chip, 11-inch Liquid Retina display, Apple Pencil Pro support, 256GB",12,4.6,https://www.amazon.in/s?k=iPad+Air+M2+11inch
84,Luggage Samsonite 28inch - Variant 8116,Accessories,15525,"Hardside spinner, TSA lock, expandable, lightweight polycarbonate shell",34,4.8,https://www.amazon.in/s?k=Samsonite+28+inch+Hardside+Luggage
85,Running Shorts Nike - Variant 8567,Clothing,2517,"Dri-FIT fabric, 7-inch inseam, built-in brief, reflective details",50,4.2,https://www.amazon.in/s?k=Nike+Running+Shorts+DriFIT
86,Instant Pot Duo 7-in-1 - Variant 9884,Kitchen,8986,"Pressure cooker, slow cooker, rice cooker, steamer, saute, yogurt maker",119,4.7,https://www.amazon.in/s?k=Instant+Pot+Duo
87,Luggage Samsonite 28inch - Variant 3456,Accessories,14593,"Hardside spinner, TSA lock, expandable, lightweight polycarbonate shell",36,4.4,https://www.amazon.in/s?k=Samsonite+28+inch+Hardside+Luggage
88,Linen Shirt Uniqlo - Variant 2052,Clothing,3874,"100% linen, breathable summer fabric, relaxed fit, 8 color options",231,4.6,https://www.amazon.in/s?k=Linen+Shirt+Men+Uniqlo
89,Backpack Osprey 40L - Variant 9431,Accessories,14208,"40L travel pack, TSA-friendly, laptop sleeve, rain cover included",47,5.0,https://www.amazon.in/s?k=Osprey+40L+Backpack
90,New Balance 990v6 - Variant 9097,Shoes,12665,"Made in USA, premium suede and mesh upper, ENCAP midsole technology",47,4.3,https://www.amazon.in/s?k=New+Balance+990v6
91,Sony WH-1000XM5 - Variant 3330,Electronics,34520,"Industry-leading noise cancellation, 30hr battery, multipoint connection",23,5.0,https://www.amazon.in/s?k=Sony+WH-1000XM5
92,Wireless Mouse Logitech - Variant 8722,Electronics,2740,"MX Master 3, ergonomic design, 4000 DPI, multi-device support",83,4.7,https://www.amazon.in/s?k=Logitech+MX+Master+3
93,Webcam Logitech 4K - Variant 7315,Electronics,10933,"4K Ultra HD, auto-focus, built-in mic, works with Zoom and Teams",71,4.7,https://www.amazon.in/s?k=Logitech+4K+Webcam
94,Nike Air Max 270 - Variant 3108,Shoes,11361,"Lightweight running shoe with Air Max cushioning, great for daily use",72,4.3,https://www.amazon.in/s?k=Nike+Air+Max+270
95,Atomic Habits Book - Variant 5705,Books,1390,James Clear's guide to building good habits and breaking bad ones,315,4.8,https://www.amazon.in/s?k=Atomic+Habits+James+Clear
96,Resistance Bands Set - Variant 4275,Sports,1647,"5 resistance levels, latex-free, includes door anchor and carry bag",90,4.5,https://www.amazon.in/s?k=Resistance+Bands+Set+5+levels
97,Hiking Boots Merrell - Variant 8808,Shoes,11721,"Waterproof leather, Vibram outsole, air cushion heel, ankle support",57,4.5,https://www.amazon.in/s?k=Merrell+Hiking+Boots+Waterproof
98,Rich Dad Poor Dad - Variant 1338,Books,876,"Robert Kiyosaki's personal finance classic, updated 25th anniversary edition",273,4.5,https://www.amazon.in/s?k=Rich+Dad+Poor+Dad+Kiyosaki
99,Retinol Night Cream - Variant 8211,Beauty,2715,"0.5% retinol with peptides, reduces fine lines, fragrance-free, 50ml",121,4.5,https://www.amazon.in/s?k=Retinol+Night+Cream+0.5+percent
100,Converse Chuck Taylor - Variant 2039,Shoes,6068,"Classic canvas high-top, rubber sole, available in 20+ colors",200,4.4,https://www.amazon.in/s?k=Converse+Chuck+Taylor+High+Top
101,Running Shorts Nike - Variant 8747,Clothing,3054,"Dri-FIT fabric, 7-inch inseam, built-in brief, reflective details",142,4.4,https://www.amazon.in/s?k=Nike+Running+Shorts+DriFIT
102,Coffee Maker Drip - Variant 5631,Kitchen,4912,"12-cup programmable coffee maker, built-in grinder, thermal carafe",88,4.1,https://www.amazon.in/s?k=Drip+Coffee+Maker
103,Converse Chuck Taylor - Variant 8534,Shoes,6250,"Classic canvas high-top, rubber sole, available in 20+ colors",259,4.7,https://www.amazon.in/s?k=Converse+Chuck+Taylor+High+Top
104,Adidas Ultraboost 22 - Variant 7683,Shoes,18945,"Responsive Boost midsole, Primeknit upper, Continental rubber outsole",31,4.7,https://www.amazon.in/s?k=Adidas+Ultraboost+22
105,Luggage Samsonite 28inch - Variant 8322,Accessories,16385,"Hardside spinner, TSA lock, expandable, lightweight polycarbonate shell",38,4.9,https://www.amazon.in/s?k=Samsonite+28+inch+Hardside+Luggage
106,iPad Air 11inch - Variant 9266,Electronics,53739,"M2 chip, 11-inch Liquid Retina display, Apple Pencil Pro support, 256GB",18,4.6,https://www.amazon.in/s?k=iPad+Air+M2+11inch
107,Backpack Osprey 40L - Variant 1111,Accessories,13763,"40L travel pack, TSA-friendly, laptop sleeve, rain cover included",50,5.0,https://www.amazon.in/s?k=Osprey+40L+Backpack
108,Samsung 4K Smart TV 55inch - Variant 5116,Electronics,61460,"Crystal UHD display, built-in Alexa, HDR10+, 3 HDMI ports",13,4.4,https://www.amazon.in/s?k=Samsung+4K+Smart+TV+55inch
109,Retinol Night Cream - Variant 5918,Beauty,3228,"0.5% retinol with peptides, reduces fine lines, fragrance-free, 50ml",85,4.1,https://www.amazon.in/s?k=Retinol+Night+Cream+0.5+percent
110,New Balance 990v6 - Variant 1345,Shoes,13601,"Made in USA, premium suede and mesh upper, ENCAP midsole technology",39,4.5,https://www.amazon.in/s?k=New+Balance+990v6
111,Vitamin C Serum - Variant 7875,Beauty,2320,"20% Vitamin C with hyaluronic acid, brightens skin, reduces dark spots",208,4.1,https://www.amazon.in/s?k=Vitamin+C+Serum+20+percent
112,Omega-3 Fish Oil - Variant 4252,Health,1792,"1200mg EPA+DHA per serving, enteric coated, 90 softgels, no fishy aftertaste",268,4.4,https://www.amazon.in/s?k=Omega+3+Fish+Oil+1200mg
113,Levi's 501 Jeans - Variant 7615,Clothing,4019,"Classic straight fit jeans, durable denim, available in multiple washes",167,4.0,https://www.amazon.in/s?k=Levis+501+Jeans
114,Stand Mixer KitchenAid - Variant 2355,Kitchen,30080,"5-quart bowl, 10 speeds, 59 attachments compatible, tilt-head design",10,4.6,https://www.amazon.in/s?k=KitchenAid+Stand+Mixer+5qt
115,Resistance Bands Set - Variant 2365,Sports,1555,"5 resistance levels, latex-free, includes door anchor and carry bag",78,4.6,https://www.amazon.in/s?k=Resistance+Bands+Set+5+levels
116,Sunglasses Polarized - Variant 5002,Accessories,2521,"UV400 protection, polarized lenses, lightweight frame, unisex design",74,4.2,https://www.amazon.in/s?k=Polarized+Sunglasses+UV400
117,Running Shorts Nike - Variant 7960,Clothing,2602,"Dri-FIT fabric, 7-inch inseam, built-in brief, reflective details",118,4.6,https://www.amazon.in/s?k=Nike+Running+Shorts+DriFIT
118,Blender Vitamix A2500 - Variant 6362,Kitchen,34677,"Variable speed control, 3 program settings, self-cleaning, 64oz container",25,5.0,https://www.amazon.in/s?k=Vitamix+A2500+Blender
119,Rich Dad Poor Dad - Variant 7943,Books,1194,"Robert Kiyosaki's personal finance classic, updated 25th anniversary edition",289,4.7,https://www.amazon.in/s?k=Rich+Dad+Poor+Dad+Kiyosaki
120,Apple AirPods Pro - Variant 1009,Electronics,16780,"Active noise cancellation, transparency mode, spatial audio, wireless charging",42,4.8,https://www.amazon.in/s?k=Apple+AirPods+Pro
121,Air Fryer Ninja 6qt - Variant 7795,Kitchen,10134,"6-quart capacity, 4-in-1 functionality, up to 75% less fat, dishwasher safe",57,4.4,https://www.amazon.in/s?k=Ninja+Air+Fryer+6qt
122,Sunscreen SPF 50 EltaMD - Variant 6142,Beauty,3882,"Broad spectrum UV protection, oil-free, dermatologist recommended, 3oz",42,4.9,https://www.amazon.in/s?k=EltaMD+Sunscreen+SPF+50
123,Omega-3 Fish Oil - Variant 9484,Health,1452,"1200mg EPA+DHA per serving, enteric coated, 90 softgels, no fishy aftertaste",169,4.6,https://www.amazon.in/s?k=Omega+3+Fish+Oil+1200mg
124,Running Shorts Nike - Variant 1606,Clothing,2661,"Dri-FIT fabric, 7-inch inseam, built-in brief, reflective details",105,4.6,https://www.amazon.in/s?k=Nike+Running+Shorts+DriFIT
125,Backpack Osprey 40L - Variant 9113,Accessories,13155,"40L travel pack, TSA-friendly, laptop sleeve, rain cover included",23,4.9,https://www.amazon.in/s?k=Osprey+40L+Backpack
126,Linen Shirt Uniqlo - Variant 4986,Clothing,2737,"100% linen, breathable summer fabric, relaxed fit, 8 color options",161,4.5,https://www.amazon.in/s?k=Linen+Shirt+Men+Uniqlo
127,Creatine Monohydrate - Variant 9611,Health,2892,"Micronized creatine, 5g per serving, unflavored, 60 servings, lab tested",87,4.8,https://www.amazon.in/s?k=Creatine+Monohydrate+Micronized
128,Converse Chuck Taylor - Variant 4651,Shoes,6532,"Classic canvas high-top, rubber sole, available in 20+ colors",136,4.5,https://www.amazon.in/s?k=Converse+Chuck+Taylor+High+Top
129,Instant Pot Duo 7-in-1 - Variant 9624,Kitchen,7379,"Pressure cooker, slow cooker, rice cooker, steamer, saute, yogurt maker",119,4.8,https://www.amazon.in/s?k=Instant+Pot+Duo
130,The Alchemist Book - Variant 2255,Books,1165,Paulo Coelho's masterpiece about following your dreams and personal legend,237,5.0,https://www.amazon.in/s?k=The+Alchemist+Paulo+Coelho
131,Levi's 501 Jeans - Variant 7317,Clothing,5656,"Classic straight fit jeans, durable denim, available in multiple washes",61,4.1,https://www.amazon.in/s?k=Levis+501+Jeans
132,Retinol Night Cream - Variant 4952,Beauty,3268,"0.5% retinol with peptides, reduces fine lines, fragrance-free, 50ml",87,4.4,https://www.amazon.in/s?k=Retinol+Night+Cream+0.5+percent
133,iPad Air 11inch - Variant 6276,Electronics,43405,"M2 chip, 11-inch Liquid Retina display, Apple Pencil Pro support, 256GB",19,5.0,https://www.amazon.in/s?k=iPad+Air+M2+11inch
134,Creatine Monohydrate - Variant 9224,Health,2572,"Micronized creatine, 5g per serving, unflavored, 60 servings, lab tested",93,4.7,https://www.amazon.in/s?k=Creatine+Monohydrate+Micronized
135,Leather Wallet Slim - Variant 8562,Accessories,1833,"Genuine leather, RFID blocking, 8 card slots, minimalist design",194,4.4,https://www.amazon.in/s?k=Slim+Leather+Wallet+RFID
136,Adidas Ultraboost 22 - Variant 8221,Shoes,17646,"Responsive Boost midsole, Primeknit upper, Continental rubber outsole",31,4.3,https://www.amazon.in/s?k=Adidas+Ultraboost+22
137,Atomic Habits Workbook - Variant 4499,Books,1345,Companion workbook to Atomic Habits with exercises and habit trackers,81,4.4,https://www.amazon.in/s?k=Atomic+Habits+Workbook
138,Protein Powder Whey - Variant 2833,Health,5329,"25g protein per serving, chocolate flavor, 5lb bag, no artificial colors",49,4.7,https://www.amazon.in/s?k=Whey+Protein+Powder+Chocolate
139,Atomic Habits Book - Variant 1822,Books,1669,James Clear's guide to building good habits and breaking bad ones,290,5.0,https://www.amazon.in/s?k=Atomic+Habits+James+Clear
140,Instant Pot Duo 7-in-1 - Variant 5531,Kitchen,8080,"Pressure cooker, slow cooker, rice cooker, steamer, saute, yogurt maker",87,4.4,https://www.amazon.in/s?k=Instant+Pot+Duo
141,Wireless Mouse Logitech - Variant 5903,Electronics,2987,"MX Master 3, ergonomic design, 4000 DPI, multi-device support",81,4.4,https://www.amazon.in/s?k=Logitech+MX+Master+3
142,Face Wash CeraVe - Variant 5564,Beauty,1396,"Hydrating cleanser with ceramides and hyaluronic acid, 16oz, all skin types",266,4.7,https://www.amazon.in/s?k=CeraVe+Hydrating+Face+Wash
143,Backpack Osprey 40L - Variant 7441,Accessories,12707,"40L travel pack, TSA-friendly, laptop sleeve, rain cover included",45,4.6,https://www.amazon.in/s?k=Osprey+40L+Backpack
144,Sunglasses Polarized - Variant 3724,Accessories,2140,"UV400 protection, polarized lenses, lightweight frame, unisex design",63,4.2,https://www.amazon.in/s?k=Polarized+Sunglasses+UV400
145,Omega-3 Fish Oil - Variant 3559,Health,1587,"1200mg EPA+DHA per serving, enteric coated, 90 softgels, no fishy aftertaste",226,4.5,https://www.amazon.in/s?k=Omega+3+Fish+Oil+1200mg
146,Air Fryer Ninja 6qt - Variant 8264,Kitchen,11549,"6-quart capacity, 4-in-1 functionality, up to 75% less fat, dishwasher safe",42,4.9,https://www.amazon.in/s?k=Ninja+Air+Fryer+6qt
147,Stand Mixer KitchenAid - Variant 9726,Kitchen,28367,"5-quart bowl, 10 speeds, 59 attachments compatible, tilt-head design",9,5.0,https://www.amazon.in/s?k=KitchenAid+Stand+Mixer+5qt
148,Yoga Mat Premium - Variant 3747,Sports,3276,"Non-slip 6mm thick mat, eco-friendly TPE material, includes carry strap",98,4.4,https://www.amazon.in/s?k=Premium+Yoga+Mat
149,Sony WH-1000XM5 - Variant 6072,Electronics,31777,"Industry-leading noise cancellation, 30hr battery, multipoint connection",17,5.0,https://www.amazon.in/s?k=Sony+WH-1000XM5
150,Instant Pot Duo 7-in-1 - Variant 8028,Kitchen,6238,"Pressure cooker, slow cooker, rice cooker, steamer, saute, yogurt maker",81,4.6,https://www.amazon.in/s?k=Instant+Pot+Duo
151,Face Wash CeraVe - Variant 4580,Beauty,1077,"Hydrating cleanser with ceramides and hyaluronic acid, 16oz, all skin types",304,4.9,https://www.amazon.in/s?k=CeraVe+Hydrating+Face+Wash
152,Running Shorts Nike - Variant 1161,Clothing,3174,"Dri-FIT fabric, 7-inch inseam, built-in brief, reflective details",81,4.2,https://www.amazon.in/s?k=Nike+Running+Shorts+DriFIT
153,Apple AirPods Pro - Variant 1052,Electronics,21739,"Active noise cancellation, transparency mode, spatial audio, wireless charging",20,4.6,https://www.amazon.in/s?k=Apple+AirPods+Pro
154,Hoodie Champion Reverse Weave - Variant 3169,Clothing,5627,"Heavyweight fleece, reverse weave construction, kangaroo pocket",63,4.3,https://www.amazon.in/s?k=Champion+Reverse+Weave+Hoodie
155,Resistance Bands Set - Variant 3289,Sports,2255,"5 resistance levels, latex-free, includes door anchor and carry bag",74,4.7,https://www.amazon.in/s?k=Resistance+Bands+Set+5+levels
156,Sunglasses Polarized - Variant 3756,Accessories,2281,"UV400 protection, polarized lenses, lightweight frame, unisex design",83,4.3,https://www.amazon.in/s?k=Polarized+Sunglasses+UV400
157,Leather Wallet Slim - Variant 9488,Accessories,1970,"Genuine leather, RFID blocking, 8 card slots, minimalist design",199,4.4,https://www.amazon.in/s?k=Slim+Leather+Wallet+RFID
158,Running Shorts Nike - Variant 6835,Clothing,3258,"Dri-FIT fabric, 7-inch inseam, built-in brief, reflective details",114,4.7,https://www.amazon.in/s?k=Nike+Running+Shorts+DriFIT
159,Hiking Boots Merrell - Variant 5194,Shoes,12295,"Waterproof leather, Vibram outsole, air cushion heel, ankle support",26,4.7,https://www.amazon.in/s?k=Merrell+Hiking+Boots+Waterproof
160,Harry Potter Box Set - Variant 8487,Books,5408,"Complete 7-book hardcover collection, illustrated edition",21,5.0,https://www.amazon.in/s?k=Harry+Potter+Box+Set+Hardcover
161,The Alchemist Book - Variant 5379,Books,1082,Paulo Coelho's masterpiece about following your dreams and personal legend,166,4.8,https://www.amazon.in/s?k=The+Alchemist+Paulo+Coelho
162,Multivitamin Men's - Variant 6259,Health,2228,"23 essential vitamins and minerals, once daily, 90 tablets, no artificial colors",143,4.5,https://www.amazon.in/s?k=Mens+Multivitamin+Daily
163,Blender Vitamix A2500 - Variant 6223,Kitchen,33689,"Variable speed control, 3 program settings, self-cleaning, 64oz container",28,5.0,https://www.amazon.in/s?k=Vitamix+A2500+Blender
164,Dell 27inch Monitor - Variant 2969,Electronics,32776,"IPS panel, 165Hz refresh rate, 1ms response time, USB-C, FreeSync",26,4.9,https://www.amazon.in/s?k=Dell+27+inch+165Hz+Monitor
165,Hoodie Champion Reverse Weave - Variant 2666,Clothing,6592,"Heavyweight fleece, reverse weave construction, kangaroo pocket",87,4.5,https://www.amazon.in/s?k=Champion+Reverse+Weave+Hoodie
166,Air Fryer Ninja 6qt - Variant 5470,Kitchen,9001,"6-quart capacity, 4-in-1 functionality, up to 75% less fat, dishwasher safe",34,4.7,https://www.amazon.in/s?k=Ninja+Air+Fryer+6qt
167,The Alchemist Book - Variant 9040,Books,1273,Paulo Coelho's masterpiece about following your dreams and personal legend,175,4.9,https://www.amazon.in/s?k=The+Alchemist+Paulo+Coelho
168,Sony WH-1000XM5 - Variant 2533,Electronics,34663,"Industry-leading noise cancellation, 30hr battery, multipoint connection",26,4.9,https://www.amazon.in/s?k=Sony+WH-1000XM5
169,Coffee Maker Drip - Variant 7091,Kitchen,3958,"12-cup programmable coffee maker, built-in grinder, thermal carafe",49,4.3,https://www.amazon.in/s?k=Drip+Coffee+Maker
170,Dell 27inch Monitor - Variant 6808,Electronics,29276,"IPS panel, 165Hz refresh rate, 1ms response time, USB-C, FreeSync",18,4.6,https://www.amazon.in/s?k=Dell+27+inch+165Hz+Monitor
171,Converse Chuck Taylor - Variant 7361,Shoes,5201,"Classic canvas high-top, rubber sole, available in 20+ colors",266,4.5,https://www.amazon.in/s?k=Converse+Chuck+Taylor+High+Top
172,Omega-3 Fish Oil - Variant 8821,Health,1922,"1200mg EPA+DHA per serving, enteric coated, 90 softgels, no fishy aftertaste",94,4.3,https://www.amazon.in/s?k=Omega+3+Fish+Oil+1200mg
173,Dell 27inch Monitor - Variant 6753,Electronics,29698,"IPS panel, 165Hz refresh rate, 1ms response time, USB-C, FreeSync",12,4.8,https://www.amazon.in/s?k=Dell+27+inch+165Hz+Monitor
174,Protein Powder Whey - Variant 7863,Health,3738,"25g protein per serving, chocolate flavor, 5lb bag, no artificial colors",23,4.7,https://www.amazon.in/s?k=Whey+Protein+Powder+Chocolate
175,iPad Air 11inch - Variant 4176,Electronics,52731,"M2 chip, 11-inch Liquid Retina display, Apple Pencil Pro support, 256GB",21,5.0,https://www.amazon.in/s?k=iPad+Air+M2+11inch
176,Webcam Logitech 4K - Variant 4939,Electronics,10358,"4K Ultra HD, auto-focus, built-in mic, works with Zoom and Teams",34,4.6,https://www.amazon.in/s?k=Logitech+4K+Webcam
177,New Balance 990v6 - Variant 8399,Shoes,14765,"Made in USA, premium suede and mesh upper, ENCAP midsole technology",51,4.8,https://www.amazon.in/s?k=New+Balance+990v6
178,Protein Powder Whey - Variant 8775,Health,4244,"25g protein per serving, chocolate flavor, 5lb bag, no artificial colors",27,4.3,https://www.amazon.in/s?k=Whey+Protein+Powder+Chocolate
179,Stand Mixer KitchenAid - Variant 8714,Kitchen,27076,"5-quart bowl, 10 speeds, 59 attachments compatible, tilt-head design",6,4.9,https://www.amazon.in/s?k=KitchenAid+Stand+Mixer+5qt
180,Adidas Ultraboost 22 - Variant 4081,Shoes,14591,"Responsive Boost midsole, Primeknit upper, Continental rubber outsole",44,4.5,https://www.amazon.in/s?k=Adidas+Ultraboost+22
181,Kindle Paperwhite - Variant 1443,Electronics,11712,"6.8-inch display, adjustable warm light, waterproof, 3 months free Kindle Unlimited",92,4.6,https://www.amazon.in/s?k=Kindle+Paperwhite+2024
182,Webcam Logitech 4K - Variant 6411,Electronics,14628,"4K Ultra HD, auto-focus, built-in mic, works with Zoom and Teams",36,4.6,https://www.amazon.in/s?k=Logitech+4K+Webcam
183,Hoodie Champion Reverse Weave - Variant 8864,Clothing,6358,"Heavyweight fleece, reverse weave construction, kangaroo pocket",44,4.6,https://www.amazon.in/s?k=Champion+Reverse+Weave+Hoodie
184,iPad Air 11inch - Variant 4653,Electronics,56003,"M2 chip, 11-inch Liquid Retina display, Apple Pencil Pro support, 256GB",20,4.7,https://www.amazon.in/s?k=iPad+Air+M2+11inch
185,Apple AirPods Pro - Variant 3308,Electronics,18425,"Active noise cancellation, transparency mode, spatial audio, wireless charging",18,4.8,https://www.amazon.in/s?k=Apple+AirPods+Pro
186,Levi's 501 Jeans - Variant 6881,Clothing,4786,"Classic straight fit jeans, durable denim, available in multiple washes",79,4.4,https://www.amazon.in/s?k=Levis+501+Jeans
187,Running Shorts Nike - Variant 8046,Clothing,2435,"Dri-FIT fabric, 7-inch inseam, built-in brief, reflective details",69,4.2,https://www.amazon.in/s?k=Nike+Running+Shorts+DriFIT
188,Running Shorts Nike - Variant 4813,Clothing,2896,"Dri-FIT fabric, 7-inch inseam, built-in brief, reflective details",58,4.1,https://www.amazon.in/s?k=Nike+Running+Shorts+DriFIT
189,Dell 27inch Monitor - Variant 6521,Electronics,26437,"IPS panel, 165Hz refresh rate, 1ms response time, USB-C, FreeSync",13,4.4,https://www.amazon.in/s?k=Dell+27+inch+165Hz+Monitor
190,Apple AirPods Pro - Variant 5798,Electronics,20890,"Active noise cancellation, transparency mode, spatial audio, wireless charging",18,4.9,https://www.amazon.in/s?k=Apple+AirPods+Pro
191,Sunscreen SPF 50 EltaMD - Variant 4358,Beauty,2693,"Broad spectrum UV protection, oil-free, dermatologist recommended, 3oz",49,4.7,https://www.amazon.in/s?k=EltaMD+Sunscreen+SPF+50
192,Omega-3 Fish Oil - Variant 4098,Health,1808,"1200mg EPA+DHA per serving, enteric coated, 90 softgels, no fishy aftertaste",160,4.7,https://www.amazon.in/s?k=Omega+3+Fish+Oil+1200mg
193,Apple AirPods Pro - Variant 8227,Electronics,21540,"Active noise cancellation, transparency mode, spatial audio, wireless charging",27,5.0,https://www.amazon.in/s?k=Apple+AirPods+Pro
194,Retinol Night Cream - Variant 4117,Beauty,2615,"0.5% retinol with peptides, reduces fine lines, fragrance-free, 50ml",91,4.2,https://www.amazon.in/s?k=Retinol+Night+Cream+0.5+percent
195,iPad Air 11inch - Variant 4835,Electronics,42017,"M2 chip, 11-inch Liquid Retina display, Apple Pencil Pro support, 256GB",25,5.0,https://www.amazon.in/s?k=iPad+Air+M2+11inch
196,Mechanical Keyboard RGB - Variant 8513,Electronics,7877,"TKL layout, Cherry MX switches, per-key RGB lighting, USB-C",35,4.5,https://www.amazon.in/s?k=Mechanical+Keyboard+RGB
197,Luggage Samsonite 28inch - Variant 1082,Accessories,14638,"Hardside spinner, TSA lock, expandable, lightweight polycarbonate shell",17,4.5,https://www.amazon.in/s?k=Samsonite+28+inch+Hardside+Luggage
198,Dell 27inch Monitor - Variant 9515,Electronics,24362,"IPS panel, 165Hz refresh rate, 1ms response time, USB-C, FreeSync",18,5.0,https://www.amazon.in/s?k=Dell+27+inch+165Hz+Monitor
199,Air Fryer Ninja 6qt - Variant 9555,Kitchen,9429,"6-quart capacity, 4-in-1 functionality, up to 75% less fat, dishwasher safe",77,4.8,https://www.amazon.in/s?k=Ninja+Air+Fryer+6qt
200,Creatine Monohydrate - Variant 8423,Health,2396,"Micronized creatine, 5g per serving, unflavored, 60 servings, lab tested",123,4.6,https://www.amazon.in/s?k=Creatine+Monohydrate+Micronized
201,Instant Pot Duo 7-in-1 - Variant 7514,Kitchen,6917,"Pressure cooker, slow cooker, rice cooker, steamer, saute, yogurt maker",87,4.5,https://www.amazon.in/s?k=Instant+Pot+Duo
202,Yoga Mat Premium - Variant 2799,Sports,2844,"Non-slip 6mm thick mat, eco-friendly TPE material, includes carry strap",92,4.5,https://www.amazon.in/s?k=Premium+Yoga+Mat
203,Backpack Osprey 40L - Variant 4692,Accessories,12009,"40L travel pack, TSA-friendly, laptop sleeve, rain cover included",39,4.9,https://www.amazon.in/s?k=Osprey+40L+Backpack
204,Samsung 4K Smart TV 55inch - Variant 9083,Electronics,57503,"Crystal UHD display, built-in Alexa, HDR10+, 3 HDMI ports",16,4.9,https://www.amazon.in/s?k=Samsung+4K+Smart+TV+55inch
205,Dell 27inch Monitor - Variant 8539,Electronics,27089,"IPS panel, 165Hz refresh rate, 1ms response time, USB-C, FreeSync",10,4.4,https://www.amazon.in/s?k=Dell+27+inch+165Hz+Monitor
206,Hoodie Champion Reverse Weave - Variant 5664,Clothing,5439,"Heavyweight fleece, reverse weave construction, kangaroo pocket",111,4.4,https://www.amazon.in/s?k=Champion+Reverse+Weave+Hoodie
207,Harry Potter Box Set - Variant 7127,Books,7277,"Complete 7-book hardcover collection, illustrated edition",21,5.0,https://www.amazon.in/s?k=Harry+Potter+Box+Set+Hardcover
208,Multivitamin Men's - Variant 3935,Health,1816,"23 essential vitamins and minerals, once daily, 90 tablets, no artificial colors",102,4.3,https://www.amazon.in/s?k=Mens+Multivitamin+Daily
209,Stand Mixer KitchenAid - Variant 6723,Kitchen,27323,"5-quart bowl, 10 speeds, 59 attachments compatible, tilt-head design",8,4.9,https://www.amazon.in/s?k=KitchenAid+Stand+Mixer+5qt
210,Mechanical Keyboard RGB - Variant 6287,Electronics,6243,"TKL layout, Cherry MX switches, per-key RGB lighting, USB-C",34,4.6,https://www.amazon.in/s?k=Mechanical+Keyboard+RGB
211,Air Fryer Ninja 6qt - Variant 5438,Kitchen,10602,"6-quart capacity, 4-in-1 functionality, up to 75% less fat, dishwasher safe",28,4.9,https://www.amazon.in/s?k=Ninja+Air+Fryer+6qt
212,Sony WH-1000XM5 - Variant 2529,Electronics,30424,"Industry-leading noise cancellation, 30hr battery, multipoint connection",36,4.9,https://www.amazon.in/s?k=Sony+WH-1000XM5
213,Webcam Logitech 4K - Variant 3107,Electronics,14059,"4K Ultra HD, auto-focus, built-in mic, works with Zoom and Teams",70,4.5,https://www.amazon.in/s?k=Logitech+4K+Webcam
214,Running Shorts Nike - Variant 7562,Clothing,3119,"Dri-FIT fabric, 7-inch inseam, built-in brief, reflective details",112,4.3,https://www.amazon.in/s?k=Nike+Running+Shorts+DriFIT
215,Vitamin C Serum - Variant 3918,Beauty,1750,"20% Vitamin C with hyaluronic acid, brightens skin, reduces dark spots",169,3.9,https://www.amazon.in/s?k=Vitamin+C+Serum+20+percent
216,Converse Chuck Taylor - Variant 9549,Shoes,5144,"Classic canvas high-top, rubber sole, available in 20+ colors",100,4.5,https://www.amazon.in/s?k=Converse+Chuck+Taylor+High+Top
217,Adidas Ultraboost 22 - Variant 3580,Shoes,17262,"Responsive Boost midsole, Primeknit upper, Continental rubber outsole",57,4.7,https://www.amazon.in/s?k=Adidas+Ultraboost+22
218,Backpack Osprey 40L - Variant 9416,Accessories,10804,"40L travel pack, TSA-friendly, laptop sleeve, rain cover included",23,4.6,https://www.amazon.in/s?k=Osprey+40L+Backpack
219,Sunscreen SPF 50 EltaMD - Variant 3344,Beauty,3212,"Broad spectrum UV protection, oil-free, dermatologist recommended, 3oz",106,4.8,https://www.amazon.in/s?k=EltaMD+Sunscreen+SPF+50
220,Yoga Mat Premium - Variant 9618,Sports,3180,"Non-slip 6mm thick mat, eco-friendly TPE material, includes carry strap",76,4.4,https://www.amazon.in/s?k=Premium+Yoga+Mat
221,Air Fryer Ninja 6qt - Variant 6156,Kitchen,8068,"6-quart capacity, 4-in-1 functionality, up to 75% less fat, dishwasher safe",34,4.9,https://www.amazon.in/s?k=Ninja+Air+Fryer+6qt
222,Samsung 4K Smart TV 55inch - Variant 3373,Electronics,51502,"Crystal UHD display, built-in Alexa, HDR10+, 3 HDMI ports",12,4.4,https://www.amazon.in/s?k=Samsung+4K+Smart+TV+55inch
223,Omega-3 Fish Oil - Variant 2470,Health,1356,"1200mg EPA+DHA per serving, enteric coated, 90 softgels, no fishy aftertaste",241,4.5,https://www.amazon.in/s?k=Omega+3+Fish+Oil+1200mg
224,Levi's 501 Jeans - Variant 1783,Clothing,4216,"Classic straight fit jeans, durable denim, available in multiple washes",150,4.6,https://www.amazon.in/s?k=Levis+501+Jeans
225,New Balance 990v6 - Variant 8595,Shoes,15498,"Made in USA, premium suede and mesh upper, ENCAP midsole technology",24,4.5,https://www.amazon.in/s?k=New+Balance+990v6
226,Dell 27inch Monitor - Variant 5547,Electronics,29527,"IPS panel, 165Hz refresh rate, 1ms response time, USB-C, FreeSync",25,4.9,https://www.amazon.in/s?k=Dell+27+inch+165Hz+Monitor
227,Rich Dad Poor Dad - Variant 6543,Books,990,"Robert Kiyosaki's personal finance classic, updated 25th anniversary edition",242,4.6,https://www.amazon.in/s?k=Rich+Dad+Poor+Dad+Kiyosaki
228,Retinol Night Cream - Variant 1875,Beauty,2821,"0.5% retinol with peptides, reduces fine lines, fragrance-free, 50ml",113,4.1,https://www.amazon.in/s?k=Retinol+Night+Cream+0.5+percent
229,Atomic Habits Book - Variant 4235,Books,1384,James Clear's guide to building good habits and breaking bad ones,291,4.9,https://www.amazon.in/s?k=Atomic+Habits+James+Clear
230,Stand Mixer KitchenAid - Variant 5235,Kitchen,28017,"5-quart bowl, 10 speeds, 59 attachments compatible, tilt-head design",16,5.0,https://www.amazon.in/s?k=KitchenAid+Stand+Mixer+5qt
231,Apple AirPods Pro - Variant 1348,Electronics,21955,"Active noise cancellation, transparency mode, spatial audio, wireless charging",19,4.9,https://www.amazon.in/s?k=Apple+AirPods+Pro
232,Protein Powder Whey - Variant 3667,Health,4272,"25g protein per serving, chocolate flavor, 5lb bag, no artificial colors",34,4.8,https://www.amazon.in/s?k=Whey+Protein+Powder+Chocolate
233,Converse Chuck Taylor - Variant 1947,Shoes,5928,"Classic canvas high-top, rubber sole, available in 20+ colors",170,4.5,https://www.amazon.in/s?k=Converse+Chuck+Taylor+High+Top
234,Coffee Maker Drip - Variant 2261,Kitchen,4019,"12-cup programmable coffee maker, built-in grinder, thermal carafe",59,4.5,https://www.amazon.in/s?k=Drip+Coffee+Maker
235,Hiking Boots Merrell - Variant 1982,Shoes,11045,"Waterproof leather, Vibram outsole, air cushion heel, ankle support",23,4.6,https://www.amazon.in/s?k=Merrell+Hiking+Boots+Waterproof
236,Creatine Monohydrate - Variant 6402,Health,2575,"Micronized creatine, 5g per serving, unflavored, 60 servings, lab tested",117,4.7,https://www.amazon.in/s?k=Creatine+Monohydrate+Micronized
237,Jump Rope Speed - Variant 6033,Sports,1639,"Adjustable steel cable, ball bearing handles, suitable for all fitness levels",213,4.3,https://www.amazon.in/s?k=Speed+Jump+Rope+Adjustable
238,Backpack Osprey 40L - Variant 8783,Accessories,11402,"40L travel pack, TSA-friendly, laptop sleeve, rain cover included",20,5.0,https://www.amazon.in/s?k=Osprey+40L+Backpack
239,Mechanical Keyboard RGB - Variant 2538,Electronics,6009,"TKL layout, Cherry MX switches, per-key RGB lighting, USB-C",28,4.2,https://www.amazon.in/s?k=Mechanical+Keyboard+RGB
240,Levi's 501 Jeans - Variant 5045,Clothing,4933,"Classic straight fit jeans, durable denim, available in multiple washes",80,4.6,https://www.amazon.in/s?k=Levis+501+Jeans
241,Yoga Mat Premium - Variant 7031,Sports,3103,"Non-slip 6mm thick mat, eco-friendly TPE material, includes carry strap",98,4.2,https://www.amazon.in/s?k=Premium+Yoga+Mat
242,Harry Potter Box Set - Variant 9537,Books,5609,"Complete 7-book hardcover collection, illustrated edition",25,4.8,https://www.amazon.in/s?k=Harry+Potter+Box+Set+Hardcover
243,Sunscreen SPF 50 EltaMD - Variant 4701,Beauty,3267,"Broad spectrum UV protection, oil-free, dermatologist recommended, 3oz",84,4.7,https://www.amazon.in/s?k=EltaMD+Sunscreen+SPF+50
244,Face Wash CeraVe - Variant 4490,Beauty,1472,"Hydrating cleanser with ceramides and hyaluronic acid, 16oz, all skin types",222,4.7,https://www.amazon.in/s?k=CeraVe+Hydrating+Face+Wash
245,Coffee Maker Drip - Variant 9950,Kitchen,3337,"12-cup programmable coffee maker, built-in grinder, thermal carafe",47,4.3,https://www.amazon.in/s?k=Drip+Coffee+Maker
246,Air Fryer Ninja 6qt - Variant 7824,Kitchen,10533,"6-quart capacity, 4-in-1 functionality, up to 75% less fat, dishwasher safe",66,4.5,https://www.amazon.in/s?k=Ninja+Air+Fryer+6qt
247,Jump Rope Speed - Variant 2109,Sports,1478,"Adjustable steel cable, ball bearing handles, suitable for all fitness levels",189,4.2,https://www.amazon.in/s?k=Speed+Jump+Rope+Adjustable
248,Jump Rope Speed - Variant 3998,Sports,1396,"Adjustable steel cable, ball bearing handles, suitable for all fitness levels",145,4.6,https://www.amazon.in/s?k=Speed+Jump+Rope+Adjustable
249,Instant Pot Duo 7-in-1 - Variant 3265,Kitchen,8561,"Pressure cooker, slow cooker, rice cooker, steamer, saute, yogurt maker",56,4.4,https://www.amazon.in/s?k=Instant+Pot+Duo
250,Linen Shirt Uniqlo - Variant 1756,Clothing,2779,"100% linen, breathable summer fabric, relaxed fit, 8 color options",180,4.4,https://www.amazon.in/s?k=Linen+Shirt+Men+Uniqlo
251,Leather Wallet Slim - Variant 1606,Accessories,2413,"Genuine leather, RFID blocking, 8 card slots, minimalist design",179,4.6,https://www.amazon.in/s?k=Slim+Leather+Wallet+RFID
252,Kindle Paperwhite - Variant 2944,Electronics,13451,"6.8-inch display, adjustable warm light, waterproof, 3 months free Kindle Unlimited",35,4.6,https://www.amazon.in/s?k=Kindle+Paperwhite+2024
253,Running Shorts Nike - Variant 4340,Clothing,2443,"Dri-FIT fabric, 7-inch inseam, built-in brief, reflective details",115,4.2,https://www.amazon.in/s?k=Nike+Running+Shorts+DriFIT
254,Retinol Night Cream - Variant 9535,Beauty,2711,"0.5% retinol with peptides, reduces fine lines, fragrance-free, 50ml",108,4.2,https://www.amazon.in/s?k=Retinol+Night+Cream+0.5+percent
255,Luggage Samsonite 28inch - Variant 6628,Accessories,17622,"Hardside spinner, TSA lock, expandable, lightweight polycarbonate shell",28,4.8,https://www.amazon.in/s?k=Samsonite+28+inch+Hardside+Luggage
256,Wireless Mouse Logitech - Variant 1484,Electronics,3577,"MX Master 3, ergonomic design, 4000 DPI, multi-device support",54,4.9,https://www.amazon.in/s?k=Logitech+MX+Master+3
257,Levi's Denim Jacket - Variant 3717,Clothing,7563,"Classic trucker jacket, 100% cotton denim, multiple color options",68,4.3,https://www.amazon.in/s?k=Levis+Denim+Jacket+Trucker
258,Linen Shirt Uniqlo - Variant 5725,Clothing,3376,"100% linen, breathable summer fabric, relaxed fit, 8 color options",114,4.6,https://www.amazon.in/s?k=Linen+Shirt+Men+Uniqlo
259,Kindle Paperwhite - Variant 4766,Electronics,10896,"6.8-inch display, adjustable warm light, waterproof, 3 months free Kindle Unlimited",84,5.0,https://www.amazon.in/s?k=Kindle+Paperwhite+2024
260,New Balance 990v6 - Variant 1974,Shoes,18369,"Made in USA, premium suede and mesh upper, ENCAP midsole technology",21,4.9,https://www.amazon.in/s?k=New+Balance+990v6
261,Multivitamin Men's - Variant 6342,Health,2222,"23 essential vitamins and minerals, once daily, 90 tablets, no artificial colors",145,4.2,https://www.amazon.in/s?k=Mens+Multivitamin+Daily
262,Levi's Denim Jacket - Variant 3516,Clothing,7835,"Classic trucker jacket, 100% cotton denim, multiple color options",52,4.5,https://www.amazon.in/s?k=Levis+Denim+Jacket+Trucker
263,Samsung 4K Smart TV 55inch - Variant 5189,Electronics,58951,"Crystal UHD display, built-in Alexa, HDR10+, 3 HDMI ports",21,4.3,https://www.amazon.in/s?k=Samsung+4K+Smart+TV+55inch
264,Sony WH-1000XM5 - Variant 1865,Electronics,34275,"Industry-leading noise cancellation, 30hr battery, multipoint connection",14,4.8,https://www.amazon.in/s?k=Sony+WH-1000XM5
265,Retinol Night Cream - Variant 5279,Beauty,3255,"0.5% retinol with peptides, reduces fine lines, fragrance-free, 50ml",88,4.5,https://www.amazon.in/s?k=Retinol+Night+Cream+0.5+percent
266,Multivitamin Men's - Variant 3100,Health,1885,"23 essential vitamins and minerals, once daily, 90 tablets, no artificial colors",87,4.4,https://www.amazon.in/s?k=Mens+Multivitamin+Daily
267,Levi's Denim Jacket - Variant 6041,Clothing,7399,"Classic trucker jacket, 100% cotton denim, multiple color options",66,4.6,https://www.amazon.in/s?k=Levis+Denim+Jacket+Trucker
268,Levi's Denim Jacket - Variant 5563,Clothing,7554,"Classic trucker jacket, 100% cotton denim, multiple color options",78,4.2,https://www.amazon.in/s?k=Levis+Denim+Jacket+Trucker
269,Yoga Mat Premium - Variant 2035,Sports,2753,"Non-slip 6mm thick mat, eco-friendly TPE material, includes carry strap",97,4.6,https://www.amazon.in/s?k=Premium+Yoga+Mat
270,Jump Rope Speed - Variant 2415,Sports,1582,"Adjustable steel cable, ball bearing handles, suitable for all fitness levels",160,4.4,https://www.amazon.in/s?k=Speed+Jump+Rope+Adjustable
271,Stand Mixer KitchenAid - Variant 3730,Kitchen,30552,"5-quart bowl, 10 speeds, 59 attachments compatible, tilt-head design",6,4.9,https://www.amazon.in/s?k=KitchenAid+Stand+Mixer+5qt
272,New Balance 990v6 - Variant 2379,Shoes,17036,"Made in USA, premium suede and mesh upper, ENCAP midsole technology",29,4.8,https://www.amazon.in/s?k=New+Balance+990v6
273,Backpack Osprey 40L - Variant 2192,Accessories,10957,"40L travel pack, TSA-friendly, laptop sleeve, rain cover included",21,4.5,https://www.amazon.in/s?k=Osprey+40L+Backpack
274,iPad Air 11inch - Variant 6245,Electronics,56054,"M2 chip, 11-inch Liquid Retina display, Apple Pencil Pro support, 256GB",20,4.8,https://www.amazon.in/s?k=iPad+Air+M2+11inch
275,Protein Powder Whey - Variant 5894,Health,3668,"25g protein per serving, chocolate flavor, 5lb bag, no artificial colors",25,4.7,https://www.amazon.in/s?k=Whey+Protein+Powder+Chocolate
276,iPad Air 11inch - Variant 4468,Electronics,54937,"M2 chip, 11-inch Liquid Retina display, Apple Pencil Pro support, 256GB",23,5.0,https://www.amazon.in/s?k=iPad+Air+M2+11inch
277,New Balance 990v6 - Variant 2690,Shoes,17576,"Made in USA, premium suede and mesh upper, ENCAP midsole technology",48,4.7,https://www.amazon.in/s?k=New+Balance+990v6
278,Levi's Denim Jacket - Variant 8009,Clothing,6060,"Classic trucker jacket, 100% cotton denim, multiple color options",108,4.1,https://www.amazon.in/s?k=Levis+Denim+Jacket+Trucker
279,Linen Shirt Uniqlo - Variant 1947,Clothing,2949,"100% linen, breathable summer fabric, relaxed fit, 8 color options",192,4.3,https://www.amazon.in/s?k=Linen+Shirt+Men+Uniqlo
280,Dumbbell Set Adjustable - Variant 5833,Sports,9976,"5-52.5 lbs per dumbbell, replaces 15 sets, fast adjust dial system",22,4.7,https://www.amazon.in/s?k=Adjustable+Dumbbell+Set
281,Hoodie Champion Reverse Weave - Variant 4058,Clothing,5623,"Heavyweight fleece, reverse weave construction, kangaroo pocket",123,4.8,https://www.amazon.in/s?k=Champion+Reverse+Weave+Hoodie
282,Omega-3 Fish Oil - Variant 9642,Health,1494,"1200mg EPA+DHA per serving, enteric coated, 90 softgels, no fishy aftertaste",249,4.6,https://www.amazon.in/s?k=Omega+3+Fish+Oil+1200mg
283,Samsung 4K Smart TV 55inch - Variant 9075,Electronics,61976,"Crystal UHD display, built-in Alexa, HDR10+, 3 HDMI ports",12,4.4,https://www.amazon.in/s?k=Samsung+4K+Smart+TV+55inch
284,Jump Rope Speed - Variant 5401,Sports,1404,"Adjustable steel cable, ball bearing handles, suitable for all fitness levels",197,4.3,https://www.amazon.in/s?k=Speed+Jump+Rope+Adjustable
285,Atomic Habits Workbook - Variant 8857,Books,1181,Companion workbook to Atomic Habits with exercises and habit trackers,118,4.6,https://www.amazon.in/s?k=Atomic+Habits+Workbook
286,Webcam Logitech 4K - Variant 1174,Electronics,10626,"4K Ultra HD, auto-focus, built-in mic, works with Zoom and Teams",37,4.7,https://www.amazon.in/s?k=Logitech+4K+Webcam
287,Retinol Night Cream - Variant 1877,Beauty,2918,"0.5% retinol with peptides, reduces fine lines, fragrance-free, 50ml",67,4.2,https://www.amazon.in/s?k=Retinol+Night+Cream+0.5+percent
288,Sunglasses Polarized - Variant 9031,Accessories,2217,"UV400 protection, polarized lenses, lightweight frame, unisex design",96,4.2,https://www.amazon.in/s?k=Polarized+Sunglasses+UV400
289,Omega-3 Fish Oil - Variant 5496,Health,1874,"1200mg EPA+DHA per serving, enteric coated, 90 softgels, no fishy aftertaste",170,4.7,https://www.amazon.in/s?k=Omega+3+Fish+Oil+1200mg
290,Rich Dad Poor Dad - Variant 2969,Books,1284,"Robert Kiyosaki's personal finance classic, updated 25th anniversary edition",298,4.4,https://www.amazon.in/s?k=Rich+Dad+Poor+Dad+Kiyosaki
291,Levi's 501 Jeans - Variant 6106,Clothing,5839,"Classic straight fit jeans, durable denim, available in multiple washes",178,4.6,https://www.amazon.in/s?k=Levis+501+Jeans
292,Coffee Maker Drip - Variant 7178,Kitchen,4930,"12-cup programmable coffee maker, built-in grinder, thermal carafe",71,4.5,https://www.amazon.in/s?k=Drip+Coffee+Maker
293,Adidas Ultraboost 22 - Variant 7178,Shoes,12939,"Responsive Boost midsole, Primeknit upper, Continental rubber outsole",78,4.6,https://www.amazon.in/s?k=Adidas+Ultraboost+22
294,Levi's Denim Jacket - Variant 1889,Clothing,8601,"Classic trucker jacket, 100% cotton denim, multiple color options",88,4.4,https://www.amazon.in/s?k=Levis+Denim+Jacket+Trucker
295,Rich Dad Poor Dad - Variant 7252,Books,879,"Robert Kiyosaki's personal finance classic, updated 25th anniversary edition",348,4.9,https://www.amazon.in/s?k=Rich+Dad+Poor+Dad+Kiyosaki
296,Harry Potter Box Set - Variant 4627,Books,6946,"Complete 7-book hardcover collection, illustrated edition",22,4.9,https://www.amazon.in/s?k=Harry+Potter+Box+Set+Hardcover
297,Vitamin C Serum - Variant 9643,Beauty,1961,"20% Vitamin C with hyaluronic acid, brightens skin, reduces dark spots",121,4.0,https://www.amazon.in/s?k=Vitamin+C+Serum+20+percent
298,Sony WH-1000XM5 - Variant 9756,Electronics,30000,"Industry-leading noise cancellation, 30hr battery, multipoint connection",26,4.7,https://www.amazon.in/s?k=Sony+WH-1000XM5
299,Rich Dad Poor Dad - Variant 1683,Books,1000,"Robert Kiyosaki's personal finance classic, updated 25th anniversary edition",128,4.6,https://www.amazon.in/s?k=Rich+Dad+Poor+Dad+Kiyosaki
300,Nike Air Max 270 - Variant 2012,Shoes,10841,"Lightweight running shoe with Air Max cushioning, great for daily use",29,4.3,https://www.amazon.in/s?k=Nike+Air+Max+270
301,Face Wash CeraVe - Variant 5886,Beauty,1497,"Hydrating cleanser with ceramides and hyaluronic acid, 16oz, all skin types",255,5.0,https://www.amazon.in/s?k=CeraVe+Hydrating+Face+Wash
302,Harry Potter Box Set - Variant 1460,Books,7024,"Complete 7-book hardcover collection, illustrated edition",51,4.8,https://www.amazon.in/s?k=Harry+Potter+Box+Set+Hardcover
303,New Balance 990v6 - Variant 7848,Shoes,16929,"Made in USA, premium suede and mesh upper, ENCAP midsole technology",39,4.6,https://www.amazon.in/s?k=New+Balance+990v6
304,Wireless Mouse Logitech - Variant 1715,Electronics,3263,"MX Master 3, ergonomic design, 4000 DPI, multi-device support",37,4.6,https://www.amazon.in/s?k=Logitech+MX+Master+3
305,Hoodie Champion Reverse Weave - Variant 1631,Clothing,5808,"Heavyweight fleece, reverse weave construction, kangaroo pocket",108,4.5,https://www.amazon.in/s?k=Champion+Reverse+Weave+Hoodie
306,Harry Potter Box Set - Variant 8888,Books,7516,"Complete 7-book hardcover collection, illustrated edition",26,5.0,https://www.amazon.in/s?k=Harry+Potter+Box+Set+Hardcover
307,Linen Shirt Uniqlo - Variant 1394,Clothing,2648,"100% linen, breathable summer fabric, relaxed fit, 8 color options",165,4.5,https://www.amazon.in/s?k=Linen+Shirt+Men+Uniqlo
308,Multivitamin Men's - Variant 2690,Health,1894,"23 essential vitamins and minerals, once daily, 90 tablets, no artificial colors",71,4.5,https://www.amazon.in/s?k=Mens+Multivitamin+Daily
309,The Alchemist Book - Variant 9972,Books,1123,Paulo Coelho's masterpiece about following your dreams and personal legend,116,4.9,https://www.amazon.in/s?k=The+Alchemist+Paulo+Coelho
310,Yoga Mat Premium - Variant 2690,Sports,2926,"Non-slip 6mm thick mat, eco-friendly TPE material, includes carry strap",125,4.6,https://www.amazon.in/s?k=Premium+Yoga+Mat
311,Jump Rope Speed - Variant 4880,Sports,1874,"Adjustable steel cable, ball bearing handles, suitable for all fitness levels",227,4.3,https://www.amazon.in/s?k=Speed+Jump+Rope+Adjustable
312,Dumbbell Set Adjustable - Variant 3945,Sports,13558,"5-52.5 lbs per dumbbell, replaces 15 sets, fast adjust dial system",42,4.5,https://www.amazon.in/s?k=Adjustable+Dumbbell+Set
313,Resistance Bands Set - Variant 5160,Sports,1873,"5 resistance levels, latex-free, includes door anchor and carry bag",111,4.5,https://www.amazon.in/s?k=Resistance+Bands+Set+5+levels
314,Levi's Denim Jacket - Variant 2809,Clothing,8685,"Classic trucker jacket, 100% cotton denim, multiple color options",62,4.4,https://www.amazon.in/s?k=Levis+Denim+Jacket+Trucker
315,Nike Air Max 270 - Variant 4474,Shoes,11467,"Lightweight running shoe with Air Max cushioning, great for daily use",74,4.4,https://www.amazon.in/s?k=Nike+Air+Max+270
316,Atomic Habits Book - Variant 1736,Books,1800,James Clear's guide to building good habits and breaking bad ones,273,4.7,https://www.amazon.in/s?k=Atomic+Habits+James+Clear
317,Hiking Boots Merrell - Variant 8064,Shoes,9680,"Waterproof leather, Vibram outsole, air cushion heel, ankle support",24,4.6,https://www.amazon.in/s?k=Merrell+Hiking+Boots+Waterproof
318,The Alchemist Book - Variant 3636,Books,1149,Paulo Coelho's masterpiece about following your dreams and personal legend,202,5.0,https://www.amazon.in/s?k=The+Alchemist+Paulo+Coelho
319,Linen Shirt Uniqlo - Variant 4763,Clothing,3381,"100% linen, breathable summer fabric, relaxed fit, 8 color options",113,4.1,https://www.amazon.in/s?k=Linen+Shirt+Men+Uniqlo
320,Converse Chuck Taylor - Variant 1009,Shoes,4784,"Classic canvas high-top, rubber sole, available in 20+ colors",108,4.3,https://www.amazon.in/s?k=Converse+Chuck+Taylor+High+Top
321,Atomic Habits Book - Variant 1886,Books,1499,James Clear's guide to building good habits and breaking bad ones,202,4.7,https://www.amazon.in/s?k=Atomic+Habits+James+Clear
322,Nike Air Max 270 - Variant 6217,Shoes,12721,"Lightweight running shoe with Air Max cushioning, great for daily use",49,4.7,https://www.amazon.in/s?k=Nike+Air+Max+270
323,Jump Rope Speed - Variant 8703,Sports,1469,"Adjustable steel cable, ball bearing handles, suitable for all fitness levels",144,4.6,https://www.amazon.in/s?k=Speed+Jump+Rope+Adjustable
324,Adidas Ultraboost 22 - Variant 5433,Shoes,14379,"Responsive Boost midsole, Primeknit upper, Continental rubber outsole",89,4.8,https://www.amazon.in/s?k=Adidas+Ultraboost+22
325,Kindle Paperwhite - Variant 3405,Electronics,11503,"6.8-inch display, adjustable warm light, waterproof, 3 months free Kindle Unlimited",90,4.5,https://www.amazon.in/s?k=Kindle+Paperwhite+2024
326,Nike Air Max 270 - Variant 4304,Shoes,10707,"Lightweight running shoe with Air Max cushioning, great for daily use",44,4.3,https://www.amazon.in/s?k=Nike+Air+Max+270
327,Rich Dad Poor Dad - Variant 2459,Books,942,"Robert Kiyosaki's personal finance classic, updated 25th anniversary edition",258,4.6,https://www.amazon.in/s?k=Rich+Dad+Poor+Dad+Kiyosaki
328,Yoga Mat Premium - Variant 5774,Sports,2770,"Non-slip 6mm thick mat, eco-friendly TPE material, includes carry strap",91,4.2,https://www.amazon.in/s?k=Premium+Yoga+Mat
329,Resistance Bands Set - Variant 1494,Sports,1740,"5 resistance levels, latex-free, includes door anchor and carry bag",193,4.3,https://www.amazon.in/s?k=Resistance+Bands+Set+5+levels
330,Creatine Monohydrate - Variant 6407,Health,2147,"Micronized creatine, 5g per serving, unflavored, 60 servings, lab tested",113,4.7,https://www.amazon.in/s?k=Creatine+Monohydrate+Micronized
331,Dell 27inch Monitor - Variant 5401,Electronics,31983,"IPS panel, 165Hz refresh rate, 1ms response time, USB-C, FreeSync",12,4.9,https://www.amazon.in/s?k=Dell+27+inch+165Hz+Monitor
332,Protein Powder Whey - Variant 1023,Health,3655,"25g protein per serving, chocolate flavor, 5lb bag, no artificial colors",41,4.5,https://www.amazon.in/s?k=Whey+Protein+Powder+Chocolate
333,Yoga Mat Premium - Variant 7389,Sports,2604,"Non-slip 6mm thick mat, eco-friendly TPE material, includes carry strap",133,4.5,https://www.amazon.in/s?k=Premium+Yoga+Mat
334,Leather Wallet Slim - Variant 1870,Accessories,1772,"Genuine leather, RFID blocking, 8 card slots, minimalist design",88,4.3,https://www.amazon.in/s?k=Slim+Leather+Wallet+RFID
335,Harry Potter Box Set - Variant 4604,Books,6058,"Complete 7-book hardcover collection, illustrated edition",50,4.8,https://www.amazon.in/s?k=Harry+Potter+Box+Set+Hardcover
336,iPad Air 11inch - Variant 2697,Electronics,41983,"M2 chip, 11-inch Liquid Retina display, Apple Pencil Pro support, 256GB",25,4.8,https://www.amazon.in/s?k=iPad+Air+M2+11inch
337,Sunscreen SPF 50 EltaMD - Variant 6081,Beauty,2766,"Broad spectrum UV protection, oil-free, dermatologist recommended, 3oz",68,4.8,https://www.amazon.in/s?k=EltaMD+Sunscreen+SPF+50
338,Kindle Paperwhite - Variant 2687,Electronics,10724,"6.8-inch display, adjustable warm light, waterproof, 3 months free Kindle Unlimited",85,5.0,https://www.amazon.in/s?k=Kindle+Paperwhite+2024
339,Instant Pot Duo 7-in-1 - Variant 4142,Kitchen,8828,"Pressure cooker, slow cooker, rice cooker, steamer, saute, yogurt maker",115,4.8,https://www.amazon.in/s?k=Instant+Pot+Duo
340,Stand Mixer KitchenAid - Variant 8585,Kitchen,30527,"5-quart bowl, 10 speeds, 59 attachments compatible, tilt-head design",6,5.0,https://www.amazon.in/s?k=KitchenAid+Stand+Mixer+5qt
341,Harry Potter Box Set - Variant 6814,Books,6646,"Complete 7-book hardcover collection, illustrated edition",38,4.7,https://www.amazon.in/s?k=Harry+Potter+Box+Set+Hardcover
342,Dumbbell Set Adjustable - Variant 5124,Sports,11998,"5-52.5 lbs per dumbbell, replaces 15 sets, fast adjust dial system",30,4.9,https://www.amazon.in/s?k=Adjustable+Dumbbell+Set
343,iPad Air 11inch - Variant 4317,Electronics,56428,"M2 chip, 11-inch Liquid Retina display, Apple Pencil Pro support, 256GB",19,4.7,https://www.amazon.in/s?k=iPad+Air+M2+11inch
344,Rich Dad Poor Dad - Variant 8188,Books,999,"Robert Kiyosaki's personal finance classic, updated 25th anniversary edition",312,4.5,https://www.amazon.in/s?k=Rich+Dad+Poor+Dad+Kiyosaki
345,Dumbbell Set Adjustable - Variant 2432,Sports,12867,"5-52.5 lbs per dumbbell, replaces 15 sets, fast adjust dial system",21,5.0,https://www.amazon.in/s?k=Adjustable+Dumbbell+Set
346,Converse Chuck Taylor - Variant 7952,Shoes,4702,"Classic canvas high-top, rubber sole, available in 20+ colors",153,4.2,https://www.amazon.in/s?k=Converse+Chuck+Taylor+High+Top
347,Hiking Boots Merrell - Variant 1966,Shoes,12949,"Waterproof leather, Vibram outsole, air cushion heel, ankle support",27,4.8,https://www.amazon.in/s?k=Merrell+Hiking+Boots+Waterproof
348,Resistance Bands Set - Variant 4595,Sports,1833,"5 resistance levels, latex-free, includes door anchor and carry bag",119,4.3,https://www.amazon.in/s?k=Resistance+Bands+Set+5+levels
349,Rich Dad Poor Dad - Variant 2268,Books,1260,"Robert Kiyosaki's personal finance classic, updated 25th anniversary edition",311,4.9,https://www.amazon.in/s?k=Rich+Dad+Poor+Dad+Kiyosaki
350,Sunglasses Polarized - Variant 1954,Accessories,2349,"UV400 protection, polarized lenses, lightweight frame, unisex design",156,4.2,https://www.amazon.in/s?k=Polarized+Sunglasses+UV400
351,Rich Dad Poor Dad - Variant 5748,Books,1137,"Robert Kiyosaki's personal finance classic, updated 25th anniversary edition",370,4.5,https://www.amazon.in/s?k=Rich+Dad+Poor+Dad+Kiyosaki
352,Linen Shirt Uniqlo - Variant 6841,Clothing,3447,"100% linen, breathable summer fabric, relaxed fit, 8 color options",181,4.5,https://www.amazon.in/s?k=Linen+Shirt+Men+Uniqlo
353,Protein Powder Whey - Variant 9846,Health,4177,"25g protein per serving, chocolate flavor, 5lb bag, no artificial colors",23,4.4,https://www.amazon.in/s?k=Whey+Protein+Powder+Chocolate
354,Jump Rope Speed - Variant 8789,Sports,1335,"Adjustable steel cable, ball bearing handles, suitable for all fitness levels",170,4.7,https://www.amazon.in/s?k=Speed+Jump+Rope+Adjustable
355,Atomic Habits Book - Variant 3607,Books,1476,James Clear's guide to building good habits and breaking bad ones,414,4.7,https://www.amazon.in/s?k=Atomic+Habits+James+Clear
356,Harry Potter Box Set - Variant 3774,Books,5881,"Complete 7-book hardcover collection, illustrated edition",26,4.8,https://www.amazon.in/s?k=Harry+Potter+Box+Set+Hardcover
357,Webcam Logitech 4K - Variant 4704,Electronics,10014,"4K Ultra HD, auto-focus, built-in mic, works with Zoom and Teams",67,4.6,https://www.amazon.in/s?k=Logitech+4K+Webcam
358,Rich Dad Poor Dad - Variant 6945,Books,1284,"Robert Kiyosaki's personal finance classic, updated 25th anniversary edition",238,4.7,https://www.amazon.in/s?k=Rich+Dad+Poor+Dad+Kiyosaki
359,Wireless Mouse Logitech - Variant 1821,Electronics,3553,"MX Master 3, ergonomic design, 4000 DPI, multi-device support",47,4.6,https://www.amazon.in/s?k=Logitech+MX+Master+3
360,Resistance Bands Set - Variant 6243,Sports,1552,"5 resistance levels, latex-free, includes door anchor and carry bag",109,4.3,https://www.amazon.in/s?k=Resistance+Bands+Set+5+levels
361,Converse Chuck Taylor - Variant 5623,Shoes,6260,"Classic canvas high-top, rubber sole, available in 20+ colors",121,4.5,https://www.amazon.in/s?k=Converse+Chuck+Taylor+High+Top
362,Blender Vitamix A2500 - Variant 1208,Kitchen,35877,"Variable speed control, 3 program settings, self-cleaning, 64oz container",18,4.8,https://www.amazon.in/s?k=Vitamix+A2500+Blender
363,Adidas Ultraboost 22 - Variant 9369,Shoes,14726,"Responsive Boost midsole, Primeknit upper, Continental rubber outsole",80,4.6,https://www.amazon.in/s?k=Adidas+Ultraboost+22
364,Yoga Mat Premium - Variant 2635,Sports,2810,"Non-slip 6mm thick mat, eco-friendly TPE material, includes carry strap",70,4.4,https://www.amazon.in/s?k=Premium+Yoga+Mat
365,Atomic Habits Workbook - Variant 9599,Books,1299,Companion workbook to Atomic Habits with exercises and habit trackers,138,4.5,https://www.amazon.in/s?k=Atomic+Habits+Workbook
366,Vitamin C Serum - Variant 6862,Beauty,2350,"20% Vitamin C with hyaluronic acid, brightens skin, reduces dark spots",191,4.3,https://www.amazon.in/s?k=Vitamin+C+Serum+20+percent
367,Luggage Samsonite 28inch - Variant 1333,Accessories,18512,"Hardside spinner, TSA lock, expandable, lightweight polycarbonate shell",36,4.5,https://www.amazon.in/s?k=Samsonite+28+inch+Hardside+Luggage
368,Harry Potter Box Set - Variant 5994,Books,5634,"Complete 7-book hardcover collection, illustrated edition",38,5.0,https://www.amazon.in/s?k=Harry+Potter+Box+Set+Hardcover
369,Harry Potter Box Set - Variant 6228,Books,6996,"Complete 7-book hardcover collection, illustrated edition",21,5.0,https://www.amazon.in/s?k=Harry+Potter+Box+Set+Hardcover
370,Sunglasses Polarized - Variant 7517,Accessories,2391,"UV400 protection, polarized lenses, lightweight frame, unisex design",107,4.3,https://www.amazon.in/s?k=Polarized+Sunglasses+UV400
371,New Balance 990v6 - Variant 6523,Shoes,13596,"Made in USA, premium suede and mesh upper, ENCAP midsole technology",36,4.6,https://www.amazon.in/s?k=New+Balance+990v6
372,Creatine Monohydrate - Variant 5238,Health,2060,"Micronized creatine, 5g per serving, unflavored, 60 servings, lab tested",95,4.4,https://www.amazon.in/s?k=Creatine+Monohydrate+Micronized
373,Protein Powder Whey - Variant 2821,Health,5004,"25g protein per serving, chocolate flavor, 5lb bag, no artificial colors",26,4.3,https://www.amazon.in/s?k=Whey+Protein+Powder+Chocolate
374,Hiking Boots Merrell - Variant 7244,Shoes,13175,"Waterproof leather, Vibram outsole, air cushion heel, ankle support",30,4.5,https://www.amazon.in/s?k=Merrell+Hiking+Boots+Waterproof
375,Levi's 501 Jeans - Variant 3004,Clothing,5469,"Classic straight fit jeans, durable denim, available in multiple washes",88,4.4,https://www.amazon.in/s?k=Levis+501+Jeans
376,Blender Vitamix A2500 - Variant 3147,Kitchen,35708,"Variable speed control, 3 program settings, self-cleaning, 64oz container",31,4.9,https://www.amazon.in/s?k=Vitamix+A2500+Blender
377,Linen Shirt Uniqlo - Variant 1167,Clothing,3292,"100% linen, breathable summer fabric, relaxed fit, 8 color options",158,4.1,https://www.amazon.in/s?k=Linen+Shirt+Men+Uniqlo
378,Omega-3 Fish Oil - Variant 8379,Health,1686,"1200mg EPA+DHA per serving, enteric coated, 90 softgels, no fishy aftertaste",223,4.3,https://www.amazon.in/s?k=Omega+3+Fish+Oil+1200mg
379,Harry Potter Box Set - Variant 5320,Books,7268,"Complete 7-book hardcover collection, illustrated edition",32,4.7,https://www.amazon.in/s?k=Harry+Potter+Box+Set+Hardcover
380,New Balance 990v6 - Variant 5280,Shoes,12314,"Made in USA, premium suede and mesh upper, ENCAP midsole technology",38,4.9,https://www.amazon.in/s?k=New+Balance+990v6
381,Dell 27inch Monitor - Variant 9745,Electronics,23876,"IPS panel, 165Hz refresh rate, 1ms response time, USB-C, FreeSync",17,4.9,https://www.amazon.in/s?k=Dell+27+inch+165Hz+Monitor
382,Retinol Night Cream - Variant 1045,Beauty,2679,"0.5% retinol with peptides, reduces fine lines, fragrance-free, 50ml",111,4.3,https://www.amazon.in/s?k=Retinol+Night+Cream+0.5+percent
383,Converse Chuck Taylor - Variant 4082,Shoes,4925,"Classic canvas high-top, rubber sole, available in 20+ colors",148,4.7,https://www.amazon.in/s?k=Converse+Chuck+Taylor+High+Top
384,Leather Wallet Slim - Variant 8304,Accessories,2361,"Genuine leather, RFID blocking, 8 card slots, minimalist design",74,4.3,https://www.amazon.in/s?k=Slim+Leather+Wallet+RFID
385,Face Wash CeraVe - Variant 2411,Beauty,1199,"Hydrating cleanser with ceramides and hyaluronic acid, 16oz, all skin types",119,4.5,https://www.amazon.in/s?k=CeraVe+Hydrating+Face+Wash
386,Apple AirPods Pro - Variant 6400,Electronics,22340,"Active noise cancellation, transparency mode, spatial audio, wireless charging",30,4.5,https://www.amazon.in/s?k=Apple+AirPods+Pro
387,Sunscreen SPF 50 EltaMD - Variant 1349,Beauty,3277,"Broad spectrum UV protection, oil-free, dermatologist recommended, 3oz",103,4.6,https://www.amazon.in/s?k=EltaMD+Sunscreen+SPF+50
388,Protein Powder Whey - Variant 4946,Health,4233,"25g protein per serving, chocolate flavor, 5lb bag, no artificial colors",41,4.5,https://www.amazon.in/s?k=Whey+Protein+Powder+Chocolate
389,Dell 27inch Monitor - Variant 4348,Electronics,27922,"IPS panel, 165Hz refresh rate, 1ms response time, USB-C, FreeSync",12,4.9,https://www.amazon.in/s?k=Dell+27+inch+165Hz+Monitor
390,Backpack Osprey 40L - Variant 6928,Accessories,15728,"40L travel pack, TSA-friendly, laptop sleeve, rain cover included",43,4.5,https://www.amazon.in/s?k=Osprey+40L+Backpack
391,Jump Rope Speed - Variant 4022,Sports,1865,"Adjustable steel cable, ball bearing handles, suitable for all fitness levels",100,4.6,https://www.amazon.in/s?k=Speed+Jump+Rope+Adjustable
392,Atomic Habits Workbook - Variant 2535,Books,1284,Companion workbook to Atomic Habits with exercises and habit trackers,107,4.6,https://www.amazon.in/s?k=Atomic+Habits+Workbook
393,Backpack Osprey 40L - Variant 8816,Accessories,12678,"40L travel pack, TSA-friendly, laptop sleeve, rain cover included",46,4.6,https://www.amazon.in/s?k=Osprey+40L+Backpack
394,Multivitamin Men's - Variant 2879,Health,2351,"23 essential vitamins and minerals, once daily, 90 tablets, no artificial colors",87,4.7,https://www.amazon.in/s?k=Mens+Multivitamin+Daily
395,Stand Mixer KitchenAid - Variant 2229,Kitchen,33779,"5-quart bowl, 10 speeds, 59 attachments compatible, tilt-head design",15,4.9,https://www.amazon.in/s?k=KitchenAid+Stand+Mixer+5qt
396,New Balance 990v6 - Variant 9137,Shoes,12764,"Made in USA, premium suede and mesh upper, ENCAP midsole technology",46,4.5,https://www.amazon.in/s?k=New+Balance+990v6
397,Leather Wallet Slim - Variant 4548,Accessories,2490,"Genuine leather, RFID blocking, 8 card slots, minimalist design",71,4.2,https://www.amazon.in/s?k=Slim+Leather+Wallet+RFID
398,Stand Mixer KitchenAid - Variant 9446,Kitchen,29420,"5-quart bowl, 10 speeds, 59 attachments compatible, tilt-head design",16,4.7,https://www.amazon.in/s?k=KitchenAid+Stand+Mixer+5qt
399,Levi's Denim Jacket - Variant 8825,Clothing,7039,"Classic trucker jacket, 100% cotton denim, multiple color options",47,4.3,https://www.amazon.in/s?k=Levis+Denim+Jacket+Trucker
400,Sony WH-1000XM5 - Variant 9786,Electronics,30976,"Industry-leading noise cancellation, 30hr battery, multipoint connection",23,5.0,https://www.amazon.in/s?k=Sony+WH-1000XM5
401,Dumbbell Set Adjustable - Variant 5651,Sports,10724,"5-52.5 lbs per dumbbell, replaces 15 sets, fast adjust dial system",29,4.7,https://www.amazon.in/s?k=Adjustable+Dumbbell+Set
402,Resistance Bands Set - Variant 7839,Sports,1936,"5 resistance levels, latex-free, includes door anchor and carry bag",109,4.4,https://www.amazon.in/s?k=Resistance+Bands+Set+5+levels
403,Multivitamin Men's - Variant 4492,Health,1915,"23 essential vitamins and minerals, once daily, 90 tablets, no artificial colors",104,4.2,https://www.amazon.in/s?k=Mens+Multivitamin+Daily
404,Apple AirPods Pro - Variant 3209,Electronics,18602,"Active noise cancellation, transparency mode, spatial audio, wireless charging",22,4.7,https://www.amazon.in/s?k=Apple+AirPods+Pro
405,Leather Wallet Slim - Variant 3454,Accessories,2078,"Genuine leather, RFID blocking, 8 card slots, minimalist design",123,4.2,https://www.amazon.in/s?k=Slim+Leather+Wallet+RFID
406,Stand Mixer KitchenAid - Variant 2422,Kitchen,37547,"5-quart bowl, 10 speeds, 59 attachments compatible, tilt-head design",16,5.0,https://www.amazon.in/s?k=KitchenAid+Stand+Mixer+5qt
407,New Balance 990v6 - Variant 9204,Shoes,12358,"Made in USA, premium suede and mesh upper, ENCAP midsole technology",46,4.6,https://www.amazon.in/s?k=New+Balance+990v6
408,Rich Dad Poor Dad - Variant 9882,Books,1044,"Robert Kiyosaki's personal finance classic, updated 25th anniversary edition",190,4.8,https://www.amazon.in/s?k=Rich+Dad+Poor+Dad+Kiyosaki
409,iPad Air 11inch - Variant 7607,Electronics,48163,"M2 chip, 11-inch Liquid Retina display, Apple Pencil Pro support, 256GB",23,4.6,https://www.amazon.in/s?k=iPad+Air+M2+11inch
410,Creatine Monohydrate - Variant 6533,Health,2389,"Micronized creatine, 5g per serving, unflavored, 60 servings, lab tested",69,4.7,https://www.amazon.in/s?k=Creatine+Monohydrate+Micronized
411,Hiking Boots Merrell - Variant 6574,Shoes,11058,"Waterproof leather, Vibram outsole, air cushion heel, ankle support",26,4.5,https://www.amazon.in/s?k=Merrell+Hiking+Boots+Waterproof
412,Air Fryer Ninja 6qt - Variant 6531,Kitchen,9099,"6-quart capacity, 4-in-1 functionality, up to 75% less fat, dishwasher safe",76,4.7,https://www.amazon.in/s?k=Ninja+Air+Fryer+6qt
413,Face Wash CeraVe - Variant 6032,Beauty,1393,"Hydrating cleanser with ceramides and hyaluronic acid, 16oz, all skin types",115,4.8,https://www.amazon.in/s?k=CeraVe+Hydrating+Face+Wash
414,Stand Mixer KitchenAid - Variant 1600,Kitchen,37220,"5-quart bowl, 10 speeds, 59 attachments compatible, tilt-head design",16,4.7,https://www.amazon.in/s?k=KitchenAid+Stand+Mixer+5qt
415,Hiking Boots Merrell - Variant 5074,Shoes,11006,"Waterproof leather, Vibram outsole, air cushion heel, ankle support",27,5.0,https://www.amazon.in/s?k=Merrell+Hiking+Boots+Waterproof
416,Hoodie Champion Reverse Weave - Variant 9382,Clothing,5286,"Heavyweight fleece, reverse weave construction, kangaroo pocket",45,4.8,https://www.amazon.in/s?k=Champion+Reverse+Weave+Hoodie
417,iPad Air 11inch - Variant 5143,Electronics,46891,"M2 chip, 11-inch Liquid Retina display, Apple Pencil Pro support, 256GB",14,4.9,https://www.amazon.in/s?k=iPad+Air+M2+11inch
418,Vitamin C Serum - Variant 8886,Beauty,2328,"20% Vitamin C with hyaluronic acid, brightens skin, reduces dark spots",171,4.3,https://www.amazon.in/s?k=Vitamin+C+Serum+20+percent
419,Yoga Mat Premium - Variant 5918,Sports,2977,"Non-slip 6mm thick mat, eco-friendly TPE material, includes carry strap",108,4.4,https://www.amazon.in/s?k=Premium+Yoga+Mat
420,Coffee Maker Drip - Variant 7276,Kitchen,3733,"12-cup programmable coffee maker, built-in grinder, thermal carafe",38,4.2,https://www.amazon.in/s?k=Drip+Coffee+Maker
421,Levi's Denim Jacket - Variant 2497,Clothing,6492,"Classic trucker jacket, 100% cotton denim, multiple color options",47,4.5,https://www.amazon.in/s?k=Levis+Denim+Jacket+Trucker
422,New Balance 990v6 - Variant 7118,Shoes,17401,"Made in USA, premium suede and mesh upper, ENCAP midsole technology",47,4.9,https://www.amazon.in/s?k=New+Balance+990v6
423,Resistance Bands Set - Variant 1873,Sports,1808,"5 resistance levels, latex-free, includes door anchor and carry bag",136,4.6,https://www.amazon.in/s?k=Resistance+Bands+Set+5+levels
424,Sunglasses Polarized - Variant 3772,Accessories,2775,"UV400 protection, polarized lenses, lightweight frame, unisex design",73,4.2,https://www.amazon.in/s?k=Polarized+Sunglasses+UV400
425,Rich Dad Poor Dad - Variant 9375,Books,1106,"Robert Kiyosaki's personal finance classic, updated 25th anniversary edition",307,4.6,https://www.amazon.in/s?k=Rich+Dad+Poor+Dad+Kiyosaki
426,Hoodie Champion Reverse Weave - Variant 9974,Clothing,4809,"Heavyweight fleece, reverse weave construction, kangaroo pocket",113,4.4,https://www.amazon.in/s?k=Champion+Reverse+Weave+Hoodie
427,Nike Air Max 270 - Variant 8157,Shoes,9922,"Lightweight running shoe with Air Max cushioning, great for daily use",73,4.6,https://www.amazon.in/s?k=Nike+Air+Max+270
428,Atomic Habits Workbook - Variant 9069,Books,1612,Companion workbook to Atomic Habits with exercises and habit trackers,85,4.4,https://www.amazon.in/s?k=Atomic+Habits+Workbook
429,Samsung 4K Smart TV 55inch - Variant 4146,Electronics,63109,"Crystal UHD display, built-in Alexa, HDR10+, 3 HDMI ports",11,4.4,https://www.amazon.in/s?k=Samsung+4K+Smart+TV+55inch
430,Levi's Denim Jacket - Variant 6384,Clothing,7876,"Classic trucker jacket, 100% cotton denim, multiple color options",50,4.5,https://www.amazon.in/s?k=Levis+Denim+Jacket+Trucker
431,Levi's 501 Jeans - Variant 8519,Clothing,5068,"Classic straight fit jeans, durable denim, available in multiple washes",152,4.4,https://www.amazon.in/s?k=Levis+501+Jeans
432,Atomic Habits Book - Variant 9992,Books,1319,James Clear's guide to building good habits and breaking bad ones,306,5.0,https://www.amazon.in/s?k=Atomic+Habits+James+Clear
433,iPad Air 11inch - Variant 3268,Electronics,44844,"M2 chip, 11-inch Liquid Retina display, Apple Pencil Pro support, 256GB",28,4.9,https://www.amazon.in/s?k=iPad+Air+M2+11inch
434,Atomic Habits Workbook - Variant 6200,Books,1253,Companion workbook to Atomic Habits with exercises and habit trackers,77,4.7,https://www.amazon.in/s?k=Atomic+Habits+Workbook
435,Dell 27inch Monitor - Variant 2597,Electronics,23470,"IPS panel, 165Hz refresh rate, 1ms response time, USB-C, FreeSync",20,4.7,https://www.amazon.in/s?k=Dell+27+inch+165Hz+Monitor
436,Hoodie Champion Reverse Weave - Variant 4295,Clothing,5538,"Heavyweight fleece, reverse weave construction, kangaroo pocket",73,4.4,https://www.amazon.in/s?k=Champion+Reverse+Weave+Hoodie
437,The Alchemist Book - Variant 8842,Books,1387,Paulo Coelho's masterpiece about following your dreams and personal legend,296,5.0,https://www.amazon.in/s?k=The+Alchemist+Paulo+Coelho
438,Converse Chuck Taylor - Variant 1003,Shoes,5116,"Classic canvas high-top, rubber sole, available in 20+ colors",169,4.3,https://www.amazon.in/s?k=Converse+Chuck+Taylor+High+Top
439,Dell 27inch Monitor - Variant 7892,Electronics,30369,"IPS panel, 165Hz refresh rate, 1ms response time, USB-C, FreeSync",22,4.8,https://www.amazon.in/s?k=Dell+27+inch+165Hz+Monitor
440,Backpack Osprey 40L - Variant 6186,Accessories,12024,"40L travel pack, TSA-friendly, laptop sleeve, rain cover included",20,4.8,https://www.amazon.in/s?k=Osprey+40L+Backpack
441,Resistance Bands Set - Variant 6794,Sports,1996,"5 resistance levels, latex-free, includes door anchor and carry bag",101,4.5,https://www.amazon.in/s?k=Resistance+Bands+Set+5+levels
442,Creatine Monohydrate - Variant 8833,Health,2714,"Micronized creatine, 5g per serving, unflavored, 60 servings, lab tested",89,4.6,https://www.amazon.in/s?k=Creatine+Monohydrate+Micronized
443,Harry Potter Box Set - Variant 2545,Books,7832,"Complete 7-book hardcover collection, illustrated edition",47,4.9,https://www.amazon.in/s?k=Harry+Potter+Box+Set+Hardcover
444,Dell 27inch Monitor - Variant 5458,Electronics,24797,"IPS panel, 165Hz refresh rate, 1ms response time, USB-C, FreeSync",21,5.0,https://www.amazon.in/s?k=Dell+27+inch+165Hz+Monitor
445,Mechanical Keyboard RGB - Variant 2553,Electronics,7218,"TKL layout, Cherry MX switches, per-key RGB lighting, USB-C",30,4.4,https://www.amazon.in/s?k=Mechanical+Keyboard+RGB
446,Dell 27inch Monitor - Variant 1918,Electronics,26625,"IPS panel, 165Hz refresh rate, 1ms response time, USB-C, FreeSync",16,4.6,https://www.amazon.in/s?k=Dell+27+inch+165Hz+Monitor
447,Wireless Mouse Logitech - Variant 1003,Electronics,3909,"MX Master 3, ergonomic design, 4000 DPI, multi-device support",82,4.8,https://www.amazon.in/s?k=Logitech+MX+Master+3
448,Linen Shirt Uniqlo - Variant 7021,Clothing,3754,"100% linen, breathable summer fabric, relaxed fit, 8 color options",186,4.2,https://www.amazon.in/s?k=Linen+Shirt+Men+Uniqlo
449,Coffee Maker Drip - Variant 1365,Kitchen,4234,"12-cup programmable coffee maker, built-in grinder, thermal carafe",46,4.4,https://www.amazon.in/s?k=Drip+Coffee+Maker
450,Nike Air Max 270 - Variant 9341,Shoes,12946,"Lightweight running shoe with Air Max cushioning, great for daily use",27,4.7,https://www.amazon.in/s?k=Nike+Air+Max+270
451,Face Wash CeraVe - Variant 9795,Beauty,1058,"Hydrating cleanser with ceramides and hyaluronic acid, 16oz, all skin types",211,4.5,https://www.amazon.in/s?k=CeraVe+Hydrating+Face+Wash
452,Jump Rope Speed - Variant 9354,Sports,1786,"Adjustable steel cable, ball bearing handles, suitable for all fitness levels",138,4.6,https://www.amazon.in/s?k=Speed+Jump+Rope+Adjustable
453,Sunglasses Polarized - Variant 2649,Accessories,2148,"UV400 protection, polarized lenses, lightweight frame, unisex design",98,4.1,https://www.amazon.in/s?k=Polarized+Sunglasses+UV400
454,Multivitamin Men's - Variant 8795,Health,1933,"23 essential vitamins and minerals, once daily, 90 tablets, no artificial colors",141,4.7,https://www.amazon.in/s?k=Mens+Multivitamin+Daily
455,Leather Wallet Slim - Variant 2146,Accessories,1891,"Genuine leather, RFID blocking, 8 card slots, minimalist design",141,4.2,https://www.amazon.in/s?k=Slim+Leather+Wallet+RFID
456,Rich Dad Poor Dad - Variant 4774,Books,1257,"Robert Kiyosaki's personal finance classic, updated 25th anniversary edition",229,4.6,https://www.amazon.in/s?k=Rich+Dad+Poor+Dad+Kiyosaki
457,Hiking Boots Merrell - Variant 2711,Shoes,12603,"Waterproof leather, Vibram outsole, air cushion heel, ankle support",44,4.7,https://www.amazon.in/s?k=Merrell+Hiking+Boots+Waterproof
458,Instant Pot Duo 7-in-1 - Variant 9824,Kitchen,6715,"Pressure cooker, slow cooker, rice cooker, steamer, saute, yogurt maker",116,4.9,https://www.amazon.in/s?k=Instant+Pot+Duo
459,Face Wash CeraVe - Variant 9154,Beauty,1122,"Hydrating cleanser with ceramides and hyaluronic acid, 16oz, all skin types",326,4.7,https://www.amazon.in/s?k=CeraVe+Hydrating+Face+Wash
460,Kindle Paperwhite - Variant 1231,Electronics,12843,"6.8-inch display, adjustable warm light, waterproof, 3 months free Kindle Unlimited",33,4.8,https://www.amazon.in/s?k=Kindle+Paperwhite+2024
461,Kindle Paperwhite - Variant 5850,Electronics,12617,"6.8-inch display, adjustable warm light, waterproof, 3 months free Kindle Unlimited",59,4.7,https://www.amazon.in/s?k=Kindle+Paperwhite+2024
462,Dumbbell Set Adjustable - Variant 8879,Sports,14714,"5-52.5 lbs per dumbbell, replaces 15 sets, fast adjust dial system",30,4.9,https://www.amazon.in/s?k=Adjustable+Dumbbell+Set
463,Nike Air Max 270 - Variant 8119,Shoes,8827,"Lightweight running shoe with Air Max cushioning, great for daily use",28,4.2,https://www.amazon.in/s?k=Nike+Air+Max+270
464,Adidas Ultraboost 22 - Variant 6457,Shoes,16200,"Responsive Boost midsole, Primeknit upper, Continental rubber outsole",67,4.3,https://www.amazon.in/s?k=Adidas+Ultraboost+22
465,Samsung 4K Smart TV 55inch - Variant 1841,Electronics,50982,"Crystal UHD display, built-in Alexa, HDR10+, 3 HDMI ports",12,4.7,https://www.amazon.in/s?k=Samsung+4K+Smart+TV+55inch
466,Nike Air Max 270 - Variant 6279,Shoes,12756,"Lightweight running shoe with Air Max cushioning, great for daily use",46,4.3,https://www.amazon.in/s?k=Nike+Air+Max+270
467,Face Wash CeraVe - Variant 3331,Beauty,1292,"Hydrating cleanser with ceramides and hyaluronic acid, 16oz, all skin types",290,4.7,https://www.amazon.in/s?k=CeraVe+Hydrating+Face+Wash
468,Creatine Monohydrate - Variant 3753,Health,2288,"Micronized creatine, 5g per serving, unflavored, 60 servings, lab tested",69,4.8,https://www.amazon.in/s?k=Creatine+Monohydrate+Micronized
469,Kindle Paperwhite - Variant 9298,Electronics,11112,"6.8-inch display, adjustable warm light, waterproof, 3 months free Kindle Unlimited",82,4.9,https://www.amazon.in/s?k=Kindle+Paperwhite+2024
470,Luggage Samsonite 28inch - Variant 4624,Accessories,19495,"Hardside spinner, TSA lock, expandable, lightweight polycarbonate shell",28,4.6,https://www.amazon.in/s?k=Samsonite+28+inch+Hardside+Luggage
471,Mechanical Keyboard RGB - Variant 6621,Electronics,7485,"TKL layout, Cherry MX switches, per-key RGB lighting, USB-C",58,4.4,https://www.amazon.in/s?k=Mechanical+Keyboard+RGB
472,Kindle Paperwhite - Variant 3358,Electronics,12337,"6.8-inch display, adjustable warm light, waterproof, 3 months free Kindle Unlimited",76,4.8,https://www.amazon.in/s?k=Kindle+Paperwhite+2024
473,Mechanical Keyboard RGB - Variant 1890,Electronics,6675,"TKL layout, Cherry MX switches, per-key RGB lighting, USB-C",35,4.7,https://www.amazon.in/s?k=Mechanical+Keyboard+RGB
474,Sunglasses Polarized - Variant 9866,Accessories,2102,"UV400 protection, polarized lenses, lightweight frame, unisex design",68,4.3,https://www.amazon.in/s?k=Polarized+Sunglasses+UV400
475,Instant Pot Duo 7-in-1 - Variant 8450,Kitchen,8354,"Pressure cooker, slow cooker, rice cooker, steamer, saute, yogurt maker",98,4.6,https://www.amazon.in/s?k=Instant+Pot+Duo
476,Coffee Maker Drip - Variant 2721,Kitchen,4345,"12-cup programmable coffee maker, built-in grinder, thermal carafe",61,4.1,https://www.amazon.in/s?k=Drip+Coffee+Maker
477,Stand Mixer KitchenAid - Variant 7168,Kitchen,36161,"5-quart bowl, 10 speeds, 59 attachments compatible, tilt-head design",8,4.8,https://www.amazon.in/s?k=KitchenAid+Stand+Mixer+5qt
478,Air Fryer Ninja 6qt - Variant 1151,Kitchen,10626,"6-quart capacity, 4-in-1 functionality, up to 75% less fat, dishwasher safe",59,4.7,https://www.amazon.in/s?k=Ninja+Air+Fryer+6qt
479,Yoga Mat Premium - Variant 6344,Sports,2715,"Non-slip 6mm thick mat, eco-friendly TPE material, includes carry strap",133,4.6,https://www.amazon.in/s?k=Premium+Yoga+Mat
480,Blender Vitamix A2500 - Variant 2194,Kitchen,34397,"Variable speed control, 3 program settings, self-cleaning, 64oz container",27,5.0,https://www.amazon.in/s?k=Vitamix+A2500+Blender
481,Luggage Samsonite 28inch - Variant 7548,Accessories,18494,"Hardside spinner, TSA lock, expandable, lightweight polycarbonate shell",33,4.7,https://www.amazon.in/s?k=Samsonite+28+inch+Hardside+Luggage
482,Converse Chuck Taylor - Variant 9209,Shoes,4580,"Classic canvas high-top, rubber sole, available in 20+ colors",150,4.3,https://www.amazon.in/s?k=Converse+Chuck+Taylor+High+Top
483,Converse Chuck Taylor - Variant 8892,Shoes,5615,"Classic canvas high-top, rubber sole, available in 20+ colors",134,4.4,https://www.amazon.in/s?k=Converse+Chuck+Taylor+High+Top
484,New Balance 990v6 - Variant 6900,Shoes,13896,"Made in USA, premium suede and mesh upper, ENCAP midsole technology",28,4.4,https://www.amazon.in/s?k=New+Balance+990v6
485,Linen Shirt Uniqlo - Variant 1675,Clothing,3397,"100% linen, breathable summer fabric, relaxed fit, 8 color options",195,4.2,https://www.amazon.in/s?k=Linen+Shirt+Men+Uniqlo
486,Air Fryer Ninja 6qt - Variant 8115,Kitchen,9748,"6-quart capacity, 4-in-1 functionality, up to 75% less fat, dishwasher safe",63,4.9,https://www.amazon.in/s?k=Ninja+Air+Fryer+6qt
487,Retinol Night Cream - Variant 4300,Beauty,3001,"0.5% retinol with peptides, reduces fine lines, fragrance-free, 50ml",107,4.1,https://www.amazon.in/s?k=Retinol+Night+Cream+0.5+percent
488,Creatine Monohydrate - Variant 4414,Health,2858,"Micronized creatine, 5g per serving, unflavored, 60 servings, lab tested",88,4.3,https://www.amazon.in/s?k=Creatine+Monohydrate+Micronized
489,Rich Dad Poor Dad - Variant 8310,Books,983,"Robert Kiyosaki's personal finance classic, updated 25th anniversary edition",179,4.8,https://www.amazon.in/s?k=Rich+Dad+Poor+Dad+Kiyosaki
490,Dell 27inch Monitor - Variant 9147,Electronics,28648,"IPS panel, 165Hz refresh rate, 1ms response time, USB-C, FreeSync",26,4.8,https://www.amazon.in/s?k=Dell+27+inch+165Hz+Monitor
491,Running Shorts Nike - Variant 6160,Clothing,2531,"Dri-FIT fabric, 7-inch inseam, built-in brief, reflective details",52,4.6,https://www.amazon.in/s?k=Nike+Running+Shorts+DriFIT
492,Retinol Night Cream - Variant 6650,Beauty,2309,"0.5% retinol with peptides, reduces fine lines, fragrance-free, 50ml",121,4.1,https://www.amazon.in/s?k=Retinol+Night+Cream+0.5+percent
493,Blender Vitamix A2500 - Variant 6106,Kitchen,37844,"Variable speed control, 3 program settings, self-cleaning, 64oz container",15,5.0,https://www.amazon.in/s?k=Vitamix+A2500+Blender
494,Air Fryer Ninja 6qt - Variant 7355,Kitchen,11563,"6-quart capacity, 4-in-1 functionality, up to 75% less fat, dishwasher safe",62,4.7,https://www.amazon.in/s?k=Ninja+Air+Fryer+6qt
495,iPad Air 11inch - Variant 7143,Electronics,53971,"M2 chip, 11-inch Liquid Retina display, Apple Pencil Pro support, 256GB",27,4.7,https://www.amazon.in/s?k=iPad+Air+M2+11inch
496,Luggage Samsonite 28inch - Variant 9134,Accessories,15399,"Hardside spinner, TSA lock, expandable, lightweight polycarbonate shell",31,4.4,https://www.amazon.in/s?k=Samsonite+28+inch+Hardside+Luggage
497,Sunscreen SPF 50 EltaMD - Variant 5500,Beauty,2849,"Broad spectrum UV protection, oil-free, dermatologist recommended, 3oz",66,4.7,https://www.amazon.in/s?k=EltaMD+Sunscreen+SPF+50
498,Hiking Boots Merrell - Variant 4357,Shoes,13733,"Waterproof leather, Vibram outsole, air cushion heel, ankle support",25,4.9,https://www.amazon.in/s?k=Merrell+Hiking+Boots+Waterproof
499,Atomic Habits Book - Variant 8734,Books,1431,James Clear's guide to building good habits and breaking bad ones,339,4.8,https://www.amazon.in/s?k=Atomic+Habits+James+Clear
500,Levi's Denim Jacket - Variant 7821,Clothing,7001,"Classic trucker jacket, 100% cotton denim, multiple color options",47,4.4,https://www.amazon.in/s?k=Levis+Denim+Jacket+Trucker
501,Mechanical Keyboard RGB - Variant 1632,Electronics,5628,"TKL layout, Cherry MX switches, per-key RGB lighting, USB-C",45,4.6,https://www.amazon.in/s?k=Mechanical+Keyboard+RGB
502,Running Shorts Nike - Variant 2603,Clothing,3291,"Dri-FIT fabric, 7-inch inseam, built-in brief, reflective details",106,4.4,https://www.amazon.in/s?k=Nike+Running+Shorts+DriFIT
503,Air Fryer Ninja 6qt - Variant 7002,Kitchen,9790,"6-quart capacity, 4-in-1 functionality, up to 75% less fat, dishwasher safe",77,4.9,https://www.amazon.in/s?k=Ninja+Air+Fryer+6qt
504,Leather Wallet Slim - Variant 6083,Accessories,2209,"Genuine leather, RFID blocking, 8 card slots, minimalist design",95,4.2,https://www.amazon.in/s?k=Slim+Leather+Wallet+RFID
505,Multivitamin Men's - Variant 3574,Health,2030,"23 essential vitamins and minerals, once daily, 90 tablets, no artificial colors",177,4.6,https://www.amazon.in/s?k=Mens+Multivitamin+Daily
506,Sony WH-1000XM5 - Variant 3483,Electronics,27783,"Industry-leading noise cancellation, 30hr battery, multipoint connection",21,5.0,https://www.amazon.in/s?k=Sony+WH-1000XM5
507,Sony WH-1000XM5 - Variant 9939,Electronics,33356,"Industry-leading noise cancellation, 30hr battery, multipoint connection",13,4.7,https://www.amazon.in/s?k=Sony+WH-1000XM5
508,Atomic Habits Workbook - Variant 5662,Books,1489,Companion workbook to Atomic Habits with exercises and habit trackers,105,4.6,https://www.amazon.in/s?k=Atomic+Habits+Workbook
509,Blender Vitamix A2500 - Variant 7221,Kitchen,34692,"Variable speed control, 3 program settings, self-cleaning, 64oz container",24,4.8,https://www.amazon.in/s?k=Vitamix+A2500+Blender
510,Sony WH-1000XM5 - Variant 5095,Electronics,32436,"Industry-leading noise cancellation, 30hr battery, multipoint connection",33,4.8,https://www.amazon.in/s?k=Sony+WH-1000XM5
511,Multivitamin Men's - Variant 9074,Health,2435,"23 essential vitamins and minerals, once daily, 90 tablets, no artificial colors",193,4.6,https://www.amazon.in/s?k=Mens+Multivitamin+Daily
512,Atomic Habits Workbook - Variant 7030,Books,1545,Companion workbook to Atomic Habits with exercises and habit trackers,131,4.5,https://www.amazon.in/s?k=Atomic+Habits+Workbook
513,Sony WH-1000XM5 - Variant 7672,Electronics,23504,"Industry-leading noise cancellation, 30hr battery, multipoint connection",28,4.8,https://www.amazon.in/s?k=Sony+WH-1000XM5
514,Wireless Mouse Logitech - Variant 5372,Electronics,2683,"MX Master 3, ergonomic design, 4000 DPI, multi-device support",71,4.5,https://www.amazon.in/s?k=Logitech+MX+Master+3
515,New Balance 990v6 - Variant 3914,Shoes,17340,"Made in USA, premium suede and mesh upper, ENCAP midsole technology",18,4.4,https://www.amazon.in/s?k=New+Balance+990v6
516,Adidas Ultraboost 22 - Variant 9109,Shoes,18471,"Responsive Boost midsole, Primeknit upper, Continental rubber outsole",73,4.9,https://www.amazon.in/s?k=Adidas+Ultraboost+22
517,Sunscreen SPF 50 EltaMD - Variant 8975,Beauty,3030,"Broad spectrum UV protection, oil-free, dermatologist recommended, 3oz",121,4.8,https://www.amazon.in/s?k=EltaMD+Sunscreen+SPF+50
518,Omega-3 Fish Oil - Variant 9129,Health,1504,"1200mg EPA+DHA per serving, enteric coated, 90 softgels, no fishy aftertaste",142,4.7,https://www.amazon.in/s?k=Omega+3+Fish+Oil+1200mg
519,Webcam Logitech 4K - Variant 1494,Electronics,10747,"4K Ultra HD, auto-focus, built-in mic, works with Zoom and Teams",70,4.6,https://www.amazon.in/s?k=Logitech+4K+Webcam
520,Rich Dad Poor Dad - Variant 9664,Books,1059,"Robert Kiyosaki's personal finance classic, updated 25th anniversary edition",185,4.6,https://www.amazon.in/s?k=Rich+Dad+Poor+Dad+Kiyosaki
521,Dell 27inch Monitor - Variant 4357,Electronics,30316,"IPS panel, 165Hz refresh rate, 1ms response time, USB-C, FreeSync",25,4.6,https://www.amazon.in/s?k=Dell+27+inch+165Hz+Monitor
522,Samsung 4K Smart TV 55inch - Variant 8715,Electronics,66856,"Crystal UHD display, built-in Alexa, HDR10+, 3 HDMI ports",9,4.8,https://www.amazon.in/s?k=Samsung+4K+Smart+TV+55inch
523,Multivitamin Men's - Variant 1250,Health,2255,"23 essential vitamins and minerals, once daily, 90 tablets, no artificial colors",83,4.5,https://www.amazon.in/s?k=Mens+Multivitamin+Daily
524,Kindle Paperwhite - Variant 2915,Electronics,12661,"6.8-inch display, adjustable warm light, waterproof, 3 months free Kindle Unlimited",77,4.4,https://www.amazon.in/s?k=Kindle+Paperwhite+2024
525,Samsung 4K Smart TV 55inch - Variant 5267,Electronics,47267,"Crystal UHD display, built-in Alexa, HDR10+, 3 HDMI ports",14,4.6,https://www.amazon.in/s?k=Samsung+4K+Smart+TV+55inch
526,Running Shorts Nike - Variant 5750,Clothing,2680,"Dri-FIT fabric, 7-inch inseam, built-in brief, reflective details",58,4.4,https://www.amazon.in/s?k=Nike+Running+Shorts+DriFIT
527,Apple AirPods Pro - Variant 3390,Electronics,18190,"Active noise cancellation, transparency mode, spatial audio, wireless charging",36,5.0,https://www.amazon.in/s?k=Apple+AirPods+Pro
528,Harry Potter Box Set - Variant 4356,Books,7824,"Complete 7-book hardcover collection, illustrated edition",21,4.6,https://www.amazon.in/s?k=Harry+Potter+Box+Set+Hardcover
529,Luggage Samsonite 28inch - Variant 8314,Accessories,16238,"Hardside spinner, TSA lock, expandable, lightweight polycarbonate shell",37,4.6,https://www.amazon.in/s?k=Samsonite+28+inch+Hardside+Luggage
530,Leather Wallet Slim - Variant 8466,Accessories,1900,"Genuine leather, RFID blocking, 8 card slots, minimalist design",193,4.7,https://www.amazon.in/s?k=Slim+Leather+Wallet+RFID
531,Luggage Samsonite 28inch - Variant 3872,Accessories,17457,"Hardside spinner, TSA lock, expandable, lightweight polycarbonate shell",35,4.3,https://www.amazon.in/s?k=Samsonite+28+inch+Hardside+Luggage
532,Running Shorts Nike - Variant 4953,Clothing,2908,"Dri-FIT fabric, 7-inch inseam, built-in brief, reflective details",72,4.2,https://www.amazon.in/s?k=Nike+Running+Shorts+DriFIT
533,Dell 27inch Monitor - Variant 8046,Electronics,27460,"IPS panel, 165Hz refresh rate, 1ms response time, USB-C, FreeSync",12,4.9,https://www.amazon.in/s?k=Dell+27+inch+165Hz+Monitor
534,Hoodie Champion Reverse Weave - Variant 2039,Clothing,4886,"Heavyweight fleece, reverse weave construction, kangaroo pocket",80,4.7,https://www.amazon.in/s?k=Champion+Reverse+Weave+Hoodie
535,Mechanical Keyboard RGB - Variant 3488,Electronics,7472,"TKL layout, Cherry MX switches, per-key RGB lighting, USB-C",33,4.6,https://www.amazon.in/s?k=Mechanical+Keyboard+RGB
536,Nike Air Max 270 - Variant 9052,Shoes,10626,"Lightweight running shoe with Air Max cushioning, great for daily use",33,4.3,https://www.amazon.in/s?k=Nike+Air+Max+270
537,Omega-3 Fish Oil - Variant 4947,Health,1455,"1200mg EPA+DHA per serving, enteric coated, 90 softgels, no fishy aftertaste",128,4.5,https://www.amazon.in/s?k=Omega+3+Fish+Oil+1200mg
538,Multivitamin Men's - Variant 4444,Health,2445,"23 essential vitamins and minerals, once daily, 90 tablets, no artificial colors",138,4.8,https://www.amazon.in/s?k=Mens+Multivitamin+Daily
539,Wireless Mouse Logitech - Variant 6721,Electronics,2864,"MX Master 3, ergonomic design, 4000 DPI, multi-device support",45,4.7,https://www.amazon.in/s?k=Logitech+MX+Master+3
540,Creatine Monohydrate - Variant 7327,Health,2289,"Micronized creatine, 5g per serving, unflavored, 60 servings, lab tested",51,4.4,https://www.amazon.in/s?k=Creatine+Monohydrate+Micronized
541,Sunglasses Polarized - Variant 6162,Accessories,2524,"UV400 protection, polarized lenses, lightweight frame, unisex design",86,4.4,https://www.amazon.in/s?k=Polarized+Sunglasses+UV400
542,Yoga Mat Premium - Variant 7215,Sports,3236,"Non-slip 6mm thick mat, eco-friendly TPE material, includes carry strap",62,4.5,https://www.amazon.in/s?k=Premium+Yoga+Mat
543,New Balance 990v6 - Variant 7948,Shoes,13825,"Made in USA, premium suede and mesh upper, ENCAP midsole technology",46,4.5,https://www.amazon.in/s?k=New+Balance+990v6
544,Running Shorts Nike - Variant 2056,Clothing,2322,"Dri-FIT fabric, 7-inch inseam, built-in brief, reflective details",139,4.6,https://www.amazon.in/s?k=Nike+Running+Shorts+DriFIT
545,Stand Mixer KitchenAid - Variant 7708,Kitchen,35958,"5-quart bowl, 10 speeds, 59 attachments compatible, tilt-head design",10,5.0,https://www.amazon.in/s?k=KitchenAid+Stand+Mixer+5qt
546,Yoga Mat Premium - Variant 5630,Sports,2917,"Non-slip 6mm thick mat, eco-friendly TPE material, includes carry strap",93,4.7,https://www.amazon.in/s?k=Premium+Yoga+Mat
547,Multivitamin Men's - Variant 4489,Health,2090,"23 essential vitamins and minerals, once daily, 90 tablets, no artificial colors",74,4.2,https://www.amazon.in/s?k=Mens+Multivitamin+Daily
548,Blender Vitamix A2500 - Variant 5760,Kitchen,34697,"Variable speed control, 3 program settings, self-cleaning, 64oz container",14,4.9,https://www.amazon.in/s?k=Vitamix+A2500+Blender
549,Levi's 501 Jeans - Variant 1058,Clothing,4970,"Classic straight fit jeans, durable denim, available in multiple washes",99,4.3,https://www.amazon.in/s?k=Levis+501+Jeans
550,Wireless Mouse Logitech - Variant 9839,Electronics,3599,"MX Master 3, ergonomic design, 4000 DPI, multi-device support",38,4.9,https://www.amazon.in/s?k=Logitech+MX+Master+3
551,Levi's Denim Jacket - Variant 3375,Clothing,7846,"Classic trucker jacket, 100% cotton denim, multiple color options",65,4.6,https://www.amazon.in/s?k=Levis+Denim+Jacket+Trucker
552,Wireless Mouse Logitech - Variant 7889,Electronics,3911,"MX Master 3, ergonomic design, 4000 DPI, multi-device support",90,4.8,https://www.amazon.in/s?k=Logitech+MX+Master+3
553,Linen Shirt Uniqlo - Variant 9630,Clothing,3469,"100% linen, breathable summer fabric, relaxed fit, 8 color options",202,4.2,https://www.amazon.in/s?k=Linen+Shirt+Men+Uniqlo
554,Wireless Mouse Logitech - Variant 3656,Electronics,2737,"MX Master 3, ergonomic design, 4000 DPI, multi-device support",71,4.6,https://www.amazon.in/s?k=Logitech+MX+Master+3
555,New Balance 990v6 - Variant 9430,Shoes,17416,"Made in USA, premium suede and mesh upper, ENCAP midsole technology",39,4.6,https://www.amazon.in/s?k=New+Balance+990v6
556,Harry Potter Box Set - Variant 7549,Books,7716,"Complete 7-book hardcover collection, illustrated edition",24,5.0,https://www.amazon.in/s?k=Harry+Potter+Box+Set+Hardcover
557,Atomic Habits Workbook - Variant 7678,Books,1652,Companion workbook to Atomic Habits with exercises and habit trackers,125,4.7,https://www.amazon.in/s?k=Atomic+Habits+Workbook
558,Levi's Denim Jacket - Variant 5146,Clothing,7962,"Classic trucker jacket, 100% cotton denim, multiple color options",54,4.4,https://www.amazon.in/s?k=Levis+Denim+Jacket+Trucker
559,Dell 27inch Monitor - Variant 4461,Electronics,24019,"IPS panel, 165Hz refresh rate, 1ms response time, USB-C, FreeSync",9,4.9,https://www.amazon.in/s?k=Dell+27+inch+165Hz+Monitor
560,Nike Air Max 270 - Variant 1447,Shoes,12651,"Lightweight running shoe with Air Max cushioning, great for daily use",51,4.4,https://www.amazon.in/s?k=Nike+Air+Max+270
561,Protein Powder Whey - Variant 5360,Health,4162,"25g protein per serving, chocolate flavor, 5lb bag, no artificial colors",37,4.4,https://www.amazon.in/s?k=Whey+Protein+Powder+Chocolate
562,Blender Vitamix A2500 - Variant 5047,Kitchen,44510,"Variable speed control, 3 program settings, self-cleaning, 64oz container",30,4.8,https://www.amazon.in/s?k=Vitamix+A2500+Blender
563,Creatine Monohydrate - Variant 5594,Health,2420,"Micronized creatine, 5g per serving, unflavored, 60 servings, lab tested",102,4.8,https://www.amazon.in/s?k=Creatine+Monohydrate+Micronized
564,Stand Mixer KitchenAid - Variant 9446,Kitchen,29295,"5-quart bowl, 10 speeds, 59 attachments compatible, tilt-head design",7,4.9,https://www.amazon.in/s?k=KitchenAid+Stand+Mixer+5qt
565,Resistance Bands Set - Variant 9182,Sports,1892,"5 resistance levels, latex-free, includes door anchor and carry bag",182,4.2,https://www.amazon.in/s?k=Resistance+Bands+Set+5+levels
566,Luggage Samsonite 28inch - Variant 1304,Accessories,17861,"Hardside spinner, TSA lock, expandable, lightweight polycarbonate shell",22,4.6,https://www.amazon.in/s?k=Samsonite+28+inch+Hardside+Luggage
567,Jump Rope Speed - Variant 2890,Sports,1770,"Adjustable steel cable, ball bearing handles, suitable for all fitness levels",160,4.6,https://www.amazon.in/s?k=Speed+Jump+Rope+Adjustable
568,Running Shorts Nike - Variant 7043,Clothing,2792,"Dri-FIT fabric, 7-inch inseam, built-in brief, reflective details",79,4.3,https://www.amazon.in/s?k=Nike+Running+Shorts+DriFIT
569,Protein Powder Whey - Variant 4488,Health,4294,"25g protein per serving, chocolate flavor, 5lb bag, no artificial colors",61,4.5,https://www.amazon.in/s?k=Whey+Protein+Powder+Chocolate
570,The Alchemist Book - Variant 1960,Books,1438,Paulo Coelho's masterpiece about following your dreams and personal legend,264,4.8,https://www.amazon.in/s?k=The+Alchemist+Paulo+Coelho
571,Atomic Habits Book - Variant 5235,Books,1273,James Clear's guide to building good habits and breaking bad ones,168,4.7,https://www.amazon.in/s?k=Atomic+Habits+James+Clear
572,Hoodie Champion Reverse Weave - Variant 7331,Clothing,5220,"Heavyweight fleece, reverse weave construction, kangaroo pocket",50,4.9,https://www.amazon.in/s?k=Champion+Reverse+Weave+Hoodie
573,Luggage Samsonite 28inch - Variant 6958,Accessories,17510,"Hardside spinner, TSA lock, expandable, lightweight polycarbonate shell",40,4.5,https://www.amazon.in/s?k=Samsonite+28+inch+Hardside+Luggage
574,Resistance Bands Set - Variant 9361,Sports,1936,"5 resistance levels, latex-free, includes door anchor and carry bag",78,4.4,https://www.amazon.in/s?k=Resistance+Bands+Set+5+levels
575,Apple AirPods Pro - Variant 5113,Electronics,24740,"Active noise cancellation, transparency mode, spatial audio, wireless charging",44,4.5,https://www.amazon.in/s?k=Apple+AirPods+Pro
576,Webcam Logitech 4K - Variant 8620,Electronics,13282,"4K Ultra HD, auto-focus, built-in mic, works with Zoom and Teams",27,4.5,https://www.amazon.in/s?k=Logitech+4K+Webcam
577,Coffee Maker Drip - Variant 3551,Kitchen,4378,"12-cup programmable coffee maker, built-in grinder, thermal carafe",30,4.2,https://www.amazon.in/s?k=Drip+Coffee+Maker
578,Webcam Logitech 4K - Variant 4991,Electronics,13665,"4K Ultra HD, auto-focus, built-in mic, works with Zoom and Teams",53,4.3,https://www.amazon.in/s?k=Logitech+4K+Webcam
579,Apple AirPods Pro - Variant 3378,Electronics,21531,"Active noise cancellation, transparency mode, spatial audio, wireless charging",20,4.6,https://www.amazon.in/s?k=Apple+AirPods+Pro
580,Kindle Paperwhite - Variant 2567,Electronics,11962,"6.8-inch display, adjustable warm light, waterproof, 3 months free Kindle Unlimited",58,4.9,https://www.amazon.in/s?k=Kindle+Paperwhite+2024
581,Vitamin C Serum - Variant 3316,Beauty,1781,"20% Vitamin C with hyaluronic acid, brightens skin, reduces dark spots",83,4.4,https://www.amazon.in/s?k=Vitamin+C+Serum+20+percent
582,Wireless Mouse Logitech - Variant 4065,Electronics,3771,"MX Master 3, ergonomic design, 4000 DPI, multi-device support",41,4.5,https://www.amazon.in/s?k=Logitech+MX+Master+3
583,Atomic Habits Workbook - Variant 8625,Books,1594,Companion workbook to Atomic Habits with exercises and habit trackers,121,4.8,https://www.amazon.in/s?k=Atomic+Habits+Workbook
584,Multivitamin Men's - Variant 8147,Health,2000,"23 essential vitamins and minerals, once daily, 90 tablets, no artificial colors",191,4.3,https://www.amazon.in/s?k=Mens+Multivitamin+Daily
585,Coffee Maker Drip - Variant 6612,Kitchen,4424,"12-cup programmable coffee maker, built-in grinder, thermal carafe",67,4.2,https://www.amazon.in/s?k=Drip+Coffee+Maker
586,Coffee Maker Drip - Variant 4342,Kitchen,4725,"12-cup programmable coffee maker, built-in grinder, thermal carafe",51,4.2,https://www.amazon.in/s?k=Drip+Coffee+Maker
587,Converse Chuck Taylor - Variant 9510,Shoes,5653,"Classic canvas high-top, rubber sole, available in 20+ colors",192,4.7,https://www.amazon.in/s?k=Converse+Chuck+Taylor+High+Top
588,iPad Air 11inch - Variant 5089,Electronics,45434,"M2 chip, 11-inch Liquid Retina display, Apple Pencil Pro support, 256GB",24,4.5,https://www.amazon.in/s?k=iPad+Air+M2+11inch
589,Leather Wallet Slim - Variant 1202,Accessories,1692,"Genuine leather, RFID blocking, 8 card slots, minimalist design",190,4.2,https://www.amazon.in/s?k=Slim+Leather+Wallet+RFID
590,Stand Mixer KitchenAid - Variant 4112,Kitchen,35908,"5-quart bowl, 10 speeds, 59 attachments compatible, tilt-head design",14,4.6,https://www.amazon.in/s?k=KitchenAid+Stand+Mixer+5qt
591,Levi's Denim Jacket - Variant 6583,Clothing,6001,"Classic trucker jacket, 100% cotton denim, multiple color options",99,4.4,https://www.amazon.in/s?k=Levis+Denim+Jacket+Trucker
592,Rich Dad Poor Dad - Variant 5943,Books,1117,"Robert Kiyosaki's personal finance classic, updated 25th anniversary edition",353,4.7,https://www.amazon.in/s?k=Rich+Dad+Poor+Dad+Kiyosaki
593,Kindle Paperwhite - Variant 2302,Electronics,13455,"6.8-inch display, adjustable warm light, waterproof, 3 months free Kindle Unlimited",64,4.9,https://www.amazon.in/s?k=Kindle+Paperwhite+2024
594,Instant Pot Duo 7-in-1 - Variant 9366,Kitchen,6726,"Pressure cooker, slow cooker, rice cooker, steamer, saute, yogurt maker",60,4.5,https://www.amazon.in/s?k=Instant+Pot+Duo
595,Levi's Denim Jacket - Variant 1447,Clothing,7035,"Classic trucker jacket, 100% cotton denim, multiple color options",41,4.6,https://www.amazon.in/s?k=Levis+Denim+Jacket+Trucker
596,Converse Chuck Taylor - Variant 6309,Shoes,6030,"Classic canvas high-top, rubber sole, available in 20+ colors",132,4.3,https://www.amazon.in/s?k=Converse+Chuck+Taylor+High+Top
597,Mechanical Keyboard RGB - Variant 8801,Electronics,6120,"TKL layout, Cherry MX switches, per-key RGB lighting, USB-C",38,4.4,https://www.amazon.in/s?k=Mechanical+Keyboard+RGB
598,iPad Air 11inch - Variant 8342,Electronics,45308,"M2 chip, 11-inch Liquid Retina display, Apple Pencil Pro support, 256GB",20,4.6,https://www.amazon.in/s?k=iPad+Air+M2+11inch
599,Sunglasses Polarized - Variant 8065,Accessories,2177,"UV400 protection, polarized lenses, lightweight frame, unisex design",136,4.3,https://www.amazon.in/s?k=Polarized+Sunglasses+UV400
600,Harry Potter Box Set - Variant 8733,Books,5414,"Complete 7-book hardcover collection, illustrated edition",17,4.7,https://www.amazon.in/s?k=Harry+Potter+Box+Set+Hardcover
601,Retinol Night Cream - Variant 2761,Beauty,3200,"0.5% retinol with peptides, reduces fine lines, fragrance-free, 50ml",109,4.5,https://www.amazon.in/s?k=Retinol+Night+Cream+0.5+percent
602,Leather Wallet Slim - Variant 7045,Accessories,1861,"Genuine leather, RFID blocking, 8 card slots, minimalist design",138,4.1,https://www.amazon.in/s?k=Slim+Leather+Wallet+RFID
603,Sunglasses Polarized - Variant 1969,Accessories,2518,"UV400 protection, polarized lenses, lightweight frame, unisex design",144,4.3,https://www.amazon.in/s?k=Polarized+Sunglasses+UV400
604,Luggage Samsonite 28inch - Variant 4716,Accessories,17930,"Hardside spinner, TSA lock, expandable, lightweight polycarbonate shell",39,4.7,https://www.amazon.in/s?k=Samsonite+28+inch+Hardside+Luggage
605,Harry Potter Box Set - Variant 8580,Books,6825,"Complete 7-book hardcover collection, illustrated edition",49,4.9,https://www.amazon.in/s?k=Harry+Potter+Box+Set+Hardcover
606,Vitamin C Serum - Variant 4654,Beauty,1750,"20% Vitamin C with hyaluronic acid, brightens skin, reduces dark spots",93,4.2,https://www.amazon.in/s?k=Vitamin+C+Serum+20+percent
607,Sony WH-1000XM5 - Variant 9901,Electronics,23319,"Industry-leading noise cancellation, 30hr battery, multipoint connection",13,4.7,https://www.amazon.in/s?k=Sony+WH-1000XM5
608,Rich Dad Poor Dad - Variant 1481,Books,1022,"Robert Kiyosaki's personal finance classic, updated 25th anniversary edition",306,4.4,https://www.amazon.in/s?k=Rich+Dad+Poor+Dad+Kiyosaki
609,iPad Air 11inch - Variant 8880,Electronics,43530,"M2 chip, 11-inch Liquid Retina display, Apple Pencil Pro support, 256GB",29,4.7,https://www.amazon.in/s?k=iPad+Air+M2+11inch
610,Harry Potter Box Set - Variant 5688,Books,7558,"Complete 7-book hardcover collection, illustrated edition",20,4.9,https://www.amazon.in/s?k=Harry+Potter+Box+Set+Hardcover
611,Webcam Logitech 4K - Variant 7113,Electronics,11780,"4K Ultra HD, auto-focus, built-in mic, works with Zoom and Teams",52,4.3,https://www.amazon.in/s?k=Logitech+4K+Webcam
612,Converse Chuck Taylor - Variant 7176,Shoes,5234,"Classic canvas high-top, rubber sole, available in 20+ colors",119,4.4,https://www.amazon.in/s?k=Converse+Chuck+Taylor+High+Top
613,Air Fryer Ninja 6qt - Variant 4887,Kitchen,11265,"6-quart capacity, 4-in-1 functionality, up to 75% less fat, dishwasher safe",43,5.0,https://www.amazon.in/s?k=Ninja+Air+Fryer+6qt
614,Levi's 501 Jeans - Variant 9560,Clothing,5385,"Classic straight fit jeans, durable denim, available in multiple washes",160,4.4,https://www.amazon.in/s?k=Levis+501+Jeans
615,Running Shorts Nike - Variant 5638,Clothing,2644,"Dri-FIT fabric, 7-inch inseam, built-in brief, reflective details",111,4.3,https://www.amazon.in/s?k=Nike+Running+Shorts+DriFIT
616,Jump Rope Speed - Variant 6592,Sports,1475,"Adjustable steel cable, ball bearing handles, suitable for all fitness levels",166,4.2,https://www.amazon.in/s?k=Speed+Jump+Rope+Adjustable
617,Blender Vitamix A2500 - Variant 6091,Kitchen,34976,"Variable speed control, 3 program settings, self-cleaning, 64oz container",12,5.0,https://www.amazon.in/s?k=Vitamix+A2500+Blender
618,Atomic Habits Book - Variant 3257,Books,1890,James Clear's guide to building good habits and breaking bad ones,392,4.9,https://www.amazon.in/s?k=Atomic+Habits+James+Clear
619,Coffee Maker Drip - Variant 4307,Kitchen,4682,"12-cup programmable coffee maker, built-in grinder, thermal carafe",44,4.4,https://www.amazon.in/s?k=Drip+Coffee+Maker
620,iPad Air 11inch - Variant 2104,Electronics,56743,"M2 chip, 11-inch Liquid Retina display, Apple Pencil Pro support, 256GB",12,4.9,https://www.amazon.in/s?k=iPad+Air+M2+11inch
621,Dell 27inch Monitor - Variant 8963,Electronics,22493,"IPS panel, 165Hz refresh rate, 1ms response time, USB-C, FreeSync",20,5.0,https://www.amazon.in/s?k=Dell+27+inch+165Hz+Monitor
622,Sony WH-1000XM5 - Variant 4256,Electronics,25714,"Industry-leading noise cancellation, 30hr battery, multipoint connection",19,4.9,https://www.amazon.in/s?k=Sony+WH-1000XM5
623,Backpack Osprey 40L - Variant 3706,Accessories,10960,"40L travel pack, TSA-friendly, laptop sleeve, rain cover included",21,4.9,https://www.amazon.in/s?k=Osprey+40L+Backpack
624,Dumbbell Set Adjustable - Variant 2396,Sports,12182,"5-52.5 lbs per dumbbell, replaces 15 sets, fast adjust dial system",34,4.7,https://www.amazon.in/s?k=Adjustable+Dumbbell+Set
625,Atomic Habits Book - Variant 1110,Books,1813,James Clear's guide to building good habits and breaking bad ones,169,5.0,https://www.amazon.in/s?k=Atomic+Habits+James+Clear
626,Sony WH-1000XM5 - Variant 7729,Electronics,27509,"Industry-leading noise cancellation, 30hr battery, multipoint connection",29,5.0,https://www.amazon.in/s?k=Sony+WH-1000XM5
627,Dumbbell Set Adjustable - Variant 8505,Sports,10357,"5-52.5 lbs per dumbbell, replaces 15 sets, fast adjust dial system",16,5.0,https://www.amazon.in/s?k=Adjustable+Dumbbell+Set
628,Protein Powder Whey - Variant 7685,Health,4263,"25g protein per serving, chocolate flavor, 5lb bag, no artificial colors",57,4.6,https://www.amazon.in/s?k=Whey+Protein+Powder+Chocolate
629,Levi's 501 Jeans - Variant 2247,Clothing,5322,"Classic straight fit jeans, durable denim, available in multiple washes",151,4.5,https://www.amazon.in/s?k=Levis+501+Jeans
630,Samsung 4K Smart TV 55inch - Variant 5141,Electronics,57153,"Crystal UHD display, built-in Alexa, HDR10+, 3 HDMI ports",10,4.7,https://www.amazon.in/s?k=Samsung+4K+Smart+TV+55inch
631,iPad Air 11inch - Variant 7206,Electronics,49121,"M2 chip, 11-inch Liquid Retina display, Apple Pencil Pro support, 256GB",20,4.5,https://www.amazon.in/s?k=iPad+Air+M2+11inch
632,Levi's 501 Jeans - Variant 7115,Clothing,4147,"Classic straight fit jeans, durable denim, available in multiple washes",140,4.3,https://www.amazon.in/s?k=Levis+501+Jeans
633,Dell 27inch Monitor - Variant 4592,Electronics,30489,"IPS panel, 165Hz refresh rate, 1ms response time, USB-C, FreeSync",11,4.6,https://www.amazon.in/s?k=Dell+27+inch+165Hz+Monitor
634,Coffee Maker Drip - Variant 8464,Kitchen,3407,"12-cup programmable coffee maker, built-in grinder, thermal carafe",33,4.1,https://www.amazon.in/s?k=Drip+Coffee+Maker
635,Instant Pot Duo 7-in-1 - Variant 2542,Kitchen,7122,"Pressure cooker, slow cooker, rice cooker, steamer, saute, yogurt maker",92,4.9,https://www.amazon.in/s?k=Instant+Pot+Duo
636,Jump Rope Speed - Variant 1070,Sports,1610,"Adjustable steel cable, ball bearing handles, suitable for all fitness levels",209,4.2,https://www.amazon.in/s?k=Speed+Jump+Rope+Adjustable
637,Harry Potter Box Set - Variant 8609,Books,6327,"Complete 7-book hardcover collection, illustrated edition",45,5.0,https://www.amazon.in/s?k=Harry+Potter+Box+Set+Hardcover
638,Levi's 501 Jeans - Variant 4021,Clothing,4005,"Classic straight fit jeans, durable denim, available in multiple washes",75,4.1,https://www.amazon.in/s?k=Levis+501+Jeans
639,Dumbbell Set Adjustable - Variant 8563,Sports,11873,"5-52.5 lbs per dumbbell, replaces 15 sets, fast adjust dial system",43,5.0,https://www.amazon.in/s?k=Adjustable+Dumbbell+Set
640,Backpack Osprey 40L - Variant 2004,Accessories,14931,"40L travel pack, TSA-friendly, laptop sleeve, rain cover included",37,5.0,https://www.amazon.in/s?k=Osprey+40L+Backpack
641,Instant Pot Duo 7-in-1 - Variant 1191,Kitchen,8304,"Pressure cooker, slow cooker, rice cooker, steamer, saute, yogurt maker",81,4.9,https://www.amazon.in/s?k=Instant+Pot+Duo
642,Multivitamin Men's - Variant 2113,Health,2181,"23 essential vitamins and minerals, once daily, 90 tablets, no artificial colors",139,4.2,https://www.amazon.in/s?k=Mens+Multivitamin+Daily
643,Luggage Samsonite 28inch - Variant 5318,Accessories,14197,"Hardside spinner, TSA lock, expandable, lightweight polycarbonate shell",39,4.9,https://www.amazon.in/s?k=Samsonite+28+inch+Hardside+Luggage
644,Hoodie Champion Reverse Weave - Variant 9546,Clothing,6248,"Heavyweight fleece, reverse weave construction, kangaroo pocket",74,4.4,https://www.amazon.in/s?k=Champion+Reverse+Weave+Hoodie
645,Multivitamin Men's - Variant 5804,Health,2468,"23 essential vitamins and minerals, once daily, 90 tablets, no artificial colors",152,4.7,https://www.amazon.in/s?k=Mens+Multivitamin+Daily
646,Dell 27inch Monitor - Variant 6602,Electronics,31492,"IPS panel, 165Hz refresh rate, 1ms response time, USB-C, FreeSync",14,4.5,https://www.amazon.in/s?k=Dell+27+inch+165Hz+Monitor
647,Kindle Paperwhite - Variant 8543,Electronics,10427,"6.8-inch display, adjustable warm light, waterproof, 3 months free Kindle Unlimited",59,4.9,https://www.amazon.in/s?k=Kindle+Paperwhite+2024
648,Omega-3 Fish Oil - Variant 3885,Health,1896,"1200mg EPA+DHA per serving, enteric coated, 90 softgels, no fishy aftertaste",131,4.8,https://www.amazon.in/s?k=Omega+3+Fish+Oil+1200mg
649,Sunglasses Polarized - Variant 8487,Accessories,2270,"UV400 protection, polarized lenses, lightweight frame, unisex design",164,4.0,https://www.amazon.in/s?k=Polarized+Sunglasses+UV400
650,iPad Air 11inch - Variant 6248,Electronics,40968,"M2 chip, 11-inch Liquid Retina display, Apple Pencil Pro support, 256GB",17,5.0,https://www.amazon.in/s?k=iPad+Air+M2+11inch
651,Running Shorts Nike - Variant 7559,Clothing,3081,"Dri-FIT fabric, 7-inch inseam, built-in brief, reflective details",92,4.5,https://www.amazon.in/s?k=Nike+Running+Shorts+DriFIT
652,Dell 27inch Monitor - Variant 4007,Electronics,31883,"IPS panel, 165Hz refresh rate, 1ms response time, USB-C, FreeSync",9,5.0,https://www.amazon.in/s?k=Dell+27+inch+165Hz+Monitor
653,Samsung 4K Smart TV 55inch - Variant 8067,Electronics,58440,"Crystal UHD display, built-in Alexa, HDR10+, 3 HDMI ports",9,4.8,https://www.amazon.in/s?k=Samsung+4K+Smart+TV+55inch
654,Adidas Ultraboost 22 - Variant 9124,Shoes,16731,"Responsive Boost midsole, Primeknit upper, Continental rubber outsole",62,4.6,https://www.amazon.in/s?k=Adidas+Ultraboost+22
655,Wireless Mouse Logitech - Variant 3459,Electronics,3243,"MX Master 3, ergonomic design, 4000 DPI, multi-device support",92,5.0,https://www.amazon.in/s?k=Logitech+MX+Master+3
656,Resistance Bands Set - Variant 2302,Sports,1828,"5 resistance levels, latex-free, includes door anchor and carry bag",194,4.3,https://www.amazon.in/s?k=Resistance+Bands+Set+5+levels
657,Kindle Paperwhite - Variant 2569,Electronics,10047,"6.8-inch display, adjustable warm light, waterproof, 3 months free Kindle Unlimited",42,4.4,https://www.amazon.in/s?k=Kindle+Paperwhite+2024
658,Yoga Mat Premium - Variant 9359,Sports,2575,"Non-slip 6mm thick mat, eco-friendly TPE material, includes carry strap",78,4.4,https://www.amazon.in/s?k=Premium+Yoga+Mat
659,Linen Shirt Uniqlo - Variant 7584,Clothing,3122,"100% linen, breathable summer fabric, relaxed fit, 8 color options",225,4.5,https://www.amazon.in/s?k=Linen+Shirt+Men+Uniqlo
660,Webcam Logitech 4K - Variant 2443,Electronics,14583,"4K Ultra HD, auto-focus, built-in mic, works with Zoom and Teams",59,4.4,https://www.amazon.in/s?k=Logitech+4K+Webcam
661,Stand Mixer KitchenAid - Variant 9336,Kitchen,36168,"5-quart bowl, 10 speeds, 59 attachments compatible, tilt-head design",15,4.8,https://www.amazon.in/s?k=KitchenAid+Stand+Mixer+5qt
662,Atomic Habits Workbook - Variant 9974,Books,1536,Companion workbook to Atomic Habits with exercises and habit trackers,120,4.7,https://www.amazon.in/s?k=Atomic+Habits+Workbook
663,Retinol Night Cream - Variant 7778,Beauty,2583,"0.5% retinol with peptides, reduces fine lines, fragrance-free, 50ml",88,4.0,https://www.amazon.in/s?k=Retinol+Night+Cream+0.5+percent
664,Creatine Monohydrate - Variant 2466,Health,2359,"Micronized creatine, 5g per serving, unflavored, 60 servings, lab tested",58,4.7,https://www.amazon.in/s?k=Creatine+Monohydrate+Micronized
665,Wireless Mouse Logitech - Variant 8406,Electronics,3632,"MX Master 3, ergonomic design, 4000 DPI, multi-device support",63,4.9,https://www.amazon.in/s?k=Logitech+MX+Master+3
666,Sunscreen SPF 50 EltaMD - Variant 9608,Beauty,3545,"Broad spectrum UV protection, oil-free, dermatologist recommended, 3oz",104,5.0,https://www.amazon.in/s?k=EltaMD+Sunscreen+SPF+50
667,New Balance 990v6 - Variant 2262,Shoes,15458,"Made in USA, premium suede and mesh upper, ENCAP midsole technology",51,4.6,https://www.amazon.in/s?k=New+Balance+990v6
668,Atomic Habits Book - Variant 5586,Books,1675,James Clear's guide to building good habits and breaking bad ones,150,4.7,https://www.amazon.in/s?k=Atomic+Habits+James+Clear
669,Luggage Samsonite 28inch - Variant 7971,Accessories,17425,"Hardside spinner, TSA lock, expandable, lightweight polycarbonate shell",30,4.4,https://www.amazon.in/s?k=Samsonite+28+inch+Hardside+Luggage
670,Hiking Boots Merrell - Variant 6289,Shoes,11067,"Waterproof leather, Vibram outsole, air cushion heel, ankle support",59,4.6,https://www.amazon.in/s?k=Merrell+Hiking+Boots+Waterproof
671,Running Shorts Nike - Variant 7660,Clothing,3260,"Dri-FIT fabric, 7-inch inseam, built-in brief, reflective details",109,4.5,https://www.amazon.in/s?k=Nike+Running+Shorts+DriFIT
672,Coffee Maker Drip - Variant 7377,Kitchen,3436,"12-cup programmable coffee maker, built-in grinder, thermal carafe",47,4.2,https://www.amazon.in/s?k=Drip+Coffee+Maker
673,Resistance Bands Set - Variant 4276,Sports,1724,"5 resistance levels, latex-free, includes door anchor and carry bag",65,4.2,https://www.amazon.in/s?k=Resistance+Bands+Set+5+levels
674,Resistance Bands Set - Variant 7005,Sports,1550,"5 resistance levels, latex-free, includes door anchor and carry bag",164,4.7,https://www.amazon.in/s?k=Resistance+Bands+Set+5+levels
675,The Alchemist Book - Variant 8826,Books,1318,Paulo Coelho's masterpiece about following your dreams and personal legend,223,4.8,https://www.amazon.in/s?k=The+Alchemist+Paulo+Coelho
676,Rich Dad Poor Dad - Variant 9026,Books,1057,"Robert Kiyosaki's personal finance classic, updated 25th anniversary edition",230,4.4,https://www.amazon.in/s?k=Rich+Dad+Poor+Dad+Kiyosaki
677,The Alchemist Book - Variant 6151,Books,1043,Paulo Coelho's masterpiece about following your dreams and personal legend,160,4.8,https://www.amazon.in/s?k=The+Alchemist+Paulo+Coelho
678,Retinol Night Cream - Variant 8934,Beauty,2291,"0.5% retinol with peptides, reduces fine lines, fragrance-free, 50ml",141,4.4,https://www.amazon.in/s?k=Retinol+Night+Cream+0.5+percent
679,Coffee Maker Drip - Variant 2842,Kitchen,4578,"12-cup programmable coffee maker, built-in grinder, thermal carafe",42,4.4,https://www.amazon.in/s?k=Drip+Coffee+Maker
680,Kindle Paperwhite - Variant 7084,Electronics,11917,"6.8-inch display, adjustable warm light, waterproof, 3 months free Kindle Unlimited",96,4.5,https://www.amazon.in/s?k=Kindle+Paperwhite+2024
681,Hiking Boots Merrell - Variant 2158,Shoes,12888,"Waterproof leather, Vibram outsole, air cushion heel, ankle support",28,4.8,https://www.amazon.in/s?k=Merrell+Hiking+Boots+Waterproof
682,Webcam Logitech 4K - Variant 1971,Electronics,10801,"4K Ultra HD, auto-focus, built-in mic, works with Zoom and Teams",69,4.8,https://www.amazon.in/s?k=Logitech+4K+Webcam
683,iPad Air 11inch - Variant 9037,Electronics,50789,"M2 chip, 11-inch Liquid Retina display, Apple Pencil Pro support, 256GB",12,4.5,https://www.amazon.in/s?k=iPad+Air+M2+11inch
684,Levi's Denim Jacket - Variant 2385,Clothing,7816,"Classic trucker jacket, 100% cotton denim, multiple color options",41,4.4,https://www.amazon.in/s?k=Levis+Denim+Jacket+Trucker
685,Dell 27inch Monitor - Variant 8183,Electronics,24415,"IPS panel, 165Hz refresh rate, 1ms response time, USB-C, FreeSync",20,4.7,https://www.amazon.in/s?k=Dell+27+inch+165Hz+Monitor
686,Dumbbell Set Adjustable - Variant 2213,Sports,10887,"5-52.5 lbs per dumbbell, replaces 15 sets, fast adjust dial system",43,4.5,https://www.amazon.in/s?k=Adjustable+Dumbbell+Set
687,Kindle Paperwhite - Variant 6947,Electronics,11697,"6.8-inch display, adjustable warm light, waterproof, 3 months free Kindle Unlimited",56,4.8,https://www.amazon.in/s?k=Kindle+Paperwhite+2024
688,Webcam Logitech 4K - Variant 8385,Electronics,14262,"4K Ultra HD, auto-focus, built-in mic, works with Zoom and Teams",60,4.4,https://www.amazon.in/s?k=Logitech+4K+Webcam
689,Dell 27inch Monitor - Variant 8348,Electronics,32624,"IPS panel, 165Hz refresh rate, 1ms response time, USB-C, FreeSync",26,4.5,https://www.amazon.in/s?k=Dell+27+inch+165Hz+Monitor
690,Atomic Habits Book - Variant 2863,Books,1410,James Clear's guide to building good habits and breaking bad ones,447,4.9,https://www.amazon.in/s?k=Atomic+Habits+James+Clear
691,Omega-3 Fish Oil - Variant 3775,Health,1813,"1200mg EPA+DHA per serving, enteric coated, 90 softgels, no fishy aftertaste",108,4.4,https://www.amazon.in/s?k=Omega+3+Fish+Oil+1200mg
692,Apple AirPods Pro - Variant 5273,Electronics,18313,"Active noise cancellation, transparency mode, spatial audio, wireless charging",26,5.0,https://www.amazon.in/s?k=Apple+AirPods+Pro
693,Webcam Logitech 4K - Variant 2480,Electronics,14596,"4K Ultra HD, auto-focus, built-in mic, works with Zoom and Teams",47,4.4,https://www.amazon.in/s?k=Logitech+4K+Webcam
694,The Alchemist Book - Variant 9594,Books,1326,Paulo Coelho's masterpiece about following your dreams and personal legend,282,4.7,https://www.amazon.in/s?k=The+Alchemist+Paulo+Coelho
695,Atomic Habits Workbook - Variant 1339,Books,1472,Companion workbook to Atomic Habits with exercises and habit trackers,113,4.4,https://www.amazon.in/s?k=Atomic+Habits+Workbook
696,Converse Chuck Taylor - Variant 1835,Shoes,5367,"Classic canvas high-top, rubber sole, available in 20+ colors",201,4.5,https://www.amazon.in/s?k=Converse+Chuck+Taylor+High+Top
697,Creatine Monohydrate - Variant 3972,Health,2589,"Micronized creatine, 5g per serving, unflavored, 60 servings, lab tested",75,4.5,https://www.amazon.in/s?k=Creatine+Monohydrate+Micronized
698,Retinol Night Cream - Variant 6433,Beauty,2246,"0.5% retinol with peptides, reduces fine lines, fragrance-free, 50ml",124,4.1,https://www.amazon.in/s?k=Retinol+Night+Cream+0.5+percent
699,Protein Powder Whey - Variant 1431,Health,5096,"25g protein per serving, chocolate flavor, 5lb bag, no artificial colors",35,4.3,https://www.amazon.in/s?k=Whey+Protein+Powder+Chocolate
700,Dumbbell Set Adjustable - Variant 6142,Sports,14542,"5-52.5 lbs per dumbbell, replaces 15 sets, fast adjust dial system",29,4.8,https://www.amazon.in/s?k=Adjustable+Dumbbell+Set
701,Nike Air Max 270 - Variant 2425,Shoes,9154,"Lightweight running shoe with Air Max cushioning, great for daily use",31,4.6,https://www.amazon.in/s?k=Nike+Air+Max+270
702,Rich Dad Poor Dad - Variant 4310,Books,971,"Robert Kiyosaki's personal finance classic, updated 25th anniversary edition",165,4.8,https://www.amazon.in/s?k=Rich+Dad+Poor+Dad+Kiyosaki
703,Dumbbell Set Adjustable - Variant 7207,Sports,11228,"5-52.5 lbs per dumbbell, replaces 15 sets, fast adjust dial system",40,5.0,https://www.amazon.in/s?k=Adjustable+Dumbbell+Set
704,Hoodie Champion Reverse Weave - Variant 4739,Clothing,5496,"Heavyweight fleece, reverse weave construction, kangaroo pocket",50,4.7,https://www.amazon.in/s?k=Champion+Reverse+Weave+Hoodie
705,Backpack Osprey 40L - Variant 8585,Accessories,15747,"40L travel pack, TSA-friendly, laptop sleeve, rain cover included",28,5.0,https://www.amazon.in/s?k=Osprey+40L+Backpack
706,Stand Mixer KitchenAid - Variant 6064,Kitchen,32775,"5-quart bowl, 10 speeds, 59 attachments compatible, tilt-head design",8,5.0,https://www.amazon.in/s?k=KitchenAid+Stand+Mixer+5qt
707,Harry Potter Box Set - Variant 3584,Books,7463,"Complete 7-book hardcover collection, illustrated edition",32,4.8,https://www.amazon.in/s?k=Harry+Potter+Box+Set+Hardcover
708,Rich Dad Poor Dad - Variant 9485,Books,1256,"Robert Kiyosaki's personal finance classic, updated 25th anniversary edition",281,5.0,https://www.amazon.in/s?k=Rich+Dad+Poor+Dad+Kiyosaki
709,Atomic Habits Workbook - Variant 9179,Books,1202,Companion workbook to Atomic Habits with exercises and habit trackers,112,4.4,https://www.amazon.in/s?k=Atomic+Habits+Workbook
710,Sony WH-1000XM5 - Variant 1122,Electronics,30761,"Industry-leading noise cancellation, 30hr battery, multipoint connection",13,5.0,https://www.amazon.in/s?k=Sony+WH-1000XM5
711,The Alchemist Book - Variant 4129,Books,1132,Paulo Coelho's masterpiece about following your dreams and personal legend,225,5.0,https://www.amazon.in/s?k=The+Alchemist+Paulo+Coelho
712,Air Fryer Ninja 6qt - Variant 3743,Kitchen,11525,"6-quart capacity, 4-in-1 functionality, up to 75% less fat, dishwasher safe",27,4.9,https://www.amazon.in/s?k=Ninja+Air+Fryer+6qt
713,Atomic Habits Workbook - Variant 9270,Books,1322,Companion workbook to Atomic Habits with exercises and habit trackers,133,4.6,https://www.amazon.in/s?k=Atomic+Habits+Workbook
714,Hoodie Champion Reverse Weave - Variant 1536,Clothing,5105,"Heavyweight fleece, reverse weave construction, kangaroo pocket",121,4.8,https://www.amazon.in/s?k=Champion+Reverse+Weave+Hoodie
715,Linen Shirt Uniqlo - Variant 5290,Clothing,3722,"100% linen, breathable summer fabric, relaxed fit, 8 color options",136,4.0,https://www.amazon.in/s?k=Linen+Shirt+Men+Uniqlo
716,Mechanical Keyboard RGB - Variant 1264,Electronics,7256,"TKL layout, Cherry MX switches, per-key RGB lighting, USB-C",36,4.5,https://www.amazon.in/s?k=Mechanical+Keyboard+RGB
717,Dell 27inch Monitor - Variant 7247,Electronics,23597,"IPS panel, 165Hz refresh rate, 1ms response time, USB-C, FreeSync",25,4.7,https://www.amazon.in/s?k=Dell+27+inch+165Hz+Monitor
718,Retinol Night Cream - Variant 9377,Beauty,3120,"0.5% retinol with peptides, reduces fine lines, fragrance-free, 50ml",98,4.1,https://www.amazon.in/s?k=Retinol+Night+Cream+0.5+percent
719,Webcam Logitech 4K - Variant 2779,Electronics,14584,"4K Ultra HD, auto-focus, built-in mic, works with Zoom and Teams",62,4.3,https://www.amazon.in/s?k=Logitech+4K+Webcam
720,Instant Pot Duo 7-in-1 - Variant 2764,Kitchen,6764,"Pressure cooker, slow cooker, rice cooker, steamer, saute, yogurt maker",65,4.7,https://www.amazon.in/s?k=Instant+Pot+Duo
721,Dell 27inch Monitor - Variant 4527,Electronics,29424,"IPS panel, 165Hz refresh rate, 1ms response time, USB-C, FreeSync",17,4.7,https://www.amazon.in/s?k=Dell+27+inch+165Hz+Monitor
722,iPad Air 11inch - Variant 8342,Electronics,41405,"M2 chip, 11-inch Liquid Retina display, Apple Pencil Pro support, 256GB",26,4.7,https://www.amazon.in/s?k=iPad+Air+M2+11inch
723,Backpack Osprey 40L - Variant 4340,Accessories,14203,"40L travel pack, TSA-friendly, laptop sleeve, rain cover included",58,5.0,https://www.amazon.in/s?k=Osprey+40L+Backpack
724,New Balance 990v6 - Variant 8091,Shoes,18066,"Made in USA, premium suede and mesh upper, ENCAP midsole technology",42,4.4,https://www.amazon.in/s?k=New+Balance+990v6
725,Nike Air Max 270 - Variant 2598,Shoes,10958,"Lightweight running shoe with Air Max cushioning, great for daily use",58,4.2,https://www.amazon.in/s?k=Nike+Air+Max+270
726,Resistance Bands Set - Variant 6780,Sports,2244,"5 resistance levels, latex-free, includes door anchor and carry bag",152,4.4,https://www.amazon.in/s?k=Resistance+Bands+Set+5+levels
727,Retinol Night Cream - Variant 6362,Beauty,2624,"0.5% retinol with peptides, reduces fine lines, fragrance-free, 50ml",125,4.4,https://www.amazon.in/s?k=Retinol+Night+Cream+0.5+percent
728,Hoodie Champion Reverse Weave - Variant 3231,Clothing,4985,"Heavyweight fleece, reverse weave construction, kangaroo pocket",118,4.7,https://www.amazon.in/s?k=Champion+Reverse+Weave+Hoodie
729,Kindle Paperwhite - Variant 9044,Electronics,11765,"6.8-inch display, adjustable warm light, waterproof, 3 months free Kindle Unlimited",56,4.7,https://www.amazon.in/s?k=Kindle+Paperwhite+2024
730,Levi's 501 Jeans - Variant 8131,Clothing,4035,"Classic straight fit jeans, durable denim, available in multiple washes",144,4.0,https://www.amazon.in/s?k=Levis+501+Jeans
731,Sony WH-1000XM5 - Variant 1210,Electronics,34668,"Industry-leading noise cancellation, 30hr battery, multipoint connection",17,4.9,https://www.amazon.in/s?k=Sony+WH-1000XM5
732,Mechanical Keyboard RGB - Variant 1209,Electronics,7971,"TKL layout, Cherry MX switches, per-key RGB lighting, USB-C",57,4.7,https://www.amazon.in/s?k=Mechanical+Keyboard+RGB
733,Hoodie Champion Reverse Weave - Variant 2093,Clothing,5434,"Heavyweight fleece, reverse weave construction, kangaroo pocket",80,4.7,https://www.amazon.in/s?k=Champion+Reverse+Weave+Hoodie
734,Atomic Habits Book - Variant 8758,Books,1493,James Clear's guide to building good habits and breaking bad ones,225,5.0,https://www.amazon.in/s?k=Atomic+Habits+James+Clear
735,Sunscreen SPF 50 EltaMD - Variant 8062,Beauty,2907,"Broad spectrum UV protection, oil-free, dermatologist recommended, 3oz",43,4.6,https://www.amazon.in/s?k=EltaMD+Sunscreen+SPF+50
736,Webcam Logitech 4K - Variant 4237,Electronics,13184,"4K Ultra HD, auto-focus, built-in mic, works with Zoom and Teams",61,4.2,https://www.amazon.in/s?k=Logitech+4K+Webcam
737,Vitamin C Serum - Variant 3299,Beauty,2182,"20% Vitamin C with hyaluronic acid, brightens skin, reduces dark spots",149,4.0,https://www.amazon.in/s?k=Vitamin+C+Serum+20+percent
738,Instant Pot Duo 7-in-1 - Variant 8196,Kitchen,7402,"Pressure cooker, slow cooker, rice cooker, steamer, saute, yogurt maker",90,4.4,https://www.amazon.in/s?k=Instant+Pot+Duo
739,Converse Chuck Taylor - Variant 1173,Shoes,6529,"Classic canvas high-top, rubber sole, available in 20+ colors",134,4.6,https://www.amazon.in/s?k=Converse+Chuck+Taylor+High+Top
740,Creatine Monohydrate - Variant 3722,Health,2934,"Micronized creatine, 5g per serving, unflavored, 60 servings, lab tested",107,4.8,https://www.amazon.in/s?k=Creatine+Monohydrate+Micronized
741,Wireless Mouse Logitech - Variant 2914,Electronics,2927,"MX Master 3, ergonomic design, 4000 DPI, multi-device support",88,4.9,https://www.amazon.in/s?k=Logitech+MX+Master+3
742,Apple AirPods Pro - Variant 1680,Electronics,19649,"Active noise cancellation, transparency mode, spatial audio, wireless charging",18,4.8,https://www.amazon.in/s?k=Apple+AirPods+Pro
743,Resistance Bands Set - Variant 8060,Sports,1832,"5 resistance levels, latex-free, includes door anchor and carry bag",145,4.3,https://www.amazon.in/s?k=Resistance+Bands+Set+5+levels
744,Coffee Maker Drip - Variant 5913,Kitchen,3864,"12-cup programmable coffee maker, built-in grinder, thermal carafe",32,4.5,https://www.amazon.in/s?k=Drip+Coffee+Maker
745,Luggage Samsonite 28inch - Variant 8583,Accessories,16582,"Hardside spinner, TSA lock, expandable, lightweight polycarbonate shell",26,4.5,https://www.amazon.in/s?k=Samsonite+28+inch+Hardside+Luggage
746,Dumbbell Set Adjustable - Variant 5670,Sports,10508,"5-52.5 lbs per dumbbell, replaces 15 sets, fast adjust dial system",38,4.7,https://www.amazon.in/s?k=Adjustable+Dumbbell+Set
747,iPad Air 11inch - Variant 3606,Electronics,43028,"M2 chip, 11-inch Liquid Retina display, Apple Pencil Pro support, 256GB",22,4.8,https://www.amazon.in/s?k=iPad+Air+M2+11inch
748,Wireless Mouse Logitech - Variant 8312,Electronics,3560,"MX Master 3, ergonomic design, 4000 DPI, multi-device support",80,4.6,https://www.amazon.in/s?k=Logitech+MX+Master+3
749,Harry Potter Box Set - Variant 9697,Books,5696,"Complete 7-book hardcover collection, illustrated edition",22,4.6,https://www.amazon.in/s?k=Harry+Potter+Box+Set+Hardcover
750,Samsung 4K Smart TV 55inch - Variant 8091,Electronics,61604,"Crystal UHD display, built-in Alexa, HDR10+, 3 HDMI ports",17,4.7,https://www.amazon.in/s?k=Samsung+4K+Smart+TV+55inch
751,Jump Rope Speed - Variant 3804,Sports,1593,"Adjustable steel cable, ball bearing handles, suitable for all fitness levels",190,4.3,https://www.amazon.in/s?k=Speed+Jump+Rope+Adjustable
752,Webcam Logitech 4K - Variant 9927,Electronics,11943,"4K Ultra HD, auto-focus, built-in mic, works with Zoom and Teams",28,4.2,https://www.amazon.in/s?k=Logitech+4K+Webcam
753,Wireless Mouse Logitech - Variant 1982,Electronics,3344,"MX Master 3, ergonomic design, 4000 DPI, multi-device support",60,4.6,https://www.amazon.in/s?k=Logitech+MX+Master+3
754,Backpack Osprey 40L - Variant 4761,Accessories,15806,"40L travel pack, TSA-friendly, laptop sleeve, rain cover included",25,4.6,https://www.amazon.in/s?k=Osprey+40L+Backpack
755,Omega-3 Fish Oil - Variant 9627,Health,1756,"1200mg EPA+DHA per serving, enteric coated, 90 softgels, no fishy aftertaste",154,4.7,https://www.amazon.in/s?k=Omega+3+Fish+Oil+1200mg
756,Sony WH-1000XM5 - Variant 6100,Electronics,27469,"Industry-leading noise cancellation, 30hr battery, multipoint connection",14,5.0,https://www.amazon.in/s?k=Sony+WH-1000XM5
757,Wireless Mouse Logitech - Variant 3961,Electronics,2660,"MX Master 3, ergonomic design, 4000 DPI, multi-device support",85,4.8,https://www.amazon.in/s?k=Logitech+MX+Master+3
758,Dell 27inch Monitor - Variant 8026,Electronics,21977,"IPS panel, 165Hz refresh rate, 1ms response time, USB-C, FreeSync",25,4.5,https://www.amazon.in/s?k=Dell+27+inch+165Hz+Monitor
759,Converse Chuck Taylor - Variant 4026,Shoes,5271,"Classic canvas high-top, rubber sole, available in 20+ colors",206,4.4,https://www.amazon.in/s?k=Converse+Chuck+Taylor+High+Top
760,Luggage Samsonite 28inch - Variant 5557,Accessories,14170,"Hardside spinner, TSA lock, expandable, lightweight polycarbonate shell",25,4.7,https://www.amazon.in/s?k=Samsonite+28+inch+Hardside+Luggage
761,Levi's 501 Jeans - Variant 1543,Clothing,5750,"Classic straight fit jeans, durable denim, available in multiple washes",94,4.3,https://www.amazon.in/s?k=Levis+501+Jeans
762,Air Fryer Ninja 6qt - Variant 7829,Kitchen,8009,"6-quart capacity, 4-in-1 functionality, up to 75% less fat, dishwasher safe",65,4.8,https://www.amazon.in/s?k=Ninja+Air+Fryer+6qt
763,Rich Dad Poor Dad - Variant 3852,Books,1163,"Robert Kiyosaki's personal finance classic, updated 25th anniversary edition",263,5.0,https://www.amazon.in/s?k=Rich+Dad+Poor+Dad+Kiyosaki
764,Blender Vitamix A2500 - Variant 7022,Kitchen,34969,"Variable speed control, 3 program settings, self-cleaning, 64oz container",29,4.8,https://www.amazon.in/s?k=Vitamix+A2500+Blender
765,Blender Vitamix A2500 - Variant 1402,Kitchen,39563,"Variable speed control, 3 program settings, self-cleaning, 64oz container",32,4.9,https://www.amazon.in/s?k=Vitamix+A2500+Blender
766,Backpack Osprey 40L - Variant 9107,Accessories,13704,"40L travel pack, TSA-friendly, laptop sleeve, rain cover included",45,4.7,https://www.amazon.in/s?k=Osprey+40L+Backpack
767,Coffee Maker Drip - Variant 5005,Kitchen,4075,"12-cup programmable coffee maker, built-in grinder, thermal carafe",47,4.6,https://www.amazon.in/s?k=Drip+Coffee+Maker
768,Resistance Bands Set - Variant 9332,Sports,1626,"5 resistance levels, latex-free, includes door anchor and carry bag",163,4.5,https://www.amazon.in/s?k=Resistance+Bands+Set+5+levels
769,The Alchemist Book - Variant 1432,Books,1187,Paulo Coelho's masterpiece about following your dreams and personal legend,210,5.0,https://www.amazon.in/s?k=The+Alchemist+Paulo+Coelho
770,Sunglasses Polarized - Variant 3522,Accessories,2742,"UV400 protection, polarized lenses, lightweight frame, unisex design",96,4.4,https://www.amazon.in/s?k=Polarized+Sunglasses+UV400
771,Linen Shirt Uniqlo - Variant 5430,Clothing,2819,"100% linen, breathable summer fabric, relaxed fit, 8 color options",146,4.4,https://www.amazon.in/s?k=Linen+Shirt+Men+Uniqlo
772,Webcam Logitech 4K - Variant 9829,Electronics,13112,"4K Ultra HD, auto-focus, built-in mic, works with Zoom and Teams",29,4.5,https://www.amazon.in/s?k=Logitech+4K+Webcam
773,Leather Wallet Slim - Variant 7197,Accessories,1755,"Genuine leather, RFID blocking, 8 card slots, minimalist design",143,4.5,https://www.amazon.in/s?k=Slim+Leather+Wallet+RFID
774,Levi's 501 Jeans - Variant 5446,Clothing,4090,"Classic straight fit jeans, durable denim, available in multiple washes",93,4.3,https://www.amazon.in/s?k=Levis+501+Jeans
775,Coffee Maker Drip - Variant 7597,Kitchen,4826,"12-cup programmable coffee maker, built-in grinder, thermal carafe",87,4.1,https://www.amazon.in/s?k=Drip+Coffee+Maker
776,The Alchemist Book - Variant 4887,Books,1062,Paulo Coelho's masterpiece about following your dreams and personal legend,237,4.8,https://www.amazon.in/s?k=The+Alchemist+Paulo+Coelho
777,Webcam Logitech 4K - Variant 7144,Electronics,11889,"4K Ultra HD, auto-focus, built-in mic, works with Zoom and Teams",28,4.2,https://www.amazon.in/s?k=Logitech+4K+Webcam
778,Dell 27inch Monitor - Variant 5876,Electronics,23275,"IPS panel, 165Hz refresh rate, 1ms response time, USB-C, FreeSync",19,5.0,https://www.amazon.in/s?k=Dell+27+inch+165Hz+Monitor
779,Face Wash CeraVe - Variant 8751,Beauty,1295,"Hydrating cleanser with ceramides and hyaluronic acid, 16oz, all skin types",314,4.5,https://www.amazon.in/s?k=CeraVe+Hydrating+Face+Wash
780,Multivitamin Men's - Variant 9744,Health,2299,"23 essential vitamins and minerals, once daily, 90 tablets, no artificial colors",155,4.5,https://www.amazon.in/s?k=Mens+Multivitamin+Daily
781,Stand Mixer KitchenAid - Variant 7096,Kitchen,37407,"5-quart bowl, 10 speeds, 59 attachments compatible, tilt-head design",15,4.7,https://www.amazon.in/s?k=KitchenAid+Stand+Mixer+5qt
782,Converse Chuck Taylor - Variant 3208,Shoes,4488,"Classic canvas high-top, rubber sole, available in 20+ colors",152,4.3,https://www.amazon.in/s?k=Converse+Chuck+Taylor+High+Top
783,Running Shorts Nike - Variant 9151,Clothing,3308,"Dri-FIT fabric, 7-inch inseam, built-in brief, reflective details",140,4.3,https://www.amazon.in/s?k=Nike+Running+Shorts+DriFIT
784,Mechanical Keyboard RGB - Variant 2595,Electronics,7969,"TKL layout, Cherry MX switches, per-key RGB lighting, USB-C",46,4.3,https://www.amazon.in/s?k=Mechanical+Keyboard+RGB
785,Luggage Samsonite 28inch - Variant 1504,Accessories,17968,"Hardside spinner, TSA lock, expandable, lightweight polycarbonate shell",23,4.9,https://www.amazon.in/s?k=Samsonite+28+inch+Hardside+Luggage
786,Kindle Paperwhite - Variant 8691,Electronics,13677,"6.8-inch display, adjustable warm light, waterproof, 3 months free Kindle Unlimited",57,4.6,https://www.amazon.in/s?k=Kindle+Paperwhite+2024
787,Dell 27inch Monitor - Variant 7534,Electronics,28337,"IPS panel, 165Hz refresh rate, 1ms response time, USB-C, FreeSync",18,5.0,https://www.amazon.in/s?k=Dell+27+inch+165Hz+Monitor
788,Backpack Osprey 40L - Variant 2719,Accessories,11385,"40L travel pack, TSA-friendly, laptop sleeve, rain cover included",47,4.8,https://www.amazon.in/s?k=Osprey+40L+Backpack
789,Running Shorts Nike - Variant 6115,Clothing,2332,"Dri-FIT fabric, 7-inch inseam, built-in brief, reflective details",94,4.5,https://www.amazon.in/s?k=Nike+Running+Shorts+DriFIT
790,Linen Shirt Uniqlo - Variant 9065,Clothing,2935,"100% linen, breathable summer fabric, relaxed fit, 8 color options",133,4.5,https://www.amazon.in/s?k=Linen+Shirt+Men+Uniqlo
791,Hoodie Champion Reverse Weave - Variant 4623,Clothing,6075,"Heavyweight fleece, reverse weave construction, kangaroo pocket",84,4.6,https://www.amazon.in/s?k=Champion+Reverse+Weave+Hoodie
792,Luggage Samsonite 28inch - Variant 1385,Accessories,13705,"Hardside spinner, TSA lock, expandable, lightweight polycarbonate shell",33,4.7,https://www.amazon.in/s?k=Samsonite+28+inch+Hardside+Luggage
793,Blender Vitamix A2500 - Variant 2303,Kitchen,42219,"Variable speed control, 3 program settings, self-cleaning, 64oz container",26,4.7,https://www.amazon.in/s?k=Vitamix+A2500+Blender
794,The Alchemist Book - Variant 8344,Books,1180,Paulo Coelho's masterpiece about following your dreams and personal legend,146,5.0,https://www.amazon.in/s?k=The+Alchemist+Paulo+Coelho
795,Luggage Samsonite 28inch - Variant 7035,Accessories,13664,"Hardside spinner, TSA lock, expandable, lightweight polycarbonate shell",35,4.6,https://www.amazon.in/s?k=Samsonite+28+inch+Hardside+Luggage
796,Kindle Paperwhite - Variant 8367,Electronics,10291,"6.8-inch display, adjustable warm light, waterproof, 3 months free Kindle Unlimited",82,4.6,https://www.amazon.in/s?k=Kindle+Paperwhite+2024
797,Coffee Maker Drip - Variant 9804,Kitchen,4248,"12-cup programmable coffee maker, built-in grinder, thermal carafe",60,4.1,https://www.amazon.in/s?k=Drip+Coffee+Maker
798,Nike Air Max 270 - Variant 7182,Shoes,10099,"Lightweight running shoe with Air Max cushioning, great for daily use",36,4.7,https://www.amazon.in/s?k=Nike+Air+Max+270
799,Backpack Osprey 40L - Variant 2317,Accessories,14371,"40L travel pack, TSA-friendly, laptop sleeve, rain cover included",44,5.0,https://www.amazon.in/s?k=Osprey+40L+Backpack
800,Levi's Denim Jacket - Variant 1115,Clothing,8818,"Classic trucker jacket, 100% cotton denim, multiple color options",72,4.2,https://www.amazon.in/s?k=Levis+Denim+Jacket+Trucker
801,Adidas Ultraboost 22 - Variant 9424,Shoes,18593,"Responsive Boost midsole, Primeknit upper, Continental rubber outsole",35,4.9,https://www.amazon.in/s?k=Adidas+Ultraboost+22
802,Dumbbell Set Adjustable - Variant 9728,Sports,14014,"5-52.5 lbs per dumbbell, replaces 15 sets, fast adjust dial system",34,4.8,https://www.amazon.in/s?k=Adjustable+Dumbbell+Set
803,Retinol Night Cream - Variant 9302,Beauty,2811,"0.5% retinol with peptides, reduces fine lines, fragrance-free, 50ml",70,4.4,https://www.amazon.in/s?k=Retinol+Night+Cream+0.5+percent
804,Running Shorts Nike - Variant 4365,Clothing,3229,"Dri-FIT fabric, 7-inch inseam, built-in brief, reflective details",92,4.6,https://www.amazon.in/s?k=Nike+Running+Shorts+DriFIT
805,Harry Potter Box Set - Variant 9714,Books,5729,"Complete 7-book hardcover collection, illustrated edition",42,4.8,https://www.amazon.in/s?k=Harry+Potter+Box+Set+Hardcover
806,Face Wash CeraVe - Variant 4318,Beauty,1063,"Hydrating cleanser with ceramides and hyaluronic acid, 16oz, all skin types",290,4.9,https://www.amazon.in/s?k=CeraVe+Hydrating+Face+Wash
807,Rich Dad Poor Dad - Variant 7383,Books,914,"Robert Kiyosaki's personal finance classic, updated 25th anniversary edition",289,5.0,https://www.amazon.in/s?k=Rich+Dad+Poor+Dad+Kiyosaki
808,Sunglasses Polarized - Variant 6111,Accessories,2252,"UV400 protection, polarized lenses, lightweight frame, unisex design",114,4.0,https://www.amazon.in/s?k=Polarized+Sunglasses+UV400
809,Hiking Boots Merrell - Variant 3197,Shoes,13532,"Waterproof leather, Vibram outsole, air cushion heel, ankle support",58,4.9,https://www.amazon.in/s?k=Merrell+Hiking+Boots+Waterproof
810,Webcam Logitech 4K - Variant 1226,Electronics,14771,"4K Ultra HD, auto-focus, built-in mic, works with Zoom and Teams",57,4.7,https://www.amazon.in/s?k=Logitech+4K+Webcam
811,New Balance 990v6 - Variant 3981,Shoes,14286,"Made in USA, premium suede and mesh upper, ENCAP midsole technology",19,4.9,https://www.amazon.in/s?k=New+Balance+990v6
812,Webcam Logitech 4K - Variant 5850,Electronics,11642,"4K Ultra HD, auto-focus, built-in mic, works with Zoom and Teams",31,4.5,https://www.amazon.in/s?k=Logitech+4K+Webcam
813,Mechanical Keyboard RGB - Variant 6319,Electronics,6616,"TKL layout, Cherry MX switches, per-key RGB lighting, USB-C",35,4.7,https://www.amazon.in/s?k=Mechanical+Keyboard+RGB
814,Apple AirPods Pro - Variant 6948,Electronics,22270,"Active noise cancellation, transparency mode, spatial audio, wireless charging",41,4.5,https://www.amazon.in/s?k=Apple+AirPods+Pro
815,Retinol Night Cream - Variant 9920,Beauty,2302,"0.5% retinol with peptides, reduces fine lines, fragrance-free, 50ml",60,4.3,https://www.amazon.in/s?k=Retinol+Night+Cream+0.5+percent
816,Running Shorts Nike - Variant 7770,Clothing,2986,"Dri-FIT fabric, 7-inch inseam, built-in brief, reflective details",70,4.4,https://www.amazon.in/s?k=Nike+Running+Shorts+DriFIT
817,Sunglasses Polarized - Variant 5150,Accessories,2389,"UV400 protection, polarized lenses, lightweight frame, unisex design",99,3.8,https://www.amazon.in/s?k=Polarized+Sunglasses+UV400
818,Atomic Habits Workbook - Variant 6133,Books,1379,Companion workbook to Atomic Habits with exercises and habit trackers,106,4.3,https://www.amazon.in/s?k=Atomic+Habits+Workbook
819,Dell 27inch Monitor - Variant 4702,Electronics,24230,"IPS panel, 165Hz refresh rate, 1ms response time, USB-C, FreeSync",10,5.0,https://www.amazon.in/s?k=Dell+27+inch+165Hz+Monitor
820,Running Shorts Nike - Variant 5227,Clothing,3332,"Dri-FIT fabric, 7-inch inseam, built-in brief, reflective details",50,4.5,https://www.amazon.in/s?k=Nike+Running+Shorts+DriFIT
821,Luggage Samsonite 28inch - Variant 8801,Accessories,19796,"Hardside spinner, TSA lock, expandable, lightweight polycarbonate shell",16,4.6,https://www.amazon.in/s?k=Samsonite+28+inch+Hardside+Luggage
822,Leather Wallet Slim - Variant 9574,Accessories,2315,"Genuine leather, RFID blocking, 8 card slots, minimalist design",153,4.6,https://www.amazon.in/s?k=Slim+Leather+Wallet+RFID
823,Jump Rope Speed - Variant 8254,Sports,1813,"Adjustable steel cable, ball bearing handles, suitable for all fitness levels",157,4.6,https://www.amazon.in/s?k=Speed+Jump+Rope+Adjustable
824,Backpack Osprey 40L - Variant 3915,Accessories,11585,"40L travel pack, TSA-friendly, laptop sleeve, rain cover included",50,5.0,https://www.amazon.in/s?k=Osprey+40L+Backpack
825,Omega-3 Fish Oil - Variant 1974,Health,1676,"1200mg EPA+DHA per serving, enteric coated, 90 softgels, no fishy aftertaste",127,4.5,https://www.amazon.in/s?k=Omega+3+Fish+Oil+1200mg
826,Coffee Maker Drip - Variant 8417,Kitchen,4788,"12-cup programmable coffee maker, built-in grinder, thermal carafe",42,4.1,https://www.amazon.in/s?k=Drip+Coffee+Maker
827,New Balance 990v6 - Variant 4464,Shoes,13443,"Made in USA, premium suede and mesh upper, ENCAP midsole technology",26,4.7,https://www.amazon.in/s?k=New+Balance+990v6
828,Retinol Night Cream - Variant 5506,Beauty,3172,"0.5% retinol with peptides, reduces fine lines, fragrance-free, 50ml",103,4.3,https://www.amazon.in/s?k=Retinol+Night+Cream+0.5+percent
829,Backpack Osprey 40L - Variant 2643,Accessories,12746,"40L travel pack, TSA-friendly, laptop sleeve, rain cover included",30,4.5,https://www.amazon.in/s?k=Osprey+40L+Backpack
830,Wireless Mouse Logitech - Variant 4522,Electronics,3418,"MX Master 3, ergonomic design, 4000 DPI, multi-device support",87,4.8,https://www.amazon.in/s?k=Logitech+MX+Master+3
831,Levi's 501 Jeans - Variant 9315,Clothing,4621,"Classic straight fit jeans, durable denim, available in multiple washes",108,4.1,https://www.amazon.in/s?k=Levis+501+Jeans
832,Running Shorts Nike - Variant 3913,Clothing,3043,"Dri-FIT fabric, 7-inch inseam, built-in brief, reflective details",91,4.3,https://www.amazon.in/s?k=Nike+Running+Shorts+DriFIT
833,Stand Mixer KitchenAid - Variant 5722,Kitchen,33328,"5-quart bowl, 10 speeds, 59 attachments compatible, tilt-head design",11,5.0,https://www.amazon.in/s?k=KitchenAid+Stand+Mixer+5qt
834,Samsung 4K Smart TV 55inch - Variant 5334,Electronics,60735,"Crystal UHD display, built-in Alexa, HDR10+, 3 HDMI ports",15,4.5,https://www.amazon.in/s?k=Samsung+4K+Smart+TV+55inch
835,Air Fryer Ninja 6qt - Variant 2098,Kitchen,10269,"6-quart capacity, 4-in-1 functionality, up to 75% less fat, dishwasher safe",76,4.9,https://www.amazon.in/s?k=Ninja+Air+Fryer+6qt
836,Dell 27inch Monitor - Variant 3336,Electronics,29234,"IPS panel, 165Hz refresh rate, 1ms response time, USB-C, FreeSync",20,4.6,https://www.amazon.in/s?k=Dell+27+inch+165Hz+Monitor
837,Adidas Ultraboost 22 - Variant 3863,Shoes,13264,"Responsive Boost midsole, Primeknit upper, Continental rubber outsole",61,4.7,https://www.amazon.in/s?k=Adidas+Ultraboost+22
838,Jump Rope Speed - Variant 6806,Sports,1654,"Adjustable steel cable, ball bearing handles, suitable for all fitness levels",211,4.2,https://www.amazon.in/s?k=Speed+Jump+Rope+Adjustable
839,Harry Potter Box Set - Variant 4417,Books,6469,"Complete 7-book hardcover collection, illustrated edition",51,5.0,https://www.amazon.in/s?k=Harry+Potter+Box+Set+Hardcover
840,Hoodie Champion Reverse Weave - Variant 5182,Clothing,5837,"Heavyweight fleece, reverse weave construction, kangaroo pocket",61,4.6,https://www.amazon.in/s?k=Champion+Reverse+Weave+Hoodie
841,Face Wash CeraVe - Variant 7350,Beauty,1284,"Hydrating cleanser with ceramides and hyaluronic acid, 16oz, all skin types",117,4.7,https://www.amazon.in/s?k=CeraVe+Hydrating+Face+Wash
842,Coffee Maker Drip - Variant 6956,Kitchen,4117,"12-cup programmable coffee maker, built-in grinder, thermal carafe",68,4.1,https://www.amazon.in/s?k=Drip+Coffee+Maker
843,Sunglasses Polarized - Variant 5504,Accessories,2323,"UV400 protection, polarized lenses, lightweight frame, unisex design",126,4.4,https://www.amazon.in/s?k=Polarized+Sunglasses+UV400
844,Wireless Mouse Logitech - Variant 1249,Electronics,3133,"MX Master 3, ergonomic design, 4000 DPI, multi-device support",82,5.0,https://www.amazon.in/s?k=Logitech+MX+Master+3
845,iPad Air 11inch - Variant 3050,Electronics,53466,"M2 chip, 11-inch Liquid Retina display, Apple Pencil Pro support, 256GB",19,4.9,https://www.amazon.in/s?k=iPad+Air+M2+11inch
846,Atomic Habits Book - Variant 6485,Books,1528,James Clear's guide to building good habits and breaking bad ones,423,5.0,https://www.amazon.in/s?k=Atomic+Habits+James+Clear
847,Apple AirPods Pro - Variant 5467,Electronics,19592,"Active noise cancellation, transparency mode, spatial audio, wireless charging",22,4.5,https://www.amazon.in/s?k=Apple+AirPods+Pro
848,Retinol Night Cream - Variant 2487,Beauty,2264,"0.5% retinol with peptides, reduces fine lines, fragrance-free, 50ml",123,4.1,https://www.amazon.in/s?k=Retinol+Night+Cream+0.5+percent
849,New Balance 990v6 - Variant 5722,Shoes,14750,"Made in USA, premium suede and mesh upper, ENCAP midsole technology",25,4.4,https://www.amazon.in/s?k=New+Balance+990v6
850,Instant Pot Duo 7-in-1 - Variant 2742,Kitchen,8688,"Pressure cooker, slow cooker, rice cooker, steamer, saute, yogurt maker",67,4.5,https://www.amazon.in/s?k=Instant+Pot+Duo
851,Vitamin C Serum - Variant 5496,Beauty,2356,"20% Vitamin C with hyaluronic acid, brightens skin, reduces dark spots",127,4.3,https://www.amazon.in/s?k=Vitamin+C+Serum+20+percent
852,Nike Air Max 270 - Variant 9150,Shoes,11774,"Lightweight running shoe with Air Max cushioning, great for daily use",60,4.5,https://www.amazon.in/s?k=Nike+Air+Max+270
853,Hoodie Champion Reverse Weave - Variant 8615,Clothing,4589,"Heavyweight fleece, reverse weave construction, kangaroo pocket",87,4.4,https://www.amazon.in/s?k=Champion+Reverse+Weave+Hoodie
854,Levi's 501 Jeans - Variant 2560,Clothing,5416,"Classic straight fit jeans, durable denim, available in multiple washes",100,4.0,https://www.amazon.in/s?k=Levis+501+Jeans
855,Face Wash CeraVe - Variant 5883,Beauty,1038,"Hydrating cleanser with ceramides and hyaluronic acid, 16oz, all skin types",130,4.5,https://www.amazon.in/s?k=CeraVe+Hydrating+Face+Wash
856,Instant Pot Duo 7-in-1 - Variant 5627,Kitchen,8901,"Pressure cooker, slow cooker, rice cooker, steamer, saute, yogurt maker",95,4.5,https://www.amazon.in/s?k=Instant+Pot+Duo
857,Kindle Paperwhite - Variant 6769,Electronics,11087,"6.8-inch display, adjustable warm light, waterproof, 3 months free Kindle Unlimited",46,4.5,https://www.amazon.in/s?k=Kindle+Paperwhite+2024
858,Atomic Habits Book - Variant 2415,Books,1582,James Clear's guide to building good habits and breaking bad ones,252,5.0,https://www.amazon.in/s?k=Atomic+Habits+James+Clear
859,Running Shorts Nike - Variant 8087,Clothing,2951,"Dri-FIT fabric, 7-inch inseam, built-in brief, reflective details",146,4.5,https://www.amazon.in/s?k=Nike+Running+Shorts+DriFIT
860,Atomic Habits Book - Variant 3443,Books,1811,James Clear's guide to building good habits and breaking bad ones,415,5.0,https://www.amazon.in/s?k=Atomic+Habits+James+Clear
861,Atomic Habits Workbook - Variant 8814,Books,1554,Companion workbook to Atomic Habits with exercises and habit trackers,144,4.4,https://www.amazon.in/s?k=Atomic+Habits+Workbook
862,Mechanical Keyboard RGB - Variant 9849,Electronics,7559,"TKL layout, Cherry MX switches, per-key RGB lighting, USB-C",48,4.7,https://www.amazon.in/s?k=Mechanical+Keyboard+RGB
863,Resistance Bands Set - Variant 9945,Sports,1574,"5 resistance levels, latex-free, includes door anchor and carry bag",135,4.7,https://www.amazon.in/s?k=Resistance+Bands+Set+5+levels
864,Stand Mixer KitchenAid - Variant 5240,Kitchen,37726,"5-quart bowl, 10 speeds, 59 attachments compatible, tilt-head design",17,4.7,https://www.amazon.in/s?k=KitchenAid+Stand+Mixer+5qt
865,The Alchemist Book - Variant 7200,Books,1310,Paulo Coelho's masterpiece about following your dreams and personal legend,255,4.7,https://www.amazon.in/s?k=The+Alchemist+Paulo+Coelho
866,Face Wash CeraVe - Variant 2338,Beauty,1228,"Hydrating cleanser with ceramides and hyaluronic acid, 16oz, all skin types",240,4.8,https://www.amazon.in/s?k=CeraVe+Hydrating+Face+Wash
867,Jump Rope Speed - Variant 2239,Sports,1860,"Adjustable steel cable, ball bearing handles, suitable for all fitness levels",120,4.7,https://www.amazon.in/s?k=Speed+Jump+Rope+Adjustable
868,Luggage Samsonite 28inch - Variant 5467,Accessories,15711,"Hardside spinner, TSA lock, expandable, lightweight polycarbonate shell",35,4.8,https://www.amazon.in/s?k=Samsonite+28+inch+Hardside+Luggage
869,Dell 27inch Monitor - Variant 8691,Electronics,22636,"IPS panel, 165Hz refresh rate, 1ms response time, USB-C, FreeSync",22,5.0,https://www.amazon.in/s?k=Dell+27+inch+165Hz+Monitor
870,Levi's Denim Jacket - Variant 7886,Clothing,5963,"Classic trucker jacket, 100% cotton denim, multiple color options",41,4.6,https://www.amazon.in/s?k=Levis+Denim+Jacket+Trucker
871,Atomic Habits Workbook - Variant 9033,Books,1518,Companion workbook to Atomic Habits with exercises and habit trackers,112,4.5,https://www.amazon.in/s?k=Atomic+Habits+Workbook
872,Kindle Paperwhite - Variant 1585,Electronics,10262,"6.8-inch display, adjustable warm light, waterproof, 3 months free Kindle Unlimited",96,4.8,https://www.amazon.in/s?k=Kindle+Paperwhite+2024
873,Mechanical Keyboard RGB - Variant 7636,Electronics,5919,"TKL layout, Cherry MX switches, per-key RGB lighting, USB-C",56,4.4,https://www.amazon.in/s?k=Mechanical+Keyboard+RGB
874,Atomic Habits Workbook - Variant 2435,Books,1190,Companion workbook to Atomic Habits with exercises and habit trackers,81,4.2,https://www.amazon.in/s?k=Atomic+Habits+Workbook
875,Rich Dad Poor Dad - Variant 6332,Books,1048,"Robert Kiyosaki's personal finance classic, updated 25th anniversary edition",128,4.5,https://www.amazon.in/s?k=Rich+Dad+Poor+Dad+Kiyosaki
876,The Alchemist Book - Variant 5631,Books,1338,Paulo Coelho's masterpiece about following your dreams and personal legend,151,4.7,https://www.amazon.in/s?k=The+Alchemist+Paulo+Coelho
877,Wireless Mouse Logitech - Variant 8804,Electronics,3381,"MX Master 3, ergonomic design, 4000 DPI, multi-device support",56,4.7,https://www.amazon.in/s?k=Logitech+MX+Master+3
878,Running Shorts Nike - Variant 4517,Clothing,2412,"Dri-FIT fabric, 7-inch inseam, built-in brief, reflective details",79,4.6,https://www.amazon.in/s?k=Nike+Running+Shorts+DriFIT
879,iPad Air 11inch - Variant 1396,Electronics,41765,"M2 chip, 11-inch Liquid Retina display, Apple Pencil Pro support, 256GB",20,4.8,https://www.amazon.in/s?k=iPad+Air+M2+11inch
880,Webcam Logitech 4K - Variant 2616,Electronics,11647,"4K Ultra HD, auto-focus, built-in mic, works with Zoom and Teams",27,4.2,https://www.amazon.in/s?k=Logitech+4K+Webcam
881,The Alchemist Book - Variant 3054,Books,1377,Paulo Coelho's masterpiece about following your dreams and personal legend,218,4.8,https://www.amazon.in/s?k=The+Alchemist+Paulo+Coelho
882,Running Shorts Nike - Variant 1784,Clothing,2815,"Dri-FIT fabric, 7-inch inseam, built-in brief, reflective details",92,4.5,https://www.amazon.in/s?k=Nike+Running+Shorts+DriFIT
883,Sony WH-1000XM5 - Variant 4714,Electronics,25512,"Industry-leading noise cancellation, 30hr battery, multipoint connection",30,4.7,https://www.amazon.in/s?k=Sony+WH-1000XM5
884,Samsung 4K Smart TV 55inch - Variant 3933,Electronics,46621,"Crystal UHD display, built-in Alexa, HDR10+, 3 HDMI ports",16,4.6,https://www.amazon.in/s?k=Samsung+4K+Smart+TV+55inch
885,Sony WH-1000XM5 - Variant 4445,Electronics,26866,"Industry-leading noise cancellation, 30hr battery, multipoint connection",14,4.9,https://www.amazon.in/s?k=Sony+WH-1000XM5
886,Rich Dad Poor Dad - Variant 1702,Books,1001,"Robert Kiyosaki's personal finance classic, updated 25th anniversary edition",221,4.6,https://www.amazon.in/s?k=Rich+Dad+Poor+Dad+Kiyosaki
887,New Balance 990v6 - Variant 6178,Shoes,12816,"Made in USA, premium suede and mesh upper, ENCAP midsole technology",26,4.6,https://www.amazon.in/s?k=New+Balance+990v6
888,Apple AirPods Pro - Variant 4123,Electronics,16997,"Active noise cancellation, transparency mode, spatial audio, wireless charging",23,5.0,https://www.amazon.in/s?k=Apple+AirPods+Pro
889,Creatine Monohydrate - Variant 8242,Health,2983,"Micronized creatine, 5g per serving, unflavored, 60 servings, lab tested",97,4.8,https://www.amazon.in/s?k=Creatine+Monohydrate+Micronized
890,Nike Air Max 270 - Variant 9375,Shoes,12788,"Lightweight running shoe with Air Max cushioning, great for daily use",40,4.6,https://www.amazon.in/s?k=Nike+Air+Max+270
891,New Balance 990v6 - Variant 8741,Shoes,15468,"Made in USA, premium suede and mesh upper, ENCAP midsole technology",41,4.9,https://www.amazon.in/s?k=New+Balance+990v6
892,Converse Chuck Taylor - Variant 7774,Shoes,5672,"Classic canvas high-top, rubber sole, available in 20+ colors",225,4.6,https://www.amazon.in/s?k=Converse+Chuck+Taylor+High+Top
893,Sunscreen SPF 50 EltaMD - Variant 6351,Beauty,3728,"Broad spectrum UV protection, oil-free, dermatologist recommended, 3oz",46,5.0,https://www.amazon.in/s?k=EltaMD+Sunscreen+SPF+50
894,Levi's Denim Jacket - Variant 4149,Clothing,8354,"Classic trucker jacket, 100% cotton denim, multiple color options",59,4.3,https://www.amazon.in/s?k=Levis+Denim+Jacket+Trucker
895,Hiking Boots Merrell - Variant 7911,Shoes,13137,"Waterproof leather, Vibram outsole, air cushion heel, ankle support",61,4.6,https://www.amazon.in/s?k=Merrell+Hiking+Boots+Waterproof
896,Air Fryer Ninja 6qt - Variant 9534,Kitchen,11185,"6-quart capacity, 4-in-1 functionality, up to 75% less fat, dishwasher safe",38,4.7,https://www.amazon.in/s?k=Ninja+Air+Fryer+6qt
897,Resistance Bands Set - Variant 1350,Sports,1547,"5 resistance levels, latex-free, includes door anchor and carry bag",188,4.7,https://www.amazon.in/s?k=Resistance+Bands+Set+5+levels
898,Atomic Habits Book - Variant 9909,Books,1521,James Clear's guide to building good habits and breaking bad ones,281,4.6,https://www.amazon.in/s?k=Atomic+Habits+James+Clear
899,Jump Rope Speed - Variant 6242,Sports,1377,"Adjustable steel cable, ball bearing handles, suitable for all fitness levels",194,4.6,https://www.amazon.in/s?k=Speed+Jump+Rope+Adjustable
900,Instant Pot Duo 7-in-1 - Variant 4903,Kitchen,6651,"Pressure cooker, slow cooker, rice cooker, steamer, saute, yogurt maker",95,4.5,https://www.amazon.in/s?k=Instant+Pot+Duo
901,Sony WH-1000XM5 - Variant 1198,Electronics,30823,"Industry-leading noise cancellation, 30hr battery, multipoint connection",37,4.7,https://www.amazon.in/s?k=Sony+WH-1000XM5
902,Yoga Mat Premium - Variant 9441,Sports,3431,"Non-slip 6mm thick mat, eco-friendly TPE material, includes carry strap",113,4.2,https://www.amazon.in/s?k=Premium+Yoga+Mat
903,Levi's 501 Jeans - Variant 1142,Clothing,5194,"Classic straight fit jeans, durable denim, available in multiple washes",147,4.2,https://www.amazon.in/s?k=Levis+501+Jeans
904,Omega-3 Fish Oil - Variant 6067,Health,1454,"1200mg EPA+DHA per serving, enteric coated, 90 softgels, no fishy aftertaste",125,4.3,https://www.amazon.in/s?k=Omega+3+Fish+Oil+1200mg
905,Multivitamin Men's - Variant 8149,Health,2353,"23 essential vitamins and minerals, once daily, 90 tablets, no artificial colors",103,4.4,https://www.amazon.in/s?k=Mens+Multivitamin+Daily
906,Sunglasses Polarized - Variant 6752,Accessories,2217,"UV400 protection, polarized lenses, lightweight frame, unisex design",124,4.2,https://www.amazon.in/s?k=Polarized+Sunglasses+UV400
907,Samsung 4K Smart TV 55inch - Variant 9326,Electronics,62409,"Crystal UHD display, built-in Alexa, HDR10+, 3 HDMI ports",14,4.5,https://www.amazon.in/s?k=Samsung+4K+Smart+TV+55inch
908,Air Fryer Ninja 6qt - Variant 2079,Kitchen,8379,"6-quart capacity, 4-in-1 functionality, up to 75% less fat, dishwasher safe",56,4.4,https://www.amazon.in/s?k=Ninja+Air+Fryer+6qt
909,The Alchemist Book - Variant 5957,Books,1403,Paulo Coelho's masterpiece about following your dreams and personal legend,123,4.9,https://www.amazon.in/s?k=The+Alchemist+Paulo+Coelho
910,Instant Pot Duo 7-in-1 - Variant 8020,Kitchen,7765,"Pressure cooker, slow cooker, rice cooker, steamer, saute, yogurt maker",67,4.9,https://www.amazon.in/s?k=Instant+Pot+Duo
911,Mechanical Keyboard RGB - Variant 8648,Electronics,7610,"TKL layout, Cherry MX switches, per-key RGB lighting, USB-C",47,4.7,https://www.amazon.in/s?k=Mechanical+Keyboard+RGB
912,Jump Rope Speed - Variant 8962,Sports,1429,"Adjustable steel cable, ball bearing handles, suitable for all fitness levels",184,4.6,https://www.amazon.in/s?k=Speed+Jump+Rope+Adjustable
913,Linen Shirt Uniqlo - Variant 5300,Clothing,3148,"100% linen, breathable summer fabric, relaxed fit, 8 color options",238,4.3,https://www.amazon.in/s?k=Linen+Shirt+Men+Uniqlo
914,Creatine Monohydrate - Variant 5376,Health,2861,"Micronized creatine, 5g per serving, unflavored, 60 servings, lab tested",138,4.7,https://www.amazon.in/s?k=Creatine+Monohydrate+Micronized
915,Leather Wallet Slim - Variant 4537,Accessories,1921,"Genuine leather, RFID blocking, 8 card slots, minimalist design",101,4.2,https://www.amazon.in/s?k=Slim+Leather+Wallet+RFID
916,Vitamin C Serum - Variant 6288,Beauty,1831,"20% Vitamin C with hyaluronic acid, brightens skin, reduces dark spots",170,4.0,https://www.amazon.in/s?k=Vitamin+C+Serum+20+percent
917,Sunglasses Polarized - Variant 5420,Accessories,2935,"UV400 protection, polarized lenses, lightweight frame, unisex design",157,3.9,https://www.amazon.in/s?k=Polarized+Sunglasses+UV400
918,Yoga Mat Premium - Variant 2375,Sports,2906,"Non-slip 6mm thick mat, eco-friendly TPE material, includes carry strap",64,4.1,https://www.amazon.in/s?k=Premium+Yoga+Mat
919,Atomic Habits Workbook - Variant 1905,Books,1374,Companion workbook to Atomic Habits with exercises and habit trackers,177,4.4,https://www.amazon.in/s?k=Atomic+Habits+Workbook
920,Atomic Habits Workbook - Variant 9827,Books,1258,Companion workbook to Atomic Habits with exercises and habit trackers,179,4.4,https://www.amazon.in/s?k=Atomic+Habits+Workbook
921,New Balance 990v6 - Variant 5943,Shoes,16517,"Made in USA, premium suede and mesh upper, ENCAP midsole technology",46,4.5,https://www.amazon.in/s?k=New+Balance+990v6
922,Converse Chuck Taylor - Variant 3098,Shoes,6121,"Classic canvas high-top, rubber sole, available in 20+ colors",217,4.7,https://www.amazon.in/s?k=Converse+Chuck+Taylor+High+Top
923,Sunglasses Polarized - Variant 1383,Accessories,2835,"UV400 protection, polarized lenses, lightweight frame, unisex design",131,4.2,https://www.amazon.in/s?k=Polarized+Sunglasses+UV400
924,Adidas Ultraboost 22 - Variant 5146,Shoes,17716,"Responsive Boost midsole, Primeknit upper, Continental rubber outsole",89,4.5,https://www.amazon.in/s?k=Adidas+Ultraboost+22
925,The Alchemist Book - Variant 7929,Books,1176,Paulo Coelho's masterpiece about following your dreams and personal legend,211,4.8,https://www.amazon.in/s?k=The+Alchemist+Paulo+Coelho
926,Sunglasses Polarized - Variant 1702,Accessories,2829,"UV400 protection, polarized lenses, lightweight frame, unisex design",119,4.0,https://www.amazon.in/s?k=Polarized+Sunglasses+UV400
927,Blender Vitamix A2500 - Variant 3770,Kitchen,32620,"Variable speed control, 3 program settings, self-cleaning, 64oz container",25,4.8,https://www.amazon.in/s?k=Vitamix+A2500+Blender
928,Face Wash CeraVe - Variant 3882,Beauty,1449,"Hydrating cleanser with ceramides and hyaluronic acid, 16oz, all skin types",326,4.8,https://www.amazon.in/s?k=CeraVe+Hydrating+Face+Wash
929,Multivitamin Men's - Variant 3941,Health,1927,"23 essential vitamins and minerals, once daily, 90 tablets, no artificial colors",133,4.6,https://www.amazon.in/s?k=Mens+Multivitamin+Daily
930,Webcam Logitech 4K - Variant 8244,Electronics,14620,"4K Ultra HD, auto-focus, built-in mic, works with Zoom and Teams",67,4.2,https://www.amazon.in/s?k=Logitech+4K+Webcam
931,Dell 27inch Monitor - Variant 6333,Electronics,29600,"IPS panel, 165Hz refresh rate, 1ms response time, USB-C, FreeSync",22,4.7,https://www.amazon.in/s?k=Dell+27+inch+165Hz+Monitor
932,Coffee Maker Drip - Variant 5207,Kitchen,3931,"12-cup programmable coffee maker, built-in grinder, thermal carafe",87,4.1,https://www.amazon.in/s?k=Drip+Coffee+Maker
933,Dumbbell Set Adjustable - Variant 6757,Sports,12883,"5-52.5 lbs per dumbbell, replaces 15 sets, fast adjust dial system",41,4.8,https://www.amazon.in/s?k=Adjustable+Dumbbell+Set
934,Apple AirPods Pro - Variant 4921,Electronics,19884,"Active noise cancellation, transparency mode, spatial audio, wireless charging",23,4.7,https://www.amazon.in/s?k=Apple+AirPods+Pro
935,Dell 27inch Monitor - Variant 8304,Electronics,25932,"IPS panel, 165Hz refresh rate, 1ms response time, USB-C, FreeSync",15,4.6,https://www.amazon.in/s?k=Dell+27+inch+165Hz+Monitor
936,Wireless Mouse Logitech - Variant 6043,Electronics,3242,"MX Master 3, ergonomic design, 4000 DPI, multi-device support",51,4.5,https://www.amazon.in/s?k=Logitech+MX+Master+3
937,Yoga Mat Premium - Variant 3385,Sports,3472,"Non-slip 6mm thick mat, eco-friendly TPE material, includes carry strap",61,4.4,https://www.amazon.in/s?k=Premium+Yoga+Mat
938,Luggage Samsonite 28inch - Variant 3436,Accessories,18799,"Hardside spinner, TSA lock, expandable, lightweight polycarbonate shell",36,4.8,https://www.amazon.in/s?k=Samsonite+28+inch+Hardside+Luggage
939,Dumbbell Set Adjustable - Variant 5250,Sports,14866,"5-52.5 lbs per dumbbell, replaces 15 sets, fast adjust dial system",18,4.8,https://www.amazon.in/s?k=Adjustable+Dumbbell+Set
940,Jump Rope Speed - Variant 7006,Sports,1568,"Adjustable steel cable, ball bearing handles, suitable for all fitness levels",207,4.6,https://www.amazon.in/s?k=Speed+Jump+Rope+Adjustable
941,Kindle Paperwhite - Variant 3731,Electronics,11598,"6.8-inch display, adjustable warm light, waterproof, 3 months free Kindle Unlimited",71,4.7,https://www.amazon.in/s?k=Kindle+Paperwhite+2024
942,Resistance Bands Set - Variant 1285,Sports,1625,"5 resistance levels, latex-free, includes door anchor and carry bag",68,4.7,https://www.amazon.in/s?k=Resistance+Bands+Set+5+levels
943,Hiking Boots Merrell - Variant 5613,Shoes,11889,"Waterproof leather, Vibram outsole, air cushion heel, ankle support",63,4.6,https://www.amazon.in/s?k=Merrell+Hiking+Boots+Waterproof
944,Omega-3 Fish Oil - Variant 4217,Health,1706,"1200mg EPA+DHA per serving, enteric coated, 90 softgels, no fishy aftertaste",174,4.4,https://www.amazon.in/s?k=Omega+3+Fish+Oil+1200mg
945,Linen Shirt Uniqlo - Variant 6683,Clothing,3719,"100% linen, breathable summer fabric, relaxed fit, 8 color options",146,4.4,https://www.amazon.in/s?k=Linen+Shirt+Men+Uniqlo
946,Running Shorts Nike - Variant 1416,Clothing,3052,"Dri-FIT fabric, 7-inch inseam, built-in brief, reflective details",142,4.1,https://www.amazon.in/s?k=Nike+Running+Shorts+DriFIT
947,Levi's 501 Jeans - Variant 6672,Clothing,4751,"Classic straight fit jeans, durable denim, available in multiple washes",74,4.5,https://www.amazon.in/s?k=Levis+501+Jeans
948,Backpack Osprey 40L - Variant 6654,Accessories,13407,"40L travel pack, TSA-friendly, laptop sleeve, rain cover included",41,4.8,https://www.amazon.in/s?k=Osprey+40L+Backpack
949,Apple AirPods Pro - Variant 3302,Electronics,20244,"Active noise cancellation, transparency mode, spatial audio, wireless charging",25,4.6,https://www.amazon.in/s?k=Apple+AirPods+Pro
950,Nike Air Max 270 - Variant 3255,Shoes,11085,"Lightweight running shoe with Air Max cushioning, great for daily use",74,4.7,https://www.amazon.in/s?k=Nike+Air+Max+270
951,Creatine Monohydrate - Variant 7925,Health,2894,"Micronized creatine, 5g per serving, unflavored, 60 servings, lab tested",116,4.4,https://www.amazon.in/s?k=Creatine+Monohydrate+Micronized
952,Coffee Maker Drip - Variant 4217,Kitchen,3457,"12-cup programmable coffee maker, built-in grinder, thermal carafe",58,4.5,https://www.amazon.in/s?k=Drip+Coffee+Maker
953,Kindle Paperwhite - Variant 7586,Electronics,11465,"6.8-inch display, adjustable warm light, waterproof, 3 months free Kindle Unlimited",74,4.4,https://www.amazon.in/s?k=Kindle+Paperwhite+2024
954,New Balance 990v6 - Variant 1186,Shoes,13409,"Made in USA, premium suede and mesh upper, ENCAP midsole technology",32,4.3,https://www.amazon.in/s?k=New+Balance+990v6
955,Levi's 501 Jeans - Variant 6667,Clothing,4656,"Classic straight fit jeans, durable denim, available in multiple washes",75,4.6,https://www.amazon.in/s?k=Levis+501+Jeans
956,Levi's Denim Jacket - Variant 3414,Clothing,7095,"Classic trucker jacket, 100% cotton denim, multiple color options",100,4.3,https://www.amazon.in/s?k=Levis+Denim+Jacket+Trucker
957,Apple AirPods Pro - Variant 9685,Electronics,24167,"Active noise cancellation, transparency mode, spatial audio, wireless charging",38,4.8,https://www.amazon.in/s?k=Apple+AirPods+Pro
958,Coffee Maker Drip - Variant 6664,Kitchen,4746,"12-cup programmable coffee maker, built-in grinder, thermal carafe",75,4.1,https://www.amazon.in/s?k=Drip+Coffee+Maker
959,Wireless Mouse Logitech - Variant 7226,Electronics,3709,"MX Master 3, ergonomic design, 4000 DPI, multi-device support",44,4.4,https://www.amazon.in/s?k=Logitech+MX+Master+3
960,Retinol Night Cream - Variant 1449,Beauty,2713,"0.5% retinol with peptides, reduces fine lines, fragrance-free, 50ml",123,4.5,https://www.amazon.in/s?k=Retinol+Night+Cream+0.5+percent
961,Webcam Logitech 4K - Variant 5905,Electronics,13469,"4K Ultra HD, auto-focus, built-in mic, works with Zoom and Teams",64,4.8,https://www.amazon.in/s?k=Logitech+4K+Webcam
962,Luggage Samsonite 28inch - Variant 8432,Accessories,19098,"Hardside spinner, TSA lock, expandable, lightweight polycarbonate shell",14,4.6,https://www.amazon.in/s?k=Samsonite+28+inch+Hardside+Luggage
963,Levi's Denim Jacket - Variant 5181,Clothing,7715,"Classic trucker jacket, 100% cotton denim, multiple color options",39,4.2,https://www.amazon.in/s?k=Levis+Denim+Jacket+Trucker
964,Face Wash CeraVe - Variant 5949,Beauty,1205,"Hydrating cleanser with ceramides and hyaluronic acid, 16oz, all skin types",111,4.5,https://www.amazon.in/s?k=CeraVe+Hydrating+Face+Wash
965,Hoodie Champion Reverse Weave - Variant 1372,Clothing,5115,"Heavyweight fleece, reverse weave construction, kangaroo pocket",78,4.8,https://www.amazon.in/s?k=Champion+Reverse+Weave+Hoodie
966,Sony WH-1000XM5 - Variant 2607,Electronics,24715,"Industry-leading noise cancellation, 30hr battery, multipoint connection",18,4.8,https://www.amazon.in/s?k=Sony+WH-1000XM5
967,Rich Dad Poor Dad - Variant 4866,Books,1191,"Robert Kiyosaki's personal finance classic, updated 25th anniversary edition",265,4.8,https://www.amazon.in/s?k=Rich+Dad+Poor+Dad+Kiyosaki
968,Rich Dad Poor Dad - Variant 7351,Books,995,"Robert Kiyosaki's personal finance classic, updated 25th anniversary edition",145,4.7,https://www.amazon.in/s?k=Rich+Dad+Poor+Dad+Kiyosaki
969,Resistance Bands Set - Variant 8988,Sports,1784,"5 resistance levels, latex-free, includes door anchor and carry bag",103,4.8,https://www.amazon.in/s?k=Resistance+Bands+Set+5+levels
970,Converse Chuck Taylor - Variant 3858,Shoes,4441,"Classic canvas high-top, rubber sole, available in 20+ colors",112,4.2,https://www.amazon.in/s?k=Converse+Chuck+Taylor+High+Top
971,Multivitamin Men's - Variant 9807,Health,1988,"23 essential vitamins and minerals, once daily, 90 tablets, no artificial colors",176,4.3,https://www.amazon.in/s?k=Mens+Multivitamin+Daily
972,Apple AirPods Pro - Variant 8441,Electronics,18146,"Active noise cancellation, transparency mode, spatial audio, wireless charging",17,4.9,https://www.amazon.in/s?k=Apple+AirPods+Pro
973,Nike Air Max 270 - Variant 7427,Shoes,8917,"Lightweight running shoe with Air Max cushioning, great for daily use",43,4.3,https://www.amazon.in/s?k=Nike+Air+Max+270
974,Yoga Mat Premium - Variant 3118,Sports,2844,"Non-slip 6mm thick mat, eco-friendly TPE material, includes carry strap",88,4.6,https://www.amazon.in/s?k=Premium+Yoga+Mat
975,Coffee Maker Drip - Variant 1337,Kitchen,4202,"12-cup programmable coffee maker, built-in grinder, thermal carafe",65,4.5,https://www.amazon.in/s?k=Drip+Coffee+Maker
976,New Balance 990v6 - Variant 5640,Shoes,13338,"Made in USA, premium suede and mesh upper, ENCAP midsole technology",19,4.3,https://www.amazon.in/s?k=New+Balance+990v6
977,Sunscreen SPF 50 EltaMD - Variant 8032,Beauty,3470,"Broad spectrum UV protection, oil-free, dermatologist recommended, 3oz",104,4.9,https://www.amazon.in/s?k=EltaMD+Sunscreen+SPF+50
978,Harry Potter Box Set - Variant 6364,Books,6764,"Complete 7-book hardcover collection, illustrated edition",31,4.7,https://www.amazon.in/s?k=Harry+Potter+Box+Set+Hardcover
979,Coffee Maker Drip - Variant 8874,Kitchen,4939,"12-cup programmable coffee maker, built-in grinder, thermal carafe",63,4.6,https://www.amazon.in/s?k=Drip+Coffee+Maker
980,Converse Chuck Taylor - Variant 3681,Shoes,5297,"Classic canvas high-top, rubber sole, available in 20+ colors",267,4.7,https://www.amazon.in/s?k=Converse+Chuck+Taylor+High+Top
981,Coffee Maker Drip - Variant 2923,Kitchen,4927,"12-cup programmable coffee maker, built-in grinder, thermal carafe",74,4.1,https://www.amazon.in/s?k=Drip+Coffee+Maker
982,Creatine Monohydrate - Variant 7838,Health,2902,"Micronized creatine, 5g per serving, unflavored, 60 servings, lab tested",120,4.5,https://www.amazon.in/s?k=Creatine+Monohydrate+Micronized
983,Instant Pot Duo 7-in-1 - Variant 4956,Kitchen,6114,"Pressure cooker, slow cooker, rice cooker, steamer, saute, yogurt maker",61,4.8,https://www.amazon.in/s?k=Instant+Pot+Duo
984,Backpack Osprey 40L - Variant 7997,Accessories,11002,"40L travel pack, TSA-friendly, laptop sleeve, rain cover included",46,4.9,https://www.amazon.in/s?k=Osprey+40L+Backpack
985,iPad Air 11inch - Variant 3753,Electronics,54159,"M2 chip, 11-inch Liquid Retina display, Apple Pencil Pro support, 256GB",15,5.0,https://www.amazon.in/s?k=iPad+Air+M2+11inch
986,Dell 27inch Monitor - Variant 8559,Electronics,28753,"IPS panel, 165Hz refresh rate, 1ms response time, USB-C, FreeSync",16,5.0,https://www.amazon.in/s?k=Dell+27+inch+165Hz+Monitor
987,Hiking Boots Merrell - Variant 8384,Shoes,13333,"Waterproof leather, Vibram outsole, air cushion heel, ankle support",61,4.6,https://www.amazon.in/s?k=Merrell+Hiking+Boots+Waterproof
988,Atomic Habits Book - Variant 5713,Books,1277,James Clear's guide to building good habits and breaking bad ones,373,5.0,https://www.amazon.in/s?k=Atomic+Habits+James+Clear
989,Leather Wallet Slim - Variant 6057,Accessories,1704,"Genuine leather, RFID blocking, 8 card slots, minimalist design",123,4.4,https://www.amazon.in/s?k=Slim+Leather+Wallet+RFID
990,Running Shorts Nike - Variant 5191,Clothing,2463,"Dri-FIT fabric, 7-inch inseam, built-in brief, reflective details",113,4.2,https://www.amazon.in/s?k=Nike+Running+Shorts+DriFIT
991,Omega-3 Fish Oil - Variant 5187,Health,1737,"1200mg EPA+DHA per serving, enteric coated, 90 softgels, no fishy aftertaste",179,4.4,https://www.amazon.in/s?k=Omega+3+Fish+Oil+1200mg
992,Webcam Logitech 4K - Variant 7491,Electronics,10592,"4K Ultra HD, auto-focus, built-in mic, works with Zoom and Teams",28,4.4,https://www.amazon.in/s?k=Logitech+4K+Webcam
993,Samsung 4K Smart TV 55inch - Variant 2222,Electronics,51465,"Crystal UHD display, built-in Alexa, HDR10+, 3 HDMI ports",12,4.6,https://www.amazon.in/s?k=Samsung+4K+Smart+TV+55inch
994,Kindle Paperwhite - Variant 2441,Electronics,11390,"6.8-inch display, adjustable warm light, waterproof, 3 months free Kindle Unlimited",54,4.8,https://www.amazon.in/s?k=Kindle+Paperwhite+2024
995,Face Wash CeraVe - Variant 8034,Beauty,1423,"Hydrating cleanser with ceramides and hyaluronic acid, 16oz, all skin types",285,4.7,https://www.amazon.in/s?k=CeraVe+Hydrating+Face+Wash
996,Protein Powder Whey - Variant 9720,Health,5429,"25g protein per serving, chocolate flavor, 5lb bag, no artificial colors",23,4.3,https://www.amazon.in/s?k=Whey+Protein+Powder+Chocolate
997,Rich Dad Poor Dad - Variant 4183,Books,977,"Robert Kiyosaki's personal finance classic, updated 25th anniversary edition",161,4.7,https://www.amazon.in/s?k=Rich+Dad+Poor+Dad+Kiyosaki
998,Multivitamin Men's - Variant 5581,Health,2092,"23 essential vitamins and minerals, once daily, 90 tablets, no artificial colors",103,4.2,https://www.amazon.in/s?k=Mens+Multivitamin+Daily
999,Wireless Mouse Logitech - Variant 3174,Electronics,3423,"MX Master 3, ergonomic design, 4000 DPI, multi-device support",38,4.7,https://www.amazon.in/s?k=Logitech+MX+Master+3
1000,Backpack Osprey 40L - Variant 7319,Accessories,14468,"40L travel pack, TSA-friendly, laptop sleeve, rain cover included",21,4.5,https://www.amazon.in/s?k=Osprey+40L+Backpack
1001,Protein Powder Whey - Variant 6774,Health,4501,"25g protein per serving, chocolate flavor, 5lb bag, no artificial colors",33,4.4,https://www.amazon.in/s?k=Whey+Protein+Powder+Chocolate
1002,Rich Dad Poor Dad - Variant 3003,Books,1048,"Robert Kiyosaki's personal finance classic, updated 25th anniversary edition",128,4.9,https://www.amazon.in/s?k=Rich+Dad+Poor+Dad+Kiyosaki
1003,Hoodie Champion Reverse Weave - Variant 1928,Clothing,6470,"Heavyweight fleece, reverse weave construction, kangaroo pocket",84,4.6,https://www.amazon.in/s?k=Champion+Reverse+Weave+Hoodie
1004,Atomic Habits Book - Variant 5658,Books,1524,James Clear's guide to building good habits and breaking bad ones,408,5.0,https://www.amazon.in/s?k=Atomic+Habits+James+Clear
1005,Omega-3 Fish Oil - Variant 1897,Health,1650,"1200mg EPA+DHA per serving, enteric coated, 90 softgels, no fishy aftertaste",203,4.3,https://www.amazon.in/s?k=Omega+3+Fish+Oil+1200mg
1006,Coffee Maker Drip - Variant 1207,Kitchen,3379,"12-cup programmable coffee maker, built-in grinder, thermal carafe",83,4.0,https://www.amazon.in/s?k=Drip+Coffee+Maker
1007,The Alchemist Book - Variant 8068,Books,1372,Paulo Coelho's masterpiece about following your dreams and personal legend,206,5.0,https://www.amazon.in/s?k=The+Alchemist+Paulo+Coelho
1008,Coffee Maker Drip - Variant 3346,Kitchen,3760,"12-cup programmable coffee maker, built-in grinder, thermal carafe",59,4.3,https://www.amazon.in/s?k=Drip+Coffee+Maker
1009,New Balance 990v6 - Variant 9113,Shoes,17606,"Made in USA, premium suede and mesh upper, ENCAP midsole technology",23,4.6,https://www.amazon.in/s?k=New+Balance+990v6
1010,The Alchemist Book - Variant 7232,Books,1003,Paulo Coelho's masterpiece about following your dreams and personal legend,134,5.0,https://www.amazon.in/s?k=The+Alchemist+Paulo+Coelho
1011,Converse Chuck Taylor - Variant 9254,Shoes,5830,"Classic canvas high-top, rubber sole, available in 20+ colors",146,4.3,https://www.amazon.in/s?k=Converse+Chuck+Taylor+High+Top
1012,Wireless Mouse Logitech - Variant 9204,Electronics,3526,"MX Master 3, ergonomic design, 4000 DPI, multi-device support",83,5.0,https://www.amazon.in/s?k=Logitech+MX+Master+3
1013,Sunscreen SPF 50 EltaMD - Variant 3461,Beauty,3096,"Broad spectrum UV protection, oil-free, dermatologist recommended, 3oz",64,4.9,https://www.amazon.in/s?k=EltaMD+Sunscreen+SPF+50
1014,iPad Air 11inch - Variant 6500,Electronics,43522,"M2 chip, 11-inch Liquid Retina display, Apple Pencil Pro support, 256GB",16,4.9,https://www.amazon.in/s?k=iPad+Air+M2+11inch
1015,Atomic Habits Book - Variant 1546,Books,1798,James Clear's guide to building good habits and breaking bad ones,319,5.0,https://www.amazon.in/s?k=Atomic+Habits+James+Clear
1016,Nike Air Max 270 - Variant 4678,Shoes,9453,"Lightweight running shoe with Air Max cushioning, great for daily use",48,4.8,https://www.amazon.in/s?k=Nike+Air+Max+270
1017,Yoga Mat Premium - Variant 4969,Sports,2627,"Non-slip 6mm thick mat, eco-friendly TPE material, includes carry strap",127,4.2,https://www.amazon.in/s?k=Premium+Yoga+Mat
1018,Webcam Logitech 4K - Variant 3223,Electronics,11229,"4K Ultra HD, auto-focus, built-in mic, works with Zoom and Teams",54,4.6,https://www.amazon.in/s?k=Logitech+4K+Webcam
1019,Leather Wallet Slim - Variant 9333,Accessories,2061,"Genuine leather, RFID blocking, 8 card slots, minimalist design",161,4.4,https://www.amazon.in/s?k=Slim+Leather+Wallet+RFID
1020,Mechanical Keyboard RGB - Variant 3245,Electronics,7715,"TKL layout, Cherry MX switches, per-key RGB lighting, USB-C",50,4.3,https://www.amazon.in/s?k=Mechanical+Keyboard+RGB
1021,Yoga Mat Premium - Variant 4275,Sports,3423,"Non-slip 6mm thick mat, eco-friendly TPE material, includes carry strap",83,4.3,https://www.amazon.in/s?k=Premium+Yoga+Mat
1022,Atomic Habits Book - Variant 7176,Books,1624,James Clear's guide to building good habits and breaking bad ones,165,4.9,https://www.amazon.in/s?k=Atomic+Habits+James+Clear
1023,Vitamin C Serum - Variant 4298,Beauty,2499,"20% Vitamin C with hyaluronic acid, brightens skin, reduces dark spots",190,4.3,https://www.amazon.in/s?k=Vitamin+C+Serum+20+percent
1024,Dumbbell Set Adjustable - Variant 8112,Sports,13613,"5-52.5 lbs per dumbbell, replaces 15 sets, fast adjust dial system",33,4.7,https://www.amazon.in/s?k=Adjustable+Dumbbell+Set
1025,Yoga Mat Premium - Variant 1971,Sports,3496,"Non-slip 6mm thick mat, eco-friendly TPE material, includes carry strap",73,4.5,https://www.amazon.in/s?k=Premium+Yoga+Mat
1026,Air Fryer Ninja 6qt - Variant 3593,Kitchen,9707,"6-quart capacity, 4-in-1 functionality, up to 75% less fat, dishwasher safe",51,5.0,https://www.amazon.in/s?k=Ninja+Air+Fryer+6qt
1027,Resistance Bands Set - Variant 4704,Sports,1723,"5 resistance levels, latex-free, includes door anchor and carry bag",186,4.7,https://www.amazon.in/s?k=Resistance+Bands+Set+5+levels
1028,Multivitamin Men's - Variant 8062,Health,2308,"23 essential vitamins and minerals, once daily, 90 tablets, no artificial colors",88,4.4,https://www.amazon.in/s?k=Mens+Multivitamin+Daily
1029,Sony WH-1000XM5 - Variant 9343,Electronics,27450,"Industry-leading noise cancellation, 30hr battery, multipoint connection",32,4.7,https://www.amazon.in/s?k=Sony+WH-1000XM5
1030,Face Wash CeraVe - Variant 7918,Beauty,1126,"Hydrating cleanser with ceramides and hyaluronic acid, 16oz, all skin types",114,4.7,https://www.amazon.in/s?k=CeraVe+Hydrating+Face+Wash
1031,New Balance 990v6 - Variant 1329,Shoes,16355,"Made in USA, premium suede and mesh upper, ENCAP midsole technology",29,4.9,https://www.amazon.in/s?k=New+Balance+990v6
1032,Stand Mixer KitchenAid - Variant 1550,Kitchen,27586,"5-quart bowl, 10 speeds, 59 attachments compatible, tilt-head design",7,4.8,https://www.amazon.in/s?k=KitchenAid+Stand+Mixer+5qt
1033,Running Shorts Nike - Variant 6499,Clothing,2897,"Dri-FIT fabric, 7-inch inseam, built-in brief, reflective details",121,4.2,https://www.amazon.in/s?k=Nike+Running+Shorts+DriFIT
1034,Levi's Denim Jacket - Variant 9688,Clothing,6717,"Classic trucker jacket, 100% cotton denim, multiple color options",73,4.3,https://www.amazon.in/s?k=Levis+Denim+Jacket+Trucker
1035,Apple AirPods Pro - Variant 8816,Electronics,21087,"Active noise cancellation, transparency mode, spatial audio, wireless charging",44,4.9,https://www.amazon.in/s?k=Apple+AirPods+Pro
1036,Retinol Night Cream - Variant 7861,Beauty,2653,"0.5% retinol with peptides, reduces fine lines, fragrance-free, 50ml",99,4.3,https://www.amazon.in/s?k=Retinol+Night+Cream+0.5+percent
1037,Linen Shirt Uniqlo - Variant 1957,Clothing,3268,"100% linen, breathable summer fabric, relaxed fit, 8 color options",232,4.4,https://www.amazon.in/s?k=Linen+Shirt+Men+Uniqlo
1038,Resistance Bands Set - Variant 8178,Sports,2127,"5 resistance levels, latex-free, includes door anchor and carry bag",122,4.6,https://www.amazon.in/s?k=Resistance+Bands+Set+5+levels
1039,Retinol Night Cream - Variant 5506,Beauty,3066,"0.5% retinol with peptides, reduces fine lines, fragrance-free, 50ml",107,4.4,https://www.amazon.in/s?k=Retinol+Night+Cream+0.5+percent
1040,Sunscreen SPF 50 EltaMD - Variant 6558,Beauty,3008,"Broad spectrum UV protection, oil-free, dermatologist recommended, 3oz",61,4.9,https://www.amazon.in/s?k=EltaMD+Sunscreen+SPF+50
1041,Jump Rope Speed - Variant 2556,Sports,1771,"Adjustable steel cable, ball bearing handles, suitable for all fitness levels",246,4.2,https://www.amazon.in/s?k=Speed+Jump+Rope+Adjustable
1042,Apple AirPods Pro - Variant 7305,Electronics,18917,"Active noise cancellation, transparency mode, spatial audio, wireless charging",43,4.8,https://www.amazon.in/s?k=Apple+AirPods+Pro
1043,Atomic Habits Book - Variant 3058,Books,1359,James Clear's guide to building good habits and breaking bad ones,173,5.0,https://www.amazon.in/s?k=Atomic+Habits+James+Clear
1044,Hoodie Champion Reverse Weave - Variant 5868,Clothing,5457,"Heavyweight fleece, reverse weave construction, kangaroo pocket",126,4.5,https://www.amazon.in/s?k=Champion+Reverse+Weave+Hoodie
1045,Atomic Habits Book - Variant 9416,Books,1521,James Clear's guide to building good habits and breaking bad ones,308,4.6,https://www.amazon.in/s?k=Atomic+Habits+James+Clear
1046,Atomic Habits Book - Variant 3620,Books,1604,James Clear's guide to building good habits and breaking bad ones,311,5.0,https://www.amazon.in/s?k=Atomic+Habits+James+Clear
1047,Levi's Denim Jacket - Variant 7942,Clothing,6852,"Classic trucker jacket, 100% cotton denim, multiple color options",77,4.6,https://www.amazon.in/s?k=Levis+Denim+Jacket+Trucker
1048,Converse Chuck Taylor - Variant 3943,Shoes,4590,"Classic canvas high-top, rubber sole, available in 20+ colors",128,4.8,https://www.amazon.in/s?k=Converse+Chuck+Taylor+High+Top
1049,Running Shorts Nike - Variant 7034,Clothing,2730,"Dri-FIT fabric, 7-inch inseam, built-in brief, reflective details",56,4.7,https://www.amazon.in/s?k=Nike+Running+Shorts+DriFIT
1050,Vitamin C Serum - Variant 7559,Beauty,2285,"20% Vitamin C with hyaluronic acid, brightens skin, reduces dark spots",139,4.1,https://www.amazon.in/s?k=Vitamin+C+Serum+20+percent
1051,The Alchemist Book - Variant 8792,Books,1468,Paulo Coelho's masterpiece about following your dreams and personal legend,223,5.0,https://www.amazon.in/s?k=The+Alchemist+Paulo+Coelho
1052,Apple AirPods Pro - Variant 4701,Electronics,21171,"Active noise cancellation, transparency mode, spatial audio, wireless charging",38,4.6,https://www.amazon.in/s?k=Apple+AirPods+Pro
1053,Leather Wallet Slim - Variant 9560,Accessories,2362,"Genuine leather, RFID blocking, 8 card slots, minimalist design",151,4.3,https://www.amazon.in/s?k=Slim+Leather+Wallet+RFID
1054,Kindle Paperwhite - Variant 8138,Electronics,11104,"6.8-inch display, adjustable warm light, waterproof, 3 months free Kindle Unlimited",67,4.6,https://www.amazon.in/s?k=Kindle+Paperwhite+2024
1055,Instant Pot Duo 7-in-1 - Variant 4844,Kitchen,8958,"Pressure cooker, slow cooker, rice cooker, steamer, saute, yogurt maker",110,4.6,https://www.amazon.in/s?k=Instant+Pot+Duo
1056,Atomic Habits Book - Variant 4331,Books,1470,James Clear's guide to building good habits and breaking bad ones,294,4.7,https://www.amazon.in/s?k=Atomic+Habits+James+Clear
1057,Stand Mixer KitchenAid - Variant 4825,Kitchen,30552,"5-quart bowl, 10 speeds, 59 attachments compatible, tilt-head design",7,4.6,https://www.amazon.in/s?k=KitchenAid+Stand+Mixer+5qt
1058,Wireless Mouse Logitech - Variant 6678,Electronics,3097,"MX Master 3, ergonomic design, 4000 DPI, multi-device support",57,4.9,https://www.amazon.in/s?k=Logitech+MX+Master+3
1059,Vitamin C Serum - Variant 1985,Beauty,2395,"20% Vitamin C with hyaluronic acid, brightens skin, reduces dark spots",147,4.3,https://www.amazon.in/s?k=Vitamin+C+Serum+20+percent
1060,Coffee Maker Drip - Variant 5382,Kitchen,4643,"12-cup programmable coffee maker, built-in grinder, thermal carafe",41,4.5,https://www.amazon.in/s?k=Drip+Coffee+Maker
1061,Air Fryer Ninja 6qt - Variant 6286,Kitchen,7970,"6-quart capacity, 4-in-1 functionality, up to 75% less fat, dishwasher safe",50,5.0,https://www.amazon.in/s?k=Ninja+Air+Fryer+6qt
1062,Adidas Ultraboost 22 - Variant 7866,Shoes,12921,"Responsive Boost midsole, Primeknit upper, Continental rubber outsole",70,4.9,https://www.amazon.in/s?k=Adidas+Ultraboost+22
1063,Dell 27inch Monitor - Variant 6224,Electronics,27985,"IPS panel, 165Hz refresh rate, 1ms response time, USB-C, FreeSync",18,4.5,https://www.amazon.in/s?k=Dell+27+inch+165Hz+Monitor
1064,Omega-3 Fish Oil - Variant 8033,Health,1466,"1200mg EPA+DHA per serving, enteric coated, 90 softgels, no fishy aftertaste",141,4.8,https://www.amazon.in/s?k=Omega+3+Fish+Oil+1200mg
1065,Multivitamin Men's - Variant 9752,Health,1911,"23 essential vitamins and minerals, once daily, 90 tablets, no artificial colors",126,4.7,https://www.amazon.in/s?k=Mens+Multivitamin+Daily
1066,Blender Vitamix A2500 - Variant 9699,Kitchen,42103,"Variable speed control, 3 program settings, self-cleaning, 64oz container",27,5.0,https://www.amazon.in/s?k=Vitamix+A2500+Blender
1067,The Alchemist Book - Variant 8796,Books,1390,Paulo Coelho's masterpiece about following your dreams and personal legend,211,5.0,https://www.amazon.in/s?k=The+Alchemist+Paulo+Coelho
1068,The Alchemist Book - Variant 8684,Books,1100,Paulo Coelho's masterpiece about following your dreams and personal legend,285,5.0,https://www.amazon.in/s?k=The+Alchemist+Paulo+Coelho
1069,Sunglasses Polarized - Variant 5311,Accessories,2568,"UV400 protection, polarized lenses, lightweight frame, unisex design",56,4.0,https://www.amazon.in/s?k=Polarized+Sunglasses+UV400
1070,The Alchemist Book - Variant 9694,Books,1090,Paulo Coelho's masterpiece about following your dreams and personal legend,279,5.0,https://www.amazon.in/s?k=The+Alchemist+Paulo+Coelho
1071,Instant Pot Duo 7-in-1 - Variant 7435,Kitchen,7148,"Pressure cooker, slow cooker, rice cooker, steamer, saute, yogurt maker",116,4.4,https://www.amazon.in/s?k=Instant+Pot+Duo
1072,Creatine Monohydrate - Variant 3231,Health,2879,"Micronized creatine, 5g per serving, unflavored, 60 servings, lab tested",72,4.3,https://www.amazon.in/s?k=Creatine+Monohydrate+Micronized
1073,Harry Potter Box Set - Variant 9564,Books,5755,"Complete 7-book hardcover collection, illustrated edition",50,4.9,https://www.amazon.in/s?k=Harry+Potter+Box+Set+Hardcover
1074,iPad Air 11inch - Variant 8086,Electronics,47401,"M2 chip, 11-inch Liquid Retina display, Apple Pencil Pro support, 256GB",29,5.0,https://www.amazon.in/s?k=iPad+Air+M2+11inch
1075,Resistance Bands Set - Variant 8921,Sports,1792,"5 resistance levels, latex-free, includes door anchor and carry bag",104,4.6,https://www.amazon.in/s?k=Resistance+Bands+Set+5+levels
1076,Converse Chuck Taylor - Variant 5488,Shoes,5138,"Classic canvas high-top, rubber sole, available in 20+ colors",212,4.7,https://www.amazon.in/s?k=Converse+Chuck+Taylor+High+Top
1077,New Balance 990v6 - Variant 7859,Shoes,14995,"Made in USA, premium suede and mesh upper, ENCAP midsole technology",35,4.8,https://www.amazon.in/s?k=New+Balance+990v6
1078,Sunglasses Polarized - Variant 7838,Accessories,2970,"UV400 protection, polarized lenses, lightweight frame, unisex design",123,4.0,https://www.amazon.in/s?k=Polarized+Sunglasses+UV400
1079,Levi's Denim Jacket - Variant 9633,Clothing,8561,"Classic trucker jacket, 100% cotton denim, multiple color options",65,4.5,https://www.amazon.in/s?k=Levis+Denim+Jacket+Trucker
1080,Linen Shirt Uniqlo - Variant 6237,Clothing,3475,"100% linen, breathable summer fabric, relaxed fit, 8 color options",123,4.3,https://www.amazon.in/s?k=Linen+Shirt+Men+Uniqlo
1081,Backpack Osprey 40L - Variant 7367,Accessories,11089,"40L travel pack, TSA-friendly, laptop sleeve, rain cover included",53,5.0,https://www.amazon.in/s?k=Osprey+40L+Backpack
1082,Protein Powder Whey - Variant 2267,Health,5172,"25g protein per serving, chocolate flavor, 5lb bag, no artificial colors",57,4.5,https://www.amazon.in/s?k=Whey+Protein+Powder+Chocolate
1083,Mechanical Keyboard RGB - Variant 7083,Electronics,6553,"TKL layout, Cherry MX switches, per-key RGB lighting, USB-C",37,4.3,https://www.amazon.in/s?k=Mechanical+Keyboard+RGB
1084,Levi's 501 Jeans - Variant 1370,Clothing,5390,"Classic straight fit jeans, durable denim, available in multiple washes",161,4.3,https://www.amazon.in/s?k=Levis+501+Jeans
1085,Multivitamin Men's - Variant 3879,Health,1934,"23 essential vitamins and minerals, once daily, 90 tablets, no artificial colors",100,4.7,https://www.amazon.in/s?k=Mens+Multivitamin+Daily
1086,Apple AirPods Pro - Variant 4785,Electronics,19479,"Active noise cancellation, transparency mode, spatial audio, wireless charging",44,4.9,https://www.amazon.in/s?k=Apple+AirPods+Pro
1087,Atomic Habits Book - Variant 5569,Books,1574,James Clear's guide to building good habits and breaking bad ones,349,5.0,https://www.amazon.in/s?k=Atomic+Habits+James+Clear
1088,iPad Air 11inch - Variant 4525,Electronics,51683,"M2 chip, 11-inch Liquid Retina display, Apple Pencil Pro support, 256GB",21,4.7,https://www.amazon.in/s?k=iPad+Air+M2+11inch
1089,Retinol Night Cream - Variant 9653,Beauty,3046,"0.5% retinol with peptides, reduces fine lines, fragrance-free, 50ml",75,4.1,https://www.amazon.in/s?k=Retinol+Night+Cream+0.5+percent
1090,Yoga Mat Premium - Variant 7607,Sports,3335,"Non-slip 6mm thick mat, eco-friendly TPE material, includes carry strap",126,4.2,https://www.amazon.in/s?k=Premium+Yoga+Mat
1091,Rich Dad Poor Dad - Variant 4856,Books,1167,"Robert Kiyosaki's personal finance classic, updated 25th anniversary edition",190,4.5,https://www.amazon.in/s?k=Rich+Dad+Poor+Dad+Kiyosaki
1092,Blender Vitamix A2500 - Variant 4087,Kitchen,39165,"Variable speed control, 3 program settings, self-cleaning, 64oz container",15,4.8,https://www.amazon.in/s?k=Vitamix+A2500+Blender
1093,Atomic Habits Book - Variant 7457,Books,1790,James Clear's guide to building good habits and breaking bad ones,176,4.9,https://www.amazon.in/s?k=Atomic+Habits+James+Clear
1094,Yoga Mat Premium - Variant 9218,Sports,3048,"Non-slip 6mm thick mat, eco-friendly TPE material, includes carry strap",46,4.3,https://www.amazon.in/s?k=Premium+Yoga+Mat
1095,Creatine Monohydrate - Variant 3631,Health,2577,"Micronized creatine, 5g per serving, unflavored, 60 servings, lab tested",62,4.5,https://www.amazon.in/s?k=Creatine+Monohydrate+Micronized
1096,Levi's Denim Jacket - Variant 7691,Clothing,8627,"Classic trucker jacket, 100% cotton denim, multiple color options",82,4.2,https://www.amazon.in/s?k=Levis+Denim+Jacket+Trucker
1097,Levi's Denim Jacket - Variant 1458,Clothing,8538,"Classic trucker jacket, 100% cotton denim, multiple color options",77,4.2,https://www.amazon.in/s?k=Levis+Denim+Jacket+Trucker
1098,Multivitamin Men's - Variant 9559,Health,2012,"23 essential vitamins and minerals, once daily, 90 tablets, no artificial colors",164,4.5,https://www.amazon.in/s?k=Mens+Multivitamin+Daily
1099,Backpack Osprey 40L - Variant 3010,Accessories,11403,"40L travel pack, TSA-friendly, laptop sleeve, rain cover included",40,5.0,https://www.amazon.in/s?k=Osprey+40L+Backpack
1100,Multivitamin Men's - Variant 7831,Health,2404,"23 essential vitamins and minerals, once daily, 90 tablets, no artificial colors",85,4.2,https://www.amazon.in/s?k=Mens+Multivitamin+Daily
1101,Face Wash CeraVe - Variant 1741,Beauty,1156,"Hydrating cleanser with ceramides and hyaluronic acid, 16oz, all skin types",113,4.7,https://www.amazon.in/s?k=CeraVe+Hydrating+Face+Wash
1102,Rich Dad Poor Dad - Variant 4668,Books,951,"Robert Kiyosaki's personal finance classic, updated 25th anniversary edition",150,4.9,https://www.amazon.in/s?k=Rich+Dad+Poor+Dad+Kiyosaki
1103,Yoga Mat Premium - Variant 6280,Sports,3522,"Non-slip 6mm thick mat, eco-friendly TPE material, includes carry strap",103,4.5,https://www.amazon.in/s?k=Premium+Yoga+Mat
1104,Levi's Denim Jacket - Variant 1615,Clothing,8203,"Classic trucker jacket, 100% cotton denim, multiple color options",60,4.4,https://www.amazon.in/s?k=Levis+Denim+Jacket+Trucker
1105,Sony WH-1000XM5 - Variant 7176,Electronics,25851,"Industry-leading noise cancellation, 30hr battery, multipoint connection",32,4.9,https://www.amazon.in/s?k=Sony+WH-1000XM5
1106,Resistance Bands Set - Variant 1309,Sports,1734,"5 resistance levels, latex-free, includes door anchor and carry bag",153,4.8,https://www.amazon.in/s?k=Resistance+Bands+Set+5+levels
1107,Hoodie Champion Reverse Weave - Variant 5364,Clothing,5890,"Heavyweight fleece, reverse weave construction, kangaroo pocket",123,4.5,https://www.amazon.in/s?k=Champion+Reverse+Weave+Hoodie
1108,Yoga Mat Premium - Variant 9210,Sports,3383,"Non-slip 6mm thick mat, eco-friendly TPE material, includes carry strap",54,4.2,https://www.amazon.in/s?k=Premium+Yoga+Mat
1109,Webcam Logitech 4K - Variant 7230,Electronics,12664,"4K Ultra HD, auto-focus, built-in mic, works with Zoom and Teams",38,4.6,https://www.amazon.in/s?k=Logitech+4K+Webcam
1110,Resistance Bands Set - Variant 3767,Sports,1718,"5 resistance levels, latex-free, includes door anchor and carry bag",167,4.7,https://www.amazon.in/s?k=Resistance+Bands+Set+5+levels
1111,Hoodie Champion Reverse Weave - Variant 8099,Clothing,4399,"Heavyweight fleece, reverse weave construction, kangaroo pocket",114,4.5,https://www.amazon.in/s?k=Champion+Reverse+Weave+Hoodie
1112,Adidas Ultraboost 22 - Variant 6377,Shoes,15304,"Responsive Boost midsole, Primeknit upper, Continental rubber outsole",83,4.7,https://www.amazon.in/s?k=Adidas+Ultraboost+22
1113,Instant Pot Duo 7-in-1 - Variant 6006,Kitchen,8034,"Pressure cooker, slow cooker, rice cooker, steamer, saute, yogurt maker",99,5.0,https://www.amazon.in/s?k=Instant+Pot+Duo
1114,Sunscreen SPF 50 EltaMD - Variant 5795,Beauty,2931,"Broad spectrum UV protection, oil-free, dermatologist recommended, 3oz",80,4.7,https://www.amazon.in/s?k=EltaMD+Sunscreen+SPF+50
1115,Atomic Habits Book - Variant 3178,Books,1778,James Clear's guide to building good habits and breaking bad ones,187,5.0,https://www.amazon.in/s?k=Atomic+Habits+James+Clear
1116,Multivitamin Men's - Variant 5602,Health,2375,"23 essential vitamins and minerals, once daily, 90 tablets, no artificial colors",93,4.7,https://www.amazon.in/s?k=Mens+Multivitamin+Daily
1117,Levi's Denim Jacket - Variant 6373,Clothing,6324,"Classic trucker jacket, 100% cotton denim, multiple color options",79,4.2,https://www.amazon.in/s?k=Levis+Denim+Jacket+Trucker
1118,Yoga Mat Premium - Variant 5004,Sports,3229,"Non-slip 6mm thick mat, eco-friendly TPE material, includes carry strap",107,4.3,https://www.amazon.in/s?k=Premium+Yoga+Mat
1119,Dell 27inch Monitor - Variant 7356,Electronics,22365,"IPS panel, 165Hz refresh rate, 1ms response time, USB-C, FreeSync",22,4.5,https://www.amazon.in/s?k=Dell+27+inch+165Hz+Monitor
1120,Sunscreen SPF 50 EltaMD - Variant 2548,Beauty,3289,"Broad spectrum UV protection, oil-free, dermatologist recommended, 3oz",119,4.8,https://www.amazon.in/s?k=EltaMD+Sunscreen+SPF+50
1121,Nike Air Max 270 - Variant 6596,Shoes,9291,"Lightweight running shoe with Air Max cushioning, great for daily use",66,4.4,https://www.amazon.in/s?k=Nike+Air+Max+270
1122,Sunscreen SPF 50 EltaMD - Variant 1277,Beauty,3343,"Broad spectrum UV protection, oil-free, dermatologist recommended, 3oz",82,4.8,https://www.amazon.in/s?k=EltaMD+Sunscreen+SPF+50
1123,Kindle Paperwhite - Variant 2559,Electronics,12928,"6.8-inch display, adjustable warm light, waterproof, 3 months free Kindle Unlimited",80,4.7,https://www.amazon.in/s?k=Kindle+Paperwhite+2024
1124,Sony WH-1000XM5 - Variant 2276,Electronics,30113,"Industry-leading noise cancellation, 30hr battery, multipoint connection",23,4.7,https://www.amazon.in/s?k=Sony+WH-1000XM5
1125,The Alchemist Book - Variant 3476,Books,1465,Paulo Coelho's masterpiece about following your dreams and personal legend,209,5.0,https://www.amazon.in/s?k=The+Alchemist+Paulo+Coelho
1126,Dumbbell Set Adjustable - Variant 8533,Sports,10043,"5-52.5 lbs per dumbbell, replaces 15 sets, fast adjust dial system",25,4.6,https://www.amazon.in/s?k=Adjustable+Dumbbell+Set
1127,Samsung 4K Smart TV 55inch - Variant 2177,Electronics,52771,"Crystal UHD display, built-in Alexa, HDR10+, 3 HDMI ports",21,4.3,https://www.amazon.in/s?k=Samsung+4K+Smart+TV+55inch
1128,Nike Air Max 270 - Variant 1795,Shoes,8693,"Lightweight running shoe with Air Max cushioning, great for daily use",37,4.6,https://www.amazon.in/s?k=Nike+Air+Max+270
1129,Hiking Boots Merrell - Variant 3842,Shoes,12018,"Waterproof leather, Vibram outsole, air cushion heel, ankle support",58,4.6,https://www.amazon.in/s?k=Merrell+Hiking+Boots+Waterproof
1130,Vitamin C Serum - Variant 8160,Beauty,1996,"20% Vitamin C with hyaluronic acid, brightens skin, reduces dark spots",92,4.2,https://www.amazon.in/s?k=Vitamin+C+Serum+20+percent
1131,Creatine Monohydrate - Variant 9607,Health,2374,"Micronized creatine, 5g per serving, unflavored, 60 servings, lab tested",65,4.7,https://www.amazon.in/s?k=Creatine+Monohydrate+Micronized
1132,Dumbbell Set Adjustable - Variant 1001,Sports,10907,"5-52.5 lbs per dumbbell, replaces 15 sets, fast adjust dial system",43,4.6,https://www.amazon.in/s?k=Adjustable+Dumbbell+Set
1133,Coffee Maker Drip - Variant 9911,Kitchen,4289,"12-cup programmable coffee maker, built-in grinder, thermal carafe",30,4.2,https://www.amazon.in/s?k=Drip+Coffee+Maker
1134,Webcam Logitech 4K - Variant 2845,Electronics,12069,"4K Ultra HD, auto-focus, built-in mic, works with Zoom and Teams",58,4.6,https://www.amazon.in/s?k=Logitech+4K+Webcam
1135,Omega-3 Fish Oil - Variant 4253,Health,1740,"1200mg EPA+DHA per serving, enteric coated, 90 softgels, no fishy aftertaste",98,4.4,https://www.amazon.in/s?k=Omega+3+Fish+Oil+1200mg
1136,Sony WH-1000XM5 - Variant 2159,Electronics,23500,"Industry-leading noise cancellation, 30hr battery, multipoint connection",36,5.0,https://www.amazon.in/s?k=Sony+WH-1000XM5
1137,Backpack Osprey 40L - Variant 5694,Accessories,10653,"40L travel pack, TSA-friendly, laptop sleeve, rain cover included",28,5.0,https://www.amazon.in/s?k=Osprey+40L+Backpack
1138,Adidas Ultraboost 22 - Variant 6068,Shoes,17551,"Responsive Boost midsole, Primeknit upper, Continental rubber outsole",45,4.8,https://www.amazon.in/s?k=Adidas+Ultraboost+22
1139,Retinol Night Cream - Variant 8345,Beauty,2985,"0.5% retinol with peptides, reduces fine lines, fragrance-free, 50ml",104,4.4,https://www.amazon.in/s?k=Retinol+Night+Cream+0.5+percent
1140,Luggage Samsonite 28inch - Variant 8329,Accessories,17120,"Hardside spinner, TSA lock, expandable, lightweight polycarbonate shell",38,4.8,https://www.amazon.in/s?k=Samsonite+28+inch+Hardside+Luggage
1141,iPad Air 11inch - Variant 9293,Electronics,54442,"M2 chip, 11-inch Liquid Retina display, Apple Pencil Pro support, 256GB",28,4.7,https://www.amazon.in/s?k=iPad+Air+M2+11inch
1142,Levi's Denim Jacket - Variant 9232,Clothing,7983,"Classic trucker jacket, 100% cotton denim, multiple color options",99,4.1,https://www.amazon.in/s?k=Levis+Denim+Jacket+Trucker
1143,Vitamin C Serum - Variant 7570,Beauty,1718,"20% Vitamin C with hyaluronic acid, brightens skin, reduces dark spots",95,4.2,https://www.amazon.in/s?k=Vitamin+C+Serum+20+percent
1144,Kindle Paperwhite - Variant 3865,Electronics,10598,"6.8-inch display, adjustable warm light, waterproof, 3 months free Kindle Unlimited",42,4.5,https://www.amazon.in/s?k=Kindle+Paperwhite+2024
1145,Atomic Habits Workbook - Variant 2793,Books,1139,Companion workbook to Atomic Habits with exercises and habit trackers,92,4.5,https://www.amazon.in/s?k=Atomic+Habits+Workbook
1146,Coffee Maker Drip - Variant 4122,Kitchen,3672,"12-cup programmable coffee maker, built-in grinder, thermal carafe",75,4.3,https://www.amazon.in/s?k=Drip+Coffee+Maker
1147,Apple AirPods Pro - Variant 6329,Electronics,22084,"Active noise cancellation, transparency mode, spatial audio, wireless charging",17,4.9,https://www.amazon.in/s?k=Apple+AirPods+Pro
1148,Dell 27inch Monitor - Variant 3024,Electronics,30138,"IPS panel, 165Hz refresh rate, 1ms response time, USB-C, FreeSync",25,4.8,https://www.amazon.in/s?k=Dell+27+inch+165Hz+Monitor
1149,Face Wash CeraVe - Variant 2210,Beauty,1398,"Hydrating cleanser with ceramides and hyaluronic acid, 16oz, all skin types",314,4.5,https://www.amazon.in/s?k=CeraVe+Hydrating+Face+Wash
1150,Dumbbell Set Adjustable - Variant 9793,Sports,12909,"5-52.5 lbs per dumbbell, replaces 15 sets, fast adjust dial system",18,4.6,https://www.amazon.in/s?k=Adjustable+Dumbbell+Set
1151,Apple AirPods Pro - Variant 7951,Electronics,17194,"Active noise cancellation, transparency mode, spatial audio, wireless charging",43,4.7,https://www.amazon.in/s?k=Apple+AirPods+Pro
1152,Kindle Paperwhite - Variant 1393,Electronics,13272,"6.8-inch display, adjustable warm light, waterproof, 3 months free Kindle Unlimited",52,4.6,https://www.amazon.in/s?k=Kindle+Paperwhite+2024
1153,Omega-3 Fish Oil - Variant 6456,Health,1813,"1200mg EPA+DHA per serving, enteric coated, 90 softgels, no fishy aftertaste",248,4.6,https://www.amazon.in/s?k=Omega+3+Fish+Oil+1200mg
1154,Coffee Maker Drip - Variant 2985,Kitchen,4198,"12-cup programmable coffee maker, built-in grinder, thermal carafe",64,4.5,https://www.amazon.in/s?k=Drip+Coffee+Maker
1155,Webcam Logitech 4K - Variant 8779,Electronics,12446,"4K Ultra HD, auto-focus, built-in mic, works with Zoom and Teams",33,4.7,https://www.amazon.in/s?k=Logitech+4K+Webcam
1156,Kindle Paperwhite - Variant 5657,Electronics,13903,"6.8-inch display, adjustable warm light, waterproof, 3 months free Kindle Unlimited",57,5.0,https://www.amazon.in/s?k=Kindle+Paperwhite+2024
1157,Sunscreen SPF 50 EltaMD - Variant 4065,Beauty,3217,"Broad spectrum UV protection, oil-free, dermatologist recommended, 3oz",43,4.6,https://www.amazon.in/s?k=EltaMD+Sunscreen+SPF+50
1158,Atomic Habits Book - Variant 6445,Books,1438,James Clear's guide to building good habits and breaking bad ones,227,5.0,https://www.amazon.in/s?k=Atomic+Habits+James+Clear
1159,Sony WH-1000XM5 - Variant 5799,Electronics,33678,"Industry-leading noise cancellation, 30hr battery, multipoint connection",26,5.0,https://www.amazon.in/s?k=Sony+WH-1000XM5
1160,Nike Air Max 270 - Variant 2053,Shoes,10132,"Lightweight running shoe with Air Max cushioning, great for daily use",45,4.4,https://www.amazon.in/s?k=Nike+Air+Max+270
1161,Multivitamin Men's - Variant 8735,Health,2395,"23 essential vitamins and minerals, once daily, 90 tablets, no artificial colors",83,4.5,https://www.amazon.in/s?k=Mens+Multivitamin+Daily
1162,Air Fryer Ninja 6qt - Variant 2429,Kitchen,10889,"6-quart capacity, 4-in-1 functionality, up to 75% less fat, dishwasher safe",78,4.9,https://www.amazon.in/s?k=Ninja+Air+Fryer+6qt
1163,Wireless Mouse Logitech - Variant 1133,Electronics,3344,"MX Master 3, ergonomic design, 4000 DPI, multi-device support",68,4.5,https://www.amazon.in/s?k=Logitech+MX+Master+3
1164,Hiking Boots Merrell - Variant 6301,Shoes,12337,"Waterproof leather, Vibram outsole, air cushion heel, ankle support",30,4.5,https://www.amazon.in/s?k=Merrell+Hiking+Boots+Waterproof
1165,Converse Chuck Taylor - Variant 9347,Shoes,6378,"Classic canvas high-top, rubber sole, available in 20+ colors",239,4.2,https://www.amazon.in/s?k=Converse+Chuck+Taylor+High+Top
1166,Nike Air Max 270 - Variant 3800,Shoes,12024,"Lightweight running shoe with Air Max cushioning, great for daily use",61,4.3,https://www.amazon.in/s?k=Nike+Air+Max+270
1167,Stand Mixer KitchenAid - Variant 5937,Kitchen,25912,"5-quart bowl, 10 speeds, 59 attachments compatible, tilt-head design",6,4.8,https://www.amazon.in/s?k=KitchenAid+Stand+Mixer+5qt
1168,Hoodie Champion Reverse Weave - Variant 8126,Clothing,4779,"Heavyweight fleece, reverse weave construction, kangaroo pocket",69,4.8,https://www.amazon.in/s?k=Champion+Reverse+Weave+Hoodie
1169,Vitamin C Serum - Variant 6800,Beauty,2278,"20% Vitamin C with hyaluronic acid, brightens skin, reduces dark spots",177,4.2,https://www.amazon.in/s?k=Vitamin+C+Serum+20+percent
1170,Sunscreen SPF 50 EltaMD - Variant 3670,Beauty,3619,"Broad spectrum UV protection, oil-free, dermatologist recommended, 3oz",111,4.7,https://www.amazon.in/s?k=EltaMD+Sunscreen+SPF+50
1171,Running Shorts Nike - Variant 7073,Clothing,3299,"Dri-FIT fabric, 7-inch inseam, built-in brief, reflective details",51,4.3,https://www.amazon.in/s?k=Nike+Running+Shorts+DriFIT
1172,Jump Rope Speed - Variant 4398,Sports,1837,"Adjustable steel cable, ball bearing handles, suitable for all fitness levels",257,4.7,https://www.amazon.in/s?k=Speed+Jump+Rope+Adjustable
1173,Samsung 4K Smart TV 55inch - Variant 5845,Electronics,61079,"Crystal UHD display, built-in Alexa, HDR10+, 3 HDMI ports",11,4.8,https://www.amazon.in/s?k=Samsung+4K+Smart+TV+55inch
1174,Stand Mixer KitchenAid - Variant 7221,Kitchen,29851,"5-quart bowl, 10 speeds, 59 attachments compatible, tilt-head design",6,4.9,https://www.amazon.in/s?k=KitchenAid+Stand+Mixer+5qt
1175,Instant Pot Duo 7-in-1 - Variant 5695,Kitchen,8980,"Pressure cooker, slow cooker, rice cooker, steamer, saute, yogurt maker",67,4.8,https://www.amazon.in/s?k=Instant+Pot+Duo
1176,Wireless Mouse Logitech - Variant 4200,Electronics,2790,"MX Master 3, ergonomic design, 4000 DPI, multi-device support",48,4.6,https://www.amazon.in/s?k=Logitech+MX+Master+3
1177,Yoga Mat Premium - Variant 5315,Sports,2594,"Non-slip 6mm thick mat, eco-friendly TPE material, includes carry strap",60,4.5,https://www.amazon.in/s?k=Premium+Yoga+Mat
1178,Protein Powder Whey - Variant 9113,Health,4530,"25g protein per serving, chocolate flavor, 5lb bag, no artificial colors",32,4.4,https://www.amazon.in/s?k=Whey+Protein+Powder+Chocolate
1179,Linen Shirt Uniqlo - Variant 8709,Clothing,2769,"100% linen, breathable summer fabric, relaxed fit, 8 color options",158,4.0,https://www.amazon.in/s?k=Linen+Shirt+Men+Uniqlo
1180,Hiking Boots Merrell - Variant 5949,Shoes,10445,"Waterproof leather, Vibram outsole, air cushion heel, ankle support",33,4.7,https://www.amazon.in/s?k=Merrell+Hiking+Boots+Waterproof
1181,Sony WH-1000XM5 - Variant 6147,Electronics,32227,"Industry-leading noise cancellation, 30hr battery, multipoint connection",12,5.0,https://www.amazon.in/s?k=Sony+WH-1000XM5
1182,Leather Wallet Slim - Variant 4813,Accessories,2464,"Genuine leather, RFID blocking, 8 card slots, minimalist design",154,4.2,https://www.amazon.in/s?k=Slim+Leather+Wallet+RFID
1183,iPad Air 11inch - Variant 3113,Electronics,56700,"M2 chip, 11-inch Liquid Retina display, Apple Pencil Pro support, 256GB",12,4.9,https://www.amazon.in/s?k=iPad+Air+M2+11inch
1184,Adidas Ultraboost 22 - Variant 6410,Shoes,13596,"Responsive Boost midsole, Primeknit upper, Continental rubber outsole",62,4.8,https://www.amazon.in/s?k=Adidas+Ultraboost+22
1185,Levi's Denim Jacket - Variant 5983,Clothing,7783,"Classic trucker jacket, 100% cotton denim, multiple color options",78,4.2,https://www.amazon.in/s?k=Levis+Denim+Jacket+Trucker
1186,Webcam Logitech 4K - Variant 1911,Electronics,11126,"4K Ultra HD, auto-focus, built-in mic, works with Zoom and Teams",31,4.5,https://www.amazon.in/s?k=Logitech+4K+Webcam
1187,Adidas Ultraboost 22 - Variant 9186,Shoes,14408,"Responsive Boost midsole, Primeknit upper, Continental rubber outsole",80,4.5,https://www.amazon.in/s?k=Adidas+Ultraboost+22
1188,Air Fryer Ninja 6qt - Variant 8460,Kitchen,8140,"6-quart capacity, 4-in-1 functionality, up to 75% less fat, dishwasher safe",72,4.9,https://www.amazon.in/s?k=Ninja+Air+Fryer+6qt
1189,Resistance Bands Set - Variant 5637,Sports,1693,"5 resistance levels, latex-free, includes door anchor and carry bag",73,4.5,https://www.amazon.in/s?k=Resistance+Bands+Set+5+levels
1190,The Alchemist Book - Variant 2791,Books,1356,Paulo Coelho's masterpiece about following your dreams and personal legend,262,5.0,https://www.amazon.in/s?k=The+Alchemist+Paulo+Coelho
1191,Wireless Mouse Logitech - Variant 2768,Electronics,2891,"MX Master 3, ergonomic design, 4000 DPI, multi-device support",44,4.6,https://www.amazon.in/s?k=Logitech+MX+Master+3
1192,Leather Wallet Slim - Variant 8200,Accessories,1961,"Genuine leather, RFID blocking, 8 card slots, minimalist design",163,4.2,https://www.amazon.in/s?k=Slim+Leather+Wallet+RFID
1193,Jump Rope Speed - Variant 5856,Sports,1764,"Adjustable steel cable, ball bearing handles, suitable for all fitness levels",150,4.4,https://www.amazon.in/s?k=Speed+Jump+Rope+Adjustable
1194,Sony WH-1000XM5 - Variant 2003,Electronics,33853,"Industry-leading noise cancellation, 30hr battery, multipoint connection",25,5.0,https://www.amazon.in/s?k=Sony+WH-1000XM5
1195,Luggage Samsonite 28inch - Variant 5778,Accessories,19324,"Hardside spinner, TSA lock, expandable, lightweight polycarbonate shell",40,4.4,https://www.amazon.in/s?k=Samsonite+28+inch+Hardside+Luggage
1196,Adidas Ultraboost 22 - Variant 8985,Shoes,14242,"Responsive Boost midsole, Primeknit upper, Continental rubber outsole",84,4.7,https://www.amazon.in/s?k=Adidas+Ultraboost+22
1197,Protein Powder Whey - Variant 9386,Health,4261,"25g protein per serving, chocolate flavor, 5lb bag, no artificial colors",50,4.6,https://www.amazon.in/s?k=Whey+Protein+Powder+Chocolate
1198,Multivitamin Men's - Variant 8828,Health,2460,"23 essential vitamins and minerals, once daily, 90 tablets, no artificial colors",81,4.4,https://www.amazon.in/s?k=Mens+Multivitamin+Daily
1199,Harry Potter Box Set - Variant 7087,Books,5656,"Complete 7-book hardcover collection, illustrated edition",50,4.8,https://www.amazon.in/s?k=Harry+Potter+Box+Set+Hardcover
1200,Coffee Maker Drip - Variant 5905,Kitchen,4559,"12-cup programmable coffee maker, built-in grinder, thermal carafe",87,4.3,https://www.amazon.in/s?k=Drip+Coffee+Maker
1201,iPad Air 11inch - Variant 6813,Electronics,42475,"M2 chip, 11-inch Liquid Retina display, Apple Pencil Pro support, 256GB",16,4.8,https://www.amazon.in/s?k=iPad+Air+M2+11inch
1202,Blender Vitamix A2500 - Variant 1136,Kitchen,32364,"Variable speed control, 3 program settings, self-cleaning, 64oz container",26,4.5,https://www.amazon.in/s?k=Vitamix+A2500+Blender
1203,Protein Powder Whey - Variant 3205,Health,4156,"25g protein per serving, chocolate flavor, 5lb bag, no artificial colors",62,4.7,https://www.amazon.in/s?k=Whey+Protein+Powder+Chocolate
1204,Kindle Paperwhite - Variant 3235,Electronics,9819,"6.8-inch display, adjustable warm light, waterproof, 3 months free Kindle Unlimited",50,4.5,https://www.amazon.in/s?k=Kindle+Paperwhite+2024
1205,Levi's Denim Jacket - Variant 6634,Clothing,6550,"Classic trucker jacket, 100% cotton denim, multiple color options",47,4.1,https://www.amazon.in/s?k=Levis+Denim+Jacket+Trucker
1206,Dumbbell Set Adjustable - Variant 6598,Sports,10805,"5-52.5 lbs per dumbbell, replaces 15 sets, fast adjust dial system",16,4.9,https://www.amazon.in/s?k=Adjustable+Dumbbell+Set
1207,Creatine Monohydrate - Variant 9993,Health,2924,"Micronized creatine, 5g per serving, unflavored, 60 servings, lab tested",101,4.3,https://www.amazon.in/s?k=Creatine+Monohydrate+Micronized
1208,Retinol Night Cream - Variant 3372,Beauty,2901,"0.5% retinol with peptides, reduces fine lines, fragrance-free, 50ml",88,4.3,https://www.amazon.in/s?k=Retinol+Night+Cream+0.5+percent
1209,Yoga Mat Premium - Variant 8363,Sports,3517,"Non-slip 6mm thick mat, eco-friendly TPE material, includes carry strap",61,4.2,https://www.amazon.in/s?k=Premium+Yoga+Mat
1210,Hiking Boots Merrell - Variant 7231,Shoes,12523,"Waterproof leather, Vibram outsole, air cushion heel, ankle support",47,4.6,https://www.amazon.in/s?k=Merrell+Hiking+Boots+Waterproof
1211,Wireless Mouse Logitech - Variant 6237,Electronics,3787,"MX Master 3, ergonomic design, 4000 DPI, multi-device support",60,4.6,https://www.amazon.in/s?k=Logitech+MX+Master+3
1212,Samsung 4K Smart TV 55inch - Variant 2988,Electronics,66771,"Crystal UHD display, built-in Alexa, HDR10+, 3 HDMI ports",18,4.6,https://www.amazon.in/s?k=Samsung+4K+Smart+TV+55inch
1213,Levi's 501 Jeans - Variant 4165,Clothing,5683,"Classic straight fit jeans, durable denim, available in multiple washes",66,4.2,https://www.amazon.in/s?k=Levis+501+Jeans
1214,Atomic Habits Book - Variant 1720,Books,1715,James Clear's guide to building good habits and breaking bad ones,207,5.0,https://www.amazon.in/s?k=Atomic+Habits+James+Clear
1215,Vitamin C Serum - Variant 3519,Beauty,2236,"20% Vitamin C with hyaluronic acid, brightens skin, reduces dark spots",221,4.3,https://www.amazon.in/s?k=Vitamin+C+Serum+20+percent
1216,Sunglasses Polarized - Variant 4943,Accessories,2780,"UV400 protection, polarized lenses, lightweight frame, unisex design",122,4.0,https://www.amazon.in/s?k=Polarized+Sunglasses+UV400
1217,Adidas Ultraboost 22 - Variant 2314,Shoes,16909,"Responsive Boost midsole, Primeknit upper, Continental rubber outsole",74,4.7,https://www.amazon.in/s?k=Adidas+Ultraboost+22
1218,The Alchemist Book - Variant 2872,Books,1178,Paulo Coelho's masterpiece about following your dreams and personal legend,191,4.7,https://www.amazon.in/s?k=The+Alchemist+Paulo+Coelho
1219,Running Shorts Nike - Variant 3414,Clothing,2440,"Dri-FIT fabric, 7-inch inseam, built-in brief, reflective details",105,4.2,https://www.amazon.in/s?k=Nike+Running+Shorts+DriFIT
1220,Rich Dad Poor Dad - Variant 7954,Books,1257,"Robert Kiyosaki's personal finance classic, updated 25th anniversary edition",237,4.9,https://www.amazon.in/s?k=Rich+Dad+Poor+Dad+Kiyosaki
1221,Apple AirPods Pro - Variant 9433,Electronics,24069,"Active noise cancellation, transparency mode, spatial audio, wireless charging",28,4.9,https://www.amazon.in/s?k=Apple+AirPods+Pro
1222,Air Fryer Ninja 6qt - Variant 2407,Kitchen,9190,"6-quart capacity, 4-in-1 functionality, up to 75% less fat, dishwasher safe",57,4.9,https://www.amazon.in/s?k=Ninja+Air+Fryer+6qt
1223,Multivitamin Men's - Variant 1250,Health,1967,"23 essential vitamins and minerals, once daily, 90 tablets, no artificial colors",82,4.3,https://www.amazon.in/s?k=Mens+Multivitamin+Daily
1224,Samsung 4K Smart TV 55inch - Variant 8852,Electronics,46978,"Crystal UHD display, built-in Alexa, HDR10+, 3 HDMI ports",16,4.8,https://www.amazon.in/s?k=Samsung+4K+Smart+TV+55inch
1225,Retinol Night Cream - Variant 5103,Beauty,2454,"0.5% retinol with peptides, reduces fine lines, fragrance-free, 50ml",78,4.3,https://www.amazon.in/s?k=Retinol+Night+Cream+0.5+percent
1226,Kindle Paperwhite - Variant 6100,Electronics,12216,"6.8-inch display, adjustable warm light, waterproof, 3 months free Kindle Unlimited",51,4.6,https://www.amazon.in/s?k=Kindle+Paperwhite+2024
1227,Sunglasses Polarized - Variant 3768,Accessories,2600,"UV400 protection, polarized lenses, lightweight frame, unisex design",67,3.9,https://www.amazon.in/s?k=Polarized+Sunglasses+UV400
1228,Dell 27inch Monitor - Variant 7774,Electronics,28036,"IPS panel, 165Hz refresh rate, 1ms response time, USB-C, FreeSync",25,4.9,https://www.amazon.in/s?k=Dell+27+inch+165Hz+Monitor
1229,Samsung 4K Smart TV 55inch - Variant 3984,Electronics,49197,"Crystal UHD display, built-in Alexa, HDR10+, 3 HDMI ports",15,4.7,https://www.amazon.in/s?k=Samsung+4K+Smart+TV+55inch
1230,Yoga Mat Premium - Variant 5439,Sports,3577,"Non-slip 6mm thick mat, eco-friendly TPE material, includes carry strap",125,4.7,https://www.amazon.in/s?k=Premium+Yoga+Mat
1231,Hiking Boots Merrell - Variant 7096,Shoes,13322,"Waterproof leather, Vibram outsole, air cushion heel, ankle support",33,4.4,https://www.amazon.in/s?k=Merrell+Hiking+Boots+Waterproof
1232,New Balance 990v6 - Variant 9576,Shoes,12649,"Made in USA, premium suede and mesh upper, ENCAP midsole technology",43,4.4,https://www.amazon.in/s?k=New+Balance+990v6
1233,Wireless Mouse Logitech - Variant 8326,Electronics,3360,"MX Master 3, ergonomic design, 4000 DPI, multi-device support",102,4.6,https://www.amazon.in/s?k=Logitech+MX+Master+3
1234,Hiking Boots Merrell - Variant 9162,Shoes,12504,"Waterproof leather, Vibram outsole, air cushion heel, ankle support",25,4.5,https://www.amazon.in/s?k=Merrell+Hiking+Boots+Waterproof
1235,Wireless Mouse Logitech - Variant 1977,Electronics,2759,"MX Master 3, ergonomic design, 4000 DPI, multi-device support",66,4.9,https://www.amazon.in/s?k=Logitech+MX+Master+3
1236,Atomic Habits Book - Variant 7185,Books,1655,James Clear's guide to building good habits and breaking bad ones,246,4.8,https://www.amazon.in/s?k=Atomic+Habits+James+Clear
1237,New Balance 990v6 - Variant 4223,Shoes,16740,"Made in USA, premium suede and mesh upper, ENCAP midsole technology",40,4.7,https://www.amazon.in/s?k=New+Balance+990v6
1238,Omega-3 Fish Oil - Variant 4236,Health,1931,"1200mg EPA+DHA per serving, enteric coated, 90 softgels, no fishy aftertaste",176,4.8,https://www.amazon.in/s?k=Omega+3+Fish+Oil+1200mg
1239,iPad Air 11inch - Variant 6764,Electronics,46366,"M2 chip, 11-inch Liquid Retina display, Apple Pencil Pro support, 256GB",11,5.0,https://www.amazon.in/s?k=iPad+Air+M2+11inch
1240,Omega-3 Fish Oil - Variant 5671,Health,1905,"1200mg EPA+DHA per serving, enteric coated, 90 softgels, no fishy aftertaste",263,4.8,https://www.amazon.in/s?k=Omega+3+Fish+Oil+1200mg
1241,Multivitamin Men's - Variant 2119,Health,1998,"23 essential vitamins and minerals, once daily, 90 tablets, no artificial colors",70,4.4,https://www.amazon.in/s?k=Mens+Multivitamin+Daily
1242,Air Fryer Ninja 6qt - Variant 3509,Kitchen,10434,"6-quart capacity, 4-in-1 functionality, up to 75% less fat, dishwasher safe",39,4.9,https://www.amazon.in/s?k=Ninja+Air+Fryer+6qt
1243,Adidas Ultraboost 22 - Variant 5401,Shoes,17100,"Responsive Boost midsole, Primeknit upper, Continental rubber outsole",67,4.7,https://www.amazon.in/s?k=Adidas+Ultraboost+22
1244,Atomic Habits Workbook - Variant 4138,Books,1318,Companion workbook to Atomic Habits with exercises and habit trackers,165,4.5,https://www.amazon.in/s?k=Atomic+Habits+Workbook
1245,The Alchemist Book - Variant 9672,Books,1339,Paulo Coelho's masterpiece about following your dreams and personal legend,116,5.0,https://www.amazon.in/s?k=The+Alchemist+Paulo+Coelho
1246,The Alchemist Book - Variant 3659,Books,1470,Paulo Coelho's masterpiece about following your dreams and personal legend,160,4.9,https://www.amazon.in/s?k=The+Alchemist+Paulo+Coelho
1247,Coffee Maker Drip - Variant 6212,Kitchen,4385,"12-cup programmable coffee maker, built-in grinder, thermal carafe",45,4.1,https://www.amazon.in/s?k=Drip+Coffee+Maker
1248,Nike Air Max 270 - Variant 7625,Shoes,10064,"Lightweight running shoe with Air Max cushioning, great for daily use",46,4.4,https://www.amazon.in/s?k=Nike+Air+Max+270
1249,Coffee Maker Drip - Variant 7823,Kitchen,3791,"12-cup programmable coffee maker, built-in grinder, thermal carafe",58,4.2,https://www.amazon.in/s?k=Drip+Coffee+Maker
1250,New Balance 990v6 - Variant 3650,Shoes,12762,"Made in USA, premium suede and mesh upper, ENCAP midsole technology",35,4.8,https://www.amazon.in/s?k=New+Balance+990v6
1251,Converse Chuck Taylor - Variant 2855,Shoes,5913,"Classic canvas high-top, rubber sole, available in 20+ colors",245,4.4,https://www.amazon.in/s?k=Converse+Chuck+Taylor+High+Top
1252,Nike Air Max 270 - Variant 7635,Shoes,11999,"Lightweight running shoe with Air Max cushioning, great for daily use",34,4.6,https://www.amazon.in/s?k=Nike+Air+Max+270
1253,Blender Vitamix A2500 - Variant 4479,Kitchen,35982,"Variable speed control, 3 program settings, self-cleaning, 64oz container",23,5.0,https://www.amazon.in/s?k=Vitamix+A2500+Blender
1254,Blender Vitamix A2500 - Variant 4420,Kitchen,37262,"Variable speed control, 3 program settings, self-cleaning, 64oz container",13,4.6,https://www.amazon.in/s?k=Vitamix+A2500+Blender
1255,Sunscreen SPF 50 EltaMD - Variant 4173,Beauty,3913,"Broad spectrum UV protection, oil-free, dermatologist recommended, 3oz",99,4.5,https://www.amazon.in/s?k=EltaMD+Sunscreen+SPF+50
1256,Stand Mixer KitchenAid - Variant 8519,Kitchen,35760,"5-quart bowl, 10 speeds, 59 attachments compatible, tilt-head design",17,4.8,https://www.amazon.in/s?k=KitchenAid+Stand+Mixer+5qt
1257,Backpack Osprey 40L - Variant 6437,Accessories,12484,"40L travel pack, TSA-friendly, laptop sleeve, rain cover included",34,4.6,https://www.amazon.in/s?k=Osprey+40L+Backpack
1258,Levi's 501 Jeans - Variant 6499,Clothing,4330,"Classic straight fit jeans, durable denim, available in multiple washes",152,4.4,https://www.amazon.in/s?k=Levis+501+Jeans
1259,Leather Wallet Slim - Variant 1609,Accessories,2063,"Genuine leather, RFID blocking, 8 card slots, minimalist design",127,4.3,https://www.amazon.in/s?k=Slim+Leather+Wallet+RFID
1260,Running Shorts Nike - Variant 3006,Clothing,3415,"Dri-FIT fabric, 7-inch inseam, built-in brief, reflective details",82,4.4,https://www.amazon.in/s?k=Nike+Running+Shorts+DriFIT
1261,Wireless Mouse Logitech - Variant 4392,Electronics,3687,"MX Master 3, ergonomic design, 4000 DPI, multi-device support",44,4.5,https://www.amazon.in/s?k=Logitech+MX+Master+3
1262,Linen Shirt Uniqlo - Variant 1331,Clothing,3035,"100% linen, breathable summer fabric, relaxed fit, 8 color options",83,4.4,https://www.amazon.in/s?k=Linen+Shirt+Men+Uniqlo
1263,Creatine Monohydrate - Variant 3455,Health,2591,"Micronized creatine, 5g per serving, unflavored, 60 servings, lab tested",85,4.5,https://www.amazon.in/s?k=Creatine+Monohydrate+Micronized
1264,Converse Chuck Taylor - Variant 4782,Shoes,5257,"Classic canvas high-top, rubber sole, available in 20+ colors",132,4.3,https://www.amazon.in/s?k=Converse+Chuck+Taylor+High+Top
1265,Luggage Samsonite 28inch - Variant 3789,Accessories,13844,"Hardside spinner, TSA lock, expandable, lightweight polycarbonate shell",36,4.7,https://www.amazon.in/s?k=Samsonite+28+inch+Hardside+Luggage
1266,Wireless Mouse Logitech - Variant 5270,Electronics,3692,"MX Master 3, ergonomic design, 4000 DPI, multi-device support",90,5.0,https://www.amazon.in/s?k=Logitech+MX+Master+3
1267,Backpack Osprey 40L - Variant 1689,Accessories,11070,"40L travel pack, TSA-friendly, laptop sleeve, rain cover included",51,5.0,https://www.amazon.in/s?k=Osprey+40L+Backpack
1268,Running Shorts Nike - Variant 3708,Clothing,2955,"Dri-FIT fabric, 7-inch inseam, built-in brief, reflective details",65,4.1,https://www.amazon.in/s?k=Nike+Running+Shorts+DriFIT
1269,Protein Powder Whey - Variant 8166,Health,4900,"25g protein per serving, chocolate flavor, 5lb bag, no artificial colors",50,4.3,https://www.amazon.in/s?k=Whey+Protein+Powder+Chocolate
1270,Stand Mixer KitchenAid - Variant 6000,Kitchen,26294,"5-quart bowl, 10 speeds, 59 attachments compatible, tilt-head design",8,4.7,https://www.amazon.in/s?k=KitchenAid+Stand+Mixer+5qt
1271,Rich Dad Poor Dad - Variant 9312,Books,1012,"Robert Kiyosaki's personal finance classic, updated 25th anniversary edition",131,4.8,https://www.amazon.in/s?k=Rich+Dad+Poor+Dad+Kiyosaki
1272,Backpack Osprey 40L - Variant 9181,Accessories,13109,"40L travel pack, TSA-friendly, laptop sleeve, rain cover included",35,4.9,https://www.amazon.in/s?k=Osprey+40L+Backpack
1273,Blender Vitamix A2500 - Variant 5720,Kitchen,38541,"Variable speed control, 3 program settings, self-cleaning, 64oz container",23,4.7,https://www.amazon.in/s?k=Vitamix+A2500+Blender
1274,Luggage Samsonite 28inch - Variant 9242,Accessories,18123,"Hardside spinner, TSA lock, expandable, lightweight polycarbonate shell",18,4.6,https://www.amazon.in/s?k=Samsonite+28+inch+Hardside+Luggage
1275,Face Wash CeraVe - Variant 3923,Beauty,1184,"Hydrating cleanser with ceramides and hyaluronic acid, 16oz, all skin types",134,4.6,https://www.amazon.in/s?k=CeraVe+Hydrating+Face+Wash
1276,Mechanical Keyboard RGB - Variant 2180,Electronics,5888,"TKL layout, Cherry MX switches, per-key RGB lighting, USB-C",55,4.6,https://www.amazon.in/s?k=Mechanical+Keyboard+RGB
1277,Samsung 4K Smart TV 55inch - Variant 2216,Electronics,51514,"Crystal UHD display, built-in Alexa, HDR10+, 3 HDMI ports",13,4.8,https://www.amazon.in/s?k=Samsung+4K+Smart+TV+55inch
1278,Levi's Denim Jacket - Variant 2057,Clothing,6542,"Classic trucker jacket, 100% cotton denim, multiple color options",98,4.5,https://www.amazon.in/s?k=Levis+Denim+Jacket+Trucker
1279,New Balance 990v6 - Variant 3091,Shoes,13067,"Made in USA, premium suede and mesh upper, ENCAP midsole technology",42,4.4,https://www.amazon.in/s?k=New+Balance+990v6
1280,Dumbbell Set Adjustable - Variant 3493,Sports,13624,"5-52.5 lbs per dumbbell, replaces 15 sets, fast adjust dial system",27,4.8,https://www.amazon.in/s?k=Adjustable+Dumbbell+Set
1281,Coffee Maker Drip - Variant 7500,Kitchen,3375,"12-cup programmable coffee maker, built-in grinder, thermal carafe",78,4.2,https://www.amazon.in/s?k=Drip+Coffee+Maker
1282,Kindle Paperwhite - Variant 7736,Electronics,11744,"6.8-inch display, adjustable warm light, waterproof, 3 months free Kindle Unlimited",58,5.0,https://www.amazon.in/s?k=Kindle+Paperwhite+2024
1283,Hiking Boots Merrell - Variant 7601,Shoes,10889,"Waterproof leather, Vibram outsole, air cushion heel, ankle support",33,4.8,https://www.amazon.in/s?k=Merrell+Hiking+Boots+Waterproof
1284,Vitamin C Serum - Variant 2522,Beauty,2100,"20% Vitamin C with hyaluronic acid, brightens skin, reduces dark spots",202,4.4,https://www.amazon.in/s?k=Vitamin+C+Serum+20+percent
1285,Sunglasses Polarized - Variant 2904,Accessories,2004,"UV400 protection, polarized lenses, lightweight frame, unisex design",109,4.3,https://www.amazon.in/s?k=Polarized+Sunglasses+UV400
1286,Atomic Habits Book - Variant 8528,Books,1280,James Clear's guide to building good habits and breaking bad ones,446,5.0,https://www.amazon.in/s?k=Atomic+Habits+James+Clear
1287,Face Wash CeraVe - Variant 1471,Beauty,1363,"Hydrating cleanser with ceramides and hyaluronic acid, 16oz, all skin types",161,4.8,https://www.amazon.in/s?k=CeraVe+Hydrating+Face+Wash
1288,Resistance Bands Set - Variant 7934,Sports,1835,"5 resistance levels, latex-free, includes door anchor and carry bag",155,4.5,https://www.amazon.in/s?k=Resistance+Bands+Set+5+levels
1289,Air Fryer Ninja 6qt - Variant 4956,Kitchen,9846,"6-quart capacity, 4-in-1 functionality, up to 75% less fat, dishwasher safe",38,4.4,https://www.amazon.in/s?k=Ninja+Air+Fryer+6qt
1290,Converse Chuck Taylor - Variant 1540,Shoes,5669,"Classic canvas high-top, rubber sole, available in 20+ colors",176,4.4,https://www.amazon.in/s?k=Converse+Chuck+Taylor+High+Top
1291,Luggage Samsonite 28inch - Variant 7404,Accessories,16664,"Hardside spinner, TSA lock, expandable, lightweight polycarbonate shell",23,4.6,https://www.amazon.in/s?k=Samsonite+28+inch+Hardside+Luggage
1292,Wireless Mouse Logitech - Variant 2882,Electronics,3494,"MX Master 3, ergonomic design, 4000 DPI, multi-device support",44,4.8,https://www.amazon.in/s?k=Logitech+MX+Master+3
1293,Dell 27inch Monitor - Variant 4704,Electronics,24768,"IPS panel, 165Hz refresh rate, 1ms response time, USB-C, FreeSync",26,5.0,https://www.amazon.in/s?k=Dell+27+inch+165Hz+Monitor
1294,Coffee Maker Drip - Variant 6333,Kitchen,4040,"12-cup programmable coffee maker, built-in grinder, thermal carafe",31,4.2,https://www.amazon.in/s?k=Drip+Coffee+Maker
1295,Atomic Habits Book - Variant 8072,Books,1723,James Clear's guide to building good habits and breaking bad ones,286,4.9,https://www.amazon.in/s?k=Atomic+Habits+James+Clear
1296,Hiking Boots Merrell - Variant 5090,Shoes,11806,"Waterproof leather, Vibram outsole, air cushion heel, ankle support",64,4.9,https://www.amazon.in/s?k=Merrell+Hiking+Boots+Waterproof
1297,Instant Pot Duo 7-in-1 - Variant 3144,Kitchen,7157,"Pressure cooker, slow cooker, rice cooker, steamer, saute, yogurt maker",78,4.6,https://www.amazon.in/s?k=Instant+Pot+Duo
1298,Resistance Bands Set - Variant 2028,Sports,1947,"5 resistance levels, latex-free, includes door anchor and carry bag",179,4.3,https://www.amazon.in/s?k=Resistance+Bands+Set+5+levels
1299,Air Fryer Ninja 6qt - Variant 4228,Kitchen,11938,"6-quart capacity, 4-in-1 functionality, up to 75% less fat, dishwasher safe",46,4.9,https://www.amazon.in/s?k=Ninja+Air+Fryer+6qt
1300,Linen Shirt Uniqlo - Variant 3203,Clothing,2987,"100% linen, breathable summer fabric, relaxed fit, 8 color options",130,4.2,https://www.amazon.in/s?k=Linen+Shirt+Men+Uniqlo
1301,Sunglasses Polarized - Variant 8137,Accessories,2218,"UV400 protection, polarized lenses, lightweight frame, unisex design",78,4.3,https://www.amazon.in/s?k=Polarized+Sunglasses+UV400
1302,Apple AirPods Pro - Variant 5583,Electronics,22869,"Active noise cancellation, transparency mode, spatial audio, wireless charging",41,4.6,https://www.amazon.in/s?k=Apple+AirPods+Pro
1303,Retinol Night Cream - Variant 7482,Beauty,3138,"0.5% retinol with peptides, reduces fine lines, fragrance-free, 50ml",130,4.5,https://www.amazon.in/s?k=Retinol+Night+Cream+0.5+percent
1304,Multivitamin Men's - Variant 5179,Health,2158,"23 essential vitamins and minerals, once daily, 90 tablets, no artificial colors",134,4.4,https://www.amazon.in/s?k=Mens+Multivitamin+Daily
1305,Luggage Samsonite 28inch - Variant 1324,Accessories,13535,"Hardside spinner, TSA lock, expandable, lightweight polycarbonate shell",41,4.8,https://www.amazon.in/s?k=Samsonite+28+inch+Hardside+Luggage
1306,Levi's Denim Jacket - Variant 4534,Clothing,6990,"Classic trucker jacket, 100% cotton denim, multiple color options",37,4.4,https://www.amazon.in/s?k=Levis+Denim+Jacket+Trucker
1307,Nike Air Max 270 - Variant 1284,Shoes,8846,"Lightweight running shoe with Air Max cushioning, great for daily use",38,4.3,https://www.amazon.in/s?k=Nike+Air+Max+270
1308,Sony WH-1000XM5 - Variant 1926,Electronics,32817,"Industry-leading noise cancellation, 30hr battery, multipoint connection",25,5.0,https://www.amazon.in/s?k=Sony+WH-1000XM5
1309,Retinol Night Cream - Variant 1486,Beauty,2444,"0.5% retinol with peptides, reduces fine lines, fragrance-free, 50ml",104,4.3,https://www.amazon.in/s?k=Retinol+Night+Cream+0.5+percent
1310,Apple AirPods Pro - Variant 6750,Electronics,19872,"Active noise cancellation, transparency mode, spatial audio, wireless charging",18,4.6,https://www.amazon.in/s?k=Apple+AirPods+Pro
1311,Dell 27inch Monitor - Variant 4553,Electronics,22386,"IPS panel, 165Hz refresh rate, 1ms response time, USB-C, FreeSync",21,4.7,https://www.amazon.in/s?k=Dell+27+inch+165Hz+Monitor
1312,Retinol Night Cream - Variant 8090,Beauty,3124,"0.5% retinol with peptides, reduces fine lines, fragrance-free, 50ml",81,4.0,https://www.amazon.in/s?k=Retinol+Night+Cream+0.5+percent
1313,Webcam Logitech 4K - Variant 7524,Electronics,12381,"4K Ultra HD, auto-focus, built-in mic, works with Zoom and Teams",66,4.7,https://www.amazon.in/s?k=Logitech+4K+Webcam
1314,Levi's 501 Jeans - Variant 1069,Clothing,5465,"Classic straight fit jeans, durable denim, available in multiple washes",98,4.5,https://www.amazon.in/s?k=Levis+501+Jeans
1315,Harry Potter Box Set - Variant 6278,Books,6604,"Complete 7-book hardcover collection, illustrated edition",19,4.8,https://www.amazon.in/s?k=Harry+Potter+Box+Set+Hardcover
1316,Leather Wallet Slim - Variant 3491,Accessories,2507,"Genuine leather, RFID blocking, 8 card slots, minimalist design",122,4.2,https://www.amazon.in/s?k=Slim+Leather+Wallet+RFID
1317,Harry Potter Box Set - Variant 1053,Books,5800,"Complete 7-book hardcover collection, illustrated edition",19,4.7,https://www.amazon.in/s?k=Harry+Potter+Box+Set+Hardcover
1318,Protein Powder Whey - Variant 6650,Health,5105,"25g protein per serving, chocolate flavor, 5lb bag, no artificial colors",45,4.8,https://www.amazon.in/s?k=Whey+Protein+Powder+Chocolate
1319,Harry Potter Box Set - Variant 6262,Books,6421,"Complete 7-book hardcover collection, illustrated edition",48,5.0,https://www.amazon.in/s?k=Harry+Potter+Box+Set+Hardcover
1320,Multivitamin Men's - Variant 3573,Health,1806,"23 essential vitamins and minerals, once daily, 90 tablets, no artificial colors",166,4.3,https://www.amazon.in/s?k=Mens+Multivitamin+Daily
1321,Leather Wallet Slim - Variant 8976,Accessories,2484,"Genuine leather, RFID blocking, 8 card slots, minimalist design",120,4.6,https://www.amazon.in/s?k=Slim+Leather+Wallet+RFID
1322,Jump Rope Speed - Variant 6652,Sports,1533,"Adjustable steel cable, ball bearing handles, suitable for all fitness levels",160,4.3,https://www.amazon.in/s?k=Speed+Jump+Rope+Adjustable
1323,iPad Air 11inch - Variant 4405,Electronics,40580,"M2 chip, 11-inch Liquid Retina display, Apple Pencil Pro support, 256GB",23,4.9,https://www.amazon.in/s?k=iPad+Air+M2+11inch
1324,Sony WH-1000XM5 - Variant 9960,Electronics,32324,"Industry-leading noise cancellation, 30hr battery, multipoint connection",23,4.7,https://www.amazon.in/s?k=Sony+WH-1000XM5
1325,Retinol Night Cream - Variant 1679,Beauty,2212,"0.5% retinol with peptides, reduces fine lines, fragrance-free, 50ml",51,4.5,https://www.amazon.in/s?k=Retinol+Night+Cream+0.5+percent
1326,iPad Air 11inch - Variant 8662,Electronics,47426,"M2 chip, 11-inch Liquid Retina display, Apple Pencil Pro support, 256GB",23,4.9,https://www.amazon.in/s?k=iPad+Air+M2+11inch
1327,Blender Vitamix A2500 - Variant 6148,Kitchen,36864,"Variable speed control, 3 program settings, self-cleaning, 64oz container",14,4.7,https://www.amazon.in/s?k=Vitamix+A2500+Blender
1328,Dell 27inch Monitor - Variant 3984,Electronics,29458,"IPS panel, 165Hz refresh rate, 1ms response time, USB-C, FreeSync",13,4.5,https://www.amazon.in/s?k=Dell+27+inch+165Hz+Monitor
1329,Creatine Monohydrate - Variant 2010,Health,2312,"Micronized creatine, 5g per serving, unflavored, 60 servings, lab tested",138,4.8,https://www.amazon.in/s?k=Creatine+Monohydrate+Micronized
1330,Leather Wallet Slim - Variant 5578,Accessories,2445,"Genuine leather, RFID blocking, 8 card slots, minimalist design",156,4.4,https://www.amazon.in/s?k=Slim+Leather+Wallet+RFID
1331,Levi's Denim Jacket - Variant 4217,Clothing,8872,"Classic trucker jacket, 100% cotton denim, multiple color options",95,4.7,https://www.amazon.in/s?k=Levis+Denim+Jacket+Trucker
1332,Resistance Bands Set - Variant 5723,Sports,1525,"5 resistance levels, latex-free, includes door anchor and carry bag",93,4.3,https://www.amazon.in/s?k=Resistance+Bands+Set+5+levels
1333,Linen Shirt Uniqlo - Variant 8966,Clothing,3724,"100% linen, breathable summer fabric, relaxed fit, 8 color options",226,4.1,https://www.amazon.in/s?k=Linen+Shirt+Men+Uniqlo
1334,Vitamin C Serum - Variant 4168,Beauty,1771,"20% Vitamin C with hyaluronic acid, brightens skin, reduces dark spots",198,4.3,https://www.amazon.in/s?k=Vitamin+C+Serum+20+percent
1335,Samsung 4K Smart TV 55inch - Variant 1527,Electronics,49328,"Crystal UHD display, built-in Alexa, HDR10+, 3 HDMI ports",15,4.8,https://www.amazon.in/s?k=Samsung+4K+Smart+TV+55inch
1336,The Alchemist Book - Variant 1887,Books,1175,Paulo Coelho's masterpiece about following your dreams and personal legend,259,4.7,https://www.amazon.in/s?k=The+Alchemist+Paulo+Coelho
1337,Adidas Ultraboost 22 - Variant 9660,Shoes,16875,"Responsive Boost midsole, Primeknit upper, Continental rubber outsole",89,4.7,https://www.amazon.in/s?k=Adidas+Ultraboost+22
1338,Instant Pot Duo 7-in-1 - Variant 1684,Kitchen,6065,"Pressure cooker, slow cooker, rice cooker, steamer, saute, yogurt maker",72,5.0,https://www.amazon.in/s?k=Instant+Pot+Duo
1339,Coffee Maker Drip - Variant 4651,Kitchen,4865,"12-cup programmable coffee maker, built-in grinder, thermal carafe",66,4.1,https://www.amazon.in/s?k=Drip+Coffee+Maker
1340,New Balance 990v6 - Variant 3445,Shoes,13169,"Made in USA, premium suede and mesh upper, ENCAP midsole technology",47,4.6,https://www.amazon.in/s?k=New+Balance+990v6
1341,Retinol Night Cream - Variant 3925,Beauty,2759,"0.5% retinol with peptides, reduces fine lines, fragrance-free, 50ml",132,4.5,https://www.amazon.in/s?k=Retinol+Night+Cream+0.5+percent
1342,Multivitamin Men's - Variant 7812,Health,1968,"23 essential vitamins and minerals, once daily, 90 tablets, no artificial colors",124,4.5,https://www.amazon.in/s?k=Mens+Multivitamin+Daily
1343,Creatine Monohydrate - Variant 5036,Health,2200,"Micronized creatine, 5g per serving, unflavored, 60 servings, lab tested",121,4.9,https://www.amazon.in/s?k=Creatine+Monohydrate+Micronized
1344,Hoodie Champion Reverse Weave - Variant 3404,Clothing,6407,"Heavyweight fleece, reverse weave construction, kangaroo pocket",84,4.4,https://www.amazon.in/s?k=Champion+Reverse+Weave+Hoodie
1345,New Balance 990v6 - Variant 7378,Shoes,17917,"Made in USA, premium suede and mesh upper, ENCAP midsole technology",20,4.7,https://www.amazon.in/s?k=New+Balance+990v6
1346,Rich Dad Poor Dad - Variant 5855,Books,1132,"Robert Kiyosaki's personal finance classic, updated 25th anniversary edition",335,4.7,https://www.amazon.in/s?k=Rich+Dad+Poor+Dad+Kiyosaki
1347,Levi's Denim Jacket - Variant 3522,Clothing,7916,"Classic trucker jacket, 100% cotton denim, multiple color options",73,4.1,https://www.amazon.in/s?k=Levis+Denim+Jacket+Trucker
1348,Sony WH-1000XM5 - Variant 8075,Electronics,34592,"Industry-leading noise cancellation, 30hr battery, multipoint connection",25,4.9,https://www.amazon.in/s?k=Sony+WH-1000XM5
1349,Dell 27inch Monitor - Variant 1427,Electronics,22230,"IPS panel, 165Hz refresh rate, 1ms response time, USB-C, FreeSync",14,4.8,https://www.amazon.in/s?k=Dell+27+inch+165Hz+Monitor
1350,Backpack Osprey 40L - Variant 6026,Accessories,14882,"40L travel pack, TSA-friendly, laptop sleeve, rain cover included",28,5.0,https://www.amazon.in/s?k=Osprey+40L+Backpack
1351,Samsung 4K Smart TV 55inch - Variant 3407,Electronics,52819,"Crystal UHD display, built-in Alexa, HDR10+, 3 HDMI ports",19,4.4,https://www.amazon.in/s?k=Samsung+4K+Smart+TV+55inch
1352,Dell 27inch Monitor - Variant 6241,Electronics,24453,"IPS panel, 165Hz refresh rate, 1ms response time, USB-C, FreeSync",10,4.6,https://www.amazon.in/s?k=Dell+27+inch+165Hz+Monitor
1353,Blender Vitamix A2500 - Variant 2241,Kitchen,38474,"Variable speed control, 3 program settings, self-cleaning, 64oz container",13,5.0,https://www.amazon.in/s?k=Vitamix+A2500+Blender
1354,Dumbbell Set Adjustable - Variant 6324,Sports,12176,"5-52.5 lbs per dumbbell, replaces 15 sets, fast adjust dial system",32,4.8,https://www.amazon.in/s?k=Adjustable+Dumbbell+Set
1355,Coffee Maker Drip - Variant 3278,Kitchen,3629,"12-cup programmable coffee maker, built-in grinder, thermal carafe",44,4.1,https://www.amazon.in/s?k=Drip+Coffee+Maker
1356,iPad Air 11inch - Variant 5492,Electronics,59509,"M2 chip, 11-inch Liquid Retina display, Apple Pencil Pro support, 256GB",21,4.9,https://www.amazon.in/s?k=iPad+Air+M2+11inch
1357,Vitamin C Serum - Variant 4993,Beauty,2169,"20% Vitamin C with hyaluronic acid, brightens skin, reduces dark spots",211,4.5,https://www.amazon.in/s?k=Vitamin+C+Serum+20+percent
1358,Protein Powder Whey - Variant 2881,Health,4750,"25g protein per serving, chocolate flavor, 5lb bag, no artificial colors",53,4.8,https://www.amazon.in/s?k=Whey+Protein+Powder+Chocolate
1359,Linen Shirt Uniqlo - Variant 3558,Clothing,2973,"100% linen, breathable summer fabric, relaxed fit, 8 color options",175,4.1,https://www.amazon.in/s?k=Linen+Shirt+Men+Uniqlo
1360,Adidas Ultraboost 22 - Variant 2190,Shoes,17798,"Responsive Boost midsole, Primeknit upper, Continental rubber outsole",71,4.6,https://www.amazon.in/s?k=Adidas+Ultraboost+22
1361,Hoodie Champion Reverse Weave - Variant 9066,Clothing,5109,"Heavyweight fleece, reverse weave construction, kangaroo pocket",117,4.9,https://www.amazon.in/s?k=Champion+Reverse+Weave+Hoodie
1362,Hoodie Champion Reverse Weave - Variant 3114,Clothing,5809,"Heavyweight fleece, reverse weave construction, kangaroo pocket",50,4.8,https://www.amazon.in/s?k=Champion+Reverse+Weave+Hoodie
1363,Dumbbell Set Adjustable - Variant 6787,Sports,12199,"5-52.5 lbs per dumbbell, replaces 15 sets, fast adjust dial system",15,4.6,https://www.amazon.in/s?k=Adjustable+Dumbbell+Set
1364,Coffee Maker Drip - Variant 1315,Kitchen,4825,"12-cup programmable coffee maker, built-in grinder, thermal carafe",71,4.1,https://www.amazon.in/s?k=Drip+Coffee+Maker
1365,Nike Air Max 270 - Variant 2799,Shoes,9873,"Lightweight running shoe with Air Max cushioning, great for daily use",44,4.3,https://www.amazon.in/s?k=Nike+Air+Max+270
1366,Sony WH-1000XM5 - Variant 4855,Electronics,32287,"Industry-leading noise cancellation, 30hr battery, multipoint connection",23,5.0,https://www.amazon.in/s?k=Sony+WH-1000XM5
1367,Backpack Osprey 40L - Variant 7007,Accessories,11667,"40L travel pack, TSA-friendly, laptop sleeve, rain cover included",55,5.0,https://www.amazon.in/s?k=Osprey+40L+Backpack
1368,Webcam Logitech 4K - Variant 9850,Electronics,11372,"4K Ultra HD, auto-focus, built-in mic, works with Zoom and Teams",40,4.4,https://www.amazon.in/s?k=Logitech+4K+Webcam
1369,Levi's 501 Jeans - Variant 9806,Clothing,4242,"Classic straight fit jeans, durable denim, available in multiple washes",112,4.5,https://www.amazon.in/s?k=Levis+501+Jeans
1370,Air Fryer Ninja 6qt - Variant 8601,Kitchen,10943,"6-quart capacity, 4-in-1 functionality, up to 75% less fat, dishwasher safe",51,5.0,https://www.amazon.in/s?k=Ninja+Air+Fryer+6qt
1371,Dumbbell Set Adjustable - Variant 1329,Sports,14053,"5-52.5 lbs per dumbbell, replaces 15 sets, fast adjust dial system",39,4.9,https://www.amazon.in/s?k=Adjustable+Dumbbell+Set
1372,Sony WH-1000XM5 - Variant 2656,Electronics,32552,"Industry-leading noise cancellation, 30hr battery, multipoint connection",22,4.8,https://www.amazon.in/s?k=Sony+WH-1000XM5
1373,Linen Shirt Uniqlo - Variant 4428,Clothing,2902,"100% linen, breathable summer fabric, relaxed fit, 8 color options",192,4.6,https://www.amazon.in/s?k=Linen+Shirt+Men+Uniqlo
1374,Hiking Boots Merrell - Variant 9359,Shoes,13777,"Waterproof leather, Vibram outsole, air cushion heel, ankle support",64,4.6,https://www.amazon.in/s?k=Merrell+Hiking+Boots+Waterproof
1375,The Alchemist Book - Variant 2810,Books,1125,Paulo Coelho's masterpiece about following your dreams and personal legend,177,4.6,https://www.amazon.in/s?k=The+Alchemist+Paulo+Coelho
1376,Levi's 501 Jeans - Variant 2249,Clothing,5604,"Classic straight fit jeans, durable denim, available in multiple washes",139,4.4,https://www.amazon.in/s?k=Levis+501+Jeans
1377,Samsung 4K Smart TV 55inch - Variant 1693,Electronics,62621,"Crystal UHD display, built-in Alexa, HDR10+, 3 HDMI ports",8,4.4,https://www.amazon.in/s?k=Samsung+4K+Smart+TV+55inch
1378,Linen Shirt Uniqlo - Variant 8184,Clothing,3799,"100% linen, breathable summer fabric, relaxed fit, 8 color options",228,4.0,https://www.amazon.in/s?k=Linen+Shirt+Men+Uniqlo
1379,Harry Potter Box Set - Variant 4730,Books,5349,"Complete 7-book hardcover collection, illustrated edition",29,4.7,https://www.amazon.in/s?k=Harry+Potter+Box+Set+Hardcover
1380,Blender Vitamix A2500 - Variant 8217,Kitchen,32479,"Variable speed control, 3 program settings, self-cleaning, 64oz container",31,5.0,https://www.amazon.in/s?k=Vitamix+A2500+Blender
1381,Rich Dad Poor Dad - Variant 5419,Books,976,"Robert Kiyosaki's personal finance classic, updated 25th anniversary edition",187,4.4,https://www.amazon.in/s?k=Rich+Dad+Poor+Dad+Kiyosaki
1382,Omega-3 Fish Oil - Variant 6375,Health,1509,"1200mg EPA+DHA per serving, enteric coated, 90 softgels, no fishy aftertaste",90,4.8,https://www.amazon.in/s?k=Omega+3+Fish+Oil+1200mg
1383,Linen Shirt Uniqlo - Variant 2714,Clothing,2733,"100% linen, breathable summer fabric, relaxed fit, 8 color options",177,4.1,https://www.amazon.in/s?k=Linen+Shirt+Men+Uniqlo
1384,Blender Vitamix A2500 - Variant 6945,Kitchen,40304,"Variable speed control, 3 program settings, self-cleaning, 64oz container",25,4.8,https://www.amazon.in/s?k=Vitamix+A2500+Blender
1385,Sunscreen SPF 50 EltaMD - Variant 5335,Beauty,3196,"Broad spectrum UV protection, oil-free, dermatologist recommended, 3oz",44,4.7,https://www.amazon.in/s?k=EltaMD+Sunscreen+SPF+50
1386,iPad Air 11inch - Variant 2395,Electronics,56471,"M2 chip, 11-inch Liquid Retina display, Apple Pencil Pro support, 256GB",26,4.8,https://www.amazon.in/s?k=iPad+Air+M2+11inch
1387,Backpack Osprey 40L - Variant 2845,Accessories,14703,"40L travel pack, TSA-friendly, laptop sleeve, rain cover included",58,4.8,https://www.amazon.in/s?k=Osprey+40L+Backpack
1388,Instant Pot Duo 7-in-1 - Variant 1183,Kitchen,8871,"Pressure cooker, slow cooker, rice cooker, steamer, saute, yogurt maker",74,5.0,https://www.amazon.in/s?k=Instant+Pot+Duo
1389,Converse Chuck Taylor - Variant 5580,Shoes,5073,"Classic canvas high-top, rubber sole, available in 20+ colors",126,4.7,https://www.amazon.in/s?k=Converse+Chuck+Taylor+High+Top
1390,Harry Potter Box Set - Variant 2265,Books,5448,"Complete 7-book hardcover collection, illustrated edition",22,5.0,https://www.amazon.in/s?k=Harry+Potter+Box+Set+Hardcover
1391,Converse Chuck Taylor - Variant 3202,Shoes,6471,"Classic canvas high-top, rubber sole, available in 20+ colors",116,4.7,https://www.amazon.in/s?k=Converse+Chuck+Taylor+High+Top
1392,Samsung 4K Smart TV 55inch - Variant 7007,Electronics,55928,"Crystal UHD display, built-in Alexa, HDR10+, 3 HDMI ports",18,4.4,https://www.amazon.in/s?k=Samsung+4K+Smart+TV+55inch
1393,Vitamin C Serum - Variant 5290,Beauty,2267,"20% Vitamin C with hyaluronic acid, brightens skin, reduces dark spots",213,4.0,https://www.amazon.in/s?k=Vitamin+C+Serum+20+percent
1394,Levi's 501 Jeans - Variant 4309,Clothing,5093,"Classic straight fit jeans, durable denim, available in multiple washes",105,4.2,https://www.amazon.in/s?k=Levis+501+Jeans
1395,Coffee Maker Drip - Variant 3886,Kitchen,4785,"12-cup programmable coffee maker, built-in grinder, thermal carafe",85,4.2,https://www.amazon.in/s?k=Drip+Coffee+Maker
1396,Apple AirPods Pro - Variant 4360,Electronics,20483,"Active noise cancellation, transparency mode, spatial audio, wireless charging",31,4.7,https://www.amazon.in/s?k=Apple+AirPods+Pro
1397,Sunglasses Polarized - Variant 1623,Accessories,2243,"UV400 protection, polarized lenses, lightweight frame, unisex design",142,3.9,https://www.amazon.in/s?k=Polarized+Sunglasses+UV400
1398,Levi's Denim Jacket - Variant 8196,Clothing,8299,"Classic trucker jacket, 100% cotton denim, multiple color options",42,4.4,https://www.amazon.in/s?k=Levis+Denim+Jacket+Trucker
1399,Mechanical Keyboard RGB - Variant 4953,Electronics,5854,"TKL layout, Cherry MX switches, per-key RGB lighting, USB-C",53,4.5,https://www.amazon.in/s?k=Mechanical+Keyboard+RGB
1400,Dumbbell Set Adjustable - Variant 9463,Sports,12060,"5-52.5 lbs per dumbbell, replaces 15 sets, fast adjust dial system",42,4.6,https://www.amazon.in/s?k=Adjustable+Dumbbell+Set
1401,Protein Powder Whey - Variant 1911,Health,4907,"25g protein per serving, chocolate flavor, 5lb bag, no artificial colors",41,4.4,https://www.amazon.in/s?k=Whey+Protein+Powder+Chocolate
1402,Linen Shirt Uniqlo - Variant 5676,Clothing,3043,"100% linen, breathable summer fabric, relaxed fit, 8 color options",91,4.1,https://www.amazon.in/s?k=Linen+Shirt+Men+Uniqlo
1403,Yoga Mat Premium - Variant 4060,Sports,3405,"Non-slip 6mm thick mat, eco-friendly TPE material, includes carry strap",104,4.2,https://www.amazon.in/s?k=Premium+Yoga+Mat
1404,iPad Air 11inch - Variant 7803,Electronics,55882,"M2 chip, 11-inch Liquid Retina display, Apple Pencil Pro support, 256GB",27,5.0,https://www.amazon.in/s?k=iPad+Air+M2+11inch
1405,Leather Wallet Slim - Variant 5540,Accessories,2338,"Genuine leather, RFID blocking, 8 card slots, minimalist design",166,4.6,https://www.amazon.in/s?k=Slim+Leather+Wallet+RFID
1406,Sunscreen SPF 50 EltaMD - Variant 6017,Beauty,3660,"Broad spectrum UV protection, oil-free, dermatologist recommended, 3oz",67,4.5,https://www.amazon.in/s?k=EltaMD+Sunscreen+SPF+50
1407,Adidas Ultraboost 22 - Variant 6871,Shoes,13187,"Responsive Boost midsole, Primeknit upper, Continental rubber outsole",33,4.7,https://www.amazon.in/s?k=Adidas+Ultraboost+22
1408,Converse Chuck Taylor - Variant 5816,Shoes,5639,"Classic canvas high-top, rubber sole, available in 20+ colors",171,4.7,https://www.amazon.in/s?k=Converse+Chuck+Taylor+High+Top
1409,Running Shorts Nike - Variant 7897,Clothing,2508,"Dri-FIT fabric, 7-inch inseam, built-in brief, reflective details",98,4.4,https://www.amazon.in/s?k=Nike+Running+Shorts+DriFIT
1410,Atomic Habits Book - Variant 2066,Books,1521,James Clear's guide to building good habits and breaking bad ones,400,4.9,https://www.amazon.in/s?k=Atomic+Habits+James+Clear
1411,Coffee Maker Drip - Variant 6200,Kitchen,4271,"12-cup programmable coffee maker, built-in grinder, thermal carafe",39,4.2,https://www.amazon.in/s?k=Drip+Coffee+Maker
1412,Creatine Monohydrate - Variant 2785,Health,2667,"Micronized creatine, 5g per serving, unflavored, 60 servings, lab tested",77,4.7,https://www.amazon.in/s?k=Creatine+Monohydrate+Micronized
1413,Resistance Bands Set - Variant 2523,Sports,1901,"5 resistance levels, latex-free, includes door anchor and carry bag",127,4.5,https://www.amazon.in/s?k=Resistance+Bands+Set+5+levels
1414,Instant Pot Duo 7-in-1 - Variant 4331,Kitchen,6828,"Pressure cooker, slow cooker, rice cooker, steamer, saute, yogurt maker",67,4.5,https://www.amazon.in/s?k=Instant+Pot+Duo
1415,Vitamin C Serum - Variant 2355,Beauty,1938,"20% Vitamin C with hyaluronic acid, brightens skin, reduces dark spots",194,3.9,https://www.amazon.in/s?k=Vitamin+C+Serum+20+percent
1416,Leather Wallet Slim - Variant 7457,Accessories,2370,"Genuine leather, RFID blocking, 8 card slots, minimalist design",93,4.2,https://www.amazon.in/s?k=Slim+Leather+Wallet+RFID
1417,Rich Dad Poor Dad - Variant 5034,Books,931,"Robert Kiyosaki's personal finance classic, updated 25th anniversary edition",164,4.5,https://www.amazon.in/s?k=Rich+Dad+Poor+Dad+Kiyosaki
1418,Retinol Night Cream - Variant 3041,Beauty,2730,"0.5% retinol with peptides, reduces fine lines, fragrance-free, 50ml",47,4.3,https://www.amazon.in/s?k=Retinol+Night+Cream+0.5+percent
1419,Sony WH-1000XM5 - Variant 6242,Electronics,27762,"Industry-leading noise cancellation, 30hr battery, multipoint connection",13,5.0,https://www.amazon.in/s?k=Sony+WH-1000XM5
1420,Rich Dad Poor Dad - Variant 5971,Books,1195,"Robert Kiyosaki's personal finance classic, updated 25th anniversary edition",268,4.7,https://www.amazon.in/s?k=Rich+Dad+Poor+Dad+Kiyosaki
1421,Blender Vitamix A2500 - Variant 6796,Kitchen,35799,"Variable speed control, 3 program settings, self-cleaning, 64oz container",25,4.6,https://www.amazon.in/s?k=Vitamix+A2500+Blender
1422,Harry Potter Box Set - Variant 8855,Books,6928,"Complete 7-book hardcover collection, illustrated edition",40,4.9,https://www.amazon.in/s?k=Harry+Potter+Box+Set+Hardcover
1423,Converse Chuck Taylor - Variant 1968,Shoes,6224,"Classic canvas high-top, rubber sole, available in 20+ colors",266,4.6,https://www.amazon.in/s?k=Converse+Chuck+Taylor+High+Top
1424,Creatine Monohydrate - Variant 2222,Health,2240,"Micronized creatine, 5g per serving, unflavored, 60 servings, lab tested",82,4.3,https://www.amazon.in/s?k=Creatine+Monohydrate+Micronized
1425,The Alchemist Book - Variant 1165,Books,1405,Paulo Coelho's masterpiece about following your dreams and personal legend,147,4.9,https://www.amazon.in/s?k=The+Alchemist+Paulo+Coelho
1426,Sony WH-1000XM5 - Variant 8333,Electronics,23370,"Industry-leading noise cancellation, 30hr battery, multipoint connection",19,4.9,https://www.amazon.in/s?k=Sony+WH-1000XM5
1427,iPad Air 11inch - Variant 3110,Electronics,54227,"M2 chip, 11-inch Liquid Retina display, Apple Pencil Pro support, 256GB",25,5.0,https://www.amazon.in/s?k=iPad+Air+M2+11inch
1428,Sunglasses Polarized - Variant 7210,Accessories,2052,"UV400 protection, polarized lenses, lightweight frame, unisex design",113,4.3,https://www.amazon.in/s?k=Polarized+Sunglasses+UV400
1429,Multivitamin Men's - Variant 4954,Health,2030,"23 essential vitamins and minerals, once daily, 90 tablets, no artificial colors",136,4.4,https://www.amazon.in/s?k=Mens+Multivitamin+Daily
1430,Protein Powder Whey - Variant 6540,Health,4139,"25g protein per serving, chocolate flavor, 5lb bag, no artificial colors",31,4.4,https://www.amazon.in/s?k=Whey+Protein+Powder+Chocolate
1431,Resistance Bands Set - Variant 4876,Sports,2269,"5 resistance levels, latex-free, includes door anchor and carry bag",179,4.5,https://www.amazon.in/s?k=Resistance+Bands+Set+5+levels
1432,Multivitamin Men's - Variant 3405,Health,1897,"23 essential vitamins and minerals, once daily, 90 tablets, no artificial colors",171,4.4,https://www.amazon.in/s?k=Mens+Multivitamin+Daily
1433,Jump Rope Speed - Variant 6743,Sports,1625,"Adjustable steel cable, ball bearing handles, suitable for all fitness levels",228,4.6,https://www.amazon.in/s?k=Speed+Jump+Rope+Adjustable
1434,Jump Rope Speed - Variant 6586,Sports,1732,"Adjustable steel cable, ball bearing handles, suitable for all fitness levels",149,4.1,https://www.amazon.in/s?k=Speed+Jump+Rope+Adjustable
1435,Luggage Samsonite 28inch - Variant 9278,Accessories,16387,"Hardside spinner, TSA lock, expandable, lightweight polycarbonate shell",24,4.7,https://www.amazon.in/s?k=Samsonite+28+inch+Hardside+Luggage
1436,Atomic Habits Book - Variant 1068,Books,1714,James Clear's guide to building good habits and breaking bad ones,424,4.7,https://www.amazon.in/s?k=Atomic+Habits+James+Clear
1437,Levi's 501 Jeans - Variant 7289,Clothing,4175,"Classic straight fit jeans, durable denim, available in multiple washes",178,4.1,https://www.amazon.in/s?k=Levis+501+Jeans
1438,iPad Air 11inch - Variant 5011,Electronics,50172,"M2 chip, 11-inch Liquid Retina display, Apple Pencil Pro support, 256GB",25,4.7,https://www.amazon.in/s?k=iPad+Air+M2+11inch
1439,Atomic Habits Book - Variant 6704,Books,1457,James Clear's guide to building good habits and breaking bad ones,396,4.8,https://www.amazon.in/s?k=Atomic+Habits+James+Clear
1440,Converse Chuck Taylor - Variant 8677,Shoes,5197,"Classic canvas high-top, rubber sole, available in 20+ colors",154,4.7,https://www.amazon.in/s?k=Converse+Chuck+Taylor+High+Top
1441,Samsung 4K Smart TV 55inch - Variant 3360,Electronics,61572,"Crystal UHD display, built-in Alexa, HDR10+, 3 HDMI ports",9,4.4,https://www.amazon.in/s?k=Samsung+4K+Smart+TV+55inch
1442,Jump Rope Speed - Variant 5357,Sports,1312,"Adjustable steel cable, ball bearing handles, suitable for all fitness levels",211,4.5,https://www.amazon.in/s?k=Speed+Jump+Rope+Adjustable
1443,Yoga Mat Premium - Variant 6000,Sports,3099,"Non-slip 6mm thick mat, eco-friendly TPE material, includes carry strap",134,4.4,https://www.amazon.in/s?k=Premium+Yoga+Mat
1444,Leather Wallet Slim - Variant 4433,Accessories,1980,"Genuine leather, RFID blocking, 8 card slots, minimalist design",152,4.6,https://www.amazon.in/s?k=Slim+Leather+Wallet+RFID
1445,Sony WH-1000XM5 - Variant 9903,Electronics,25924,"Industry-leading noise cancellation, 30hr battery, multipoint connection",22,4.9,https://www.amazon.in/s?k=Sony+WH-1000XM5
1446,Yoga Mat Premium - Variant 3184,Sports,2401,"Non-slip 6mm thick mat, eco-friendly TPE material, includes carry strap",51,4.2,https://www.amazon.in/s?k=Premium+Yoga+Mat
1447,Yoga Mat Premium - Variant 3405,Sports,2507,"Non-slip 6mm thick mat, eco-friendly TPE material, includes carry strap",104,4.1,https://www.amazon.in/s?k=Premium+Yoga+Mat
1448,Atomic Habits Workbook - Variant 8825,Books,1151,Companion workbook to Atomic Habits with exercises and habit trackers,115,4.5,https://www.amazon.in/s?k=Atomic+Habits+Workbook
1449,Protein Powder Whey - Variant 4999,Health,3832,"25g protein per serving, chocolate flavor, 5lb bag, no artificial colors",57,4.8,https://www.amazon.in/s?k=Whey+Protein+Powder+Chocolate
1450,Adidas Ultraboost 22 - Variant 9781,Shoes,15065,"Responsive Boost midsole, Primeknit upper, Continental rubber outsole",78,4.3,https://www.amazon.in/s?k=Adidas+Ultraboost+22
1451,Instant Pot Duo 7-in-1 - Variant 1905,Kitchen,7317,"Pressure cooker, slow cooker, rice cooker, steamer, saute, yogurt maker",73,4.4,https://www.amazon.in/s?k=Instant+Pot+Duo
1452,Sony WH-1000XM5 - Variant 6614,Electronics,29105,"Industry-leading noise cancellation, 30hr battery, multipoint connection",17,5.0,https://www.amazon.in/s?k=Sony+WH-1000XM5
1453,Jump Rope Speed - Variant 2865,Sports,1294,"Adjustable steel cable, ball bearing handles, suitable for all fitness levels",246,4.6,https://www.amazon.in/s?k=Speed+Jump+Rope+Adjustable
1454,Dell 27inch Monitor - Variant 1340,Electronics,32630,"IPS panel, 165Hz refresh rate, 1ms response time, USB-C, FreeSync",11,4.6,https://www.amazon.in/s?k=Dell+27+inch+165Hz+Monitor
1455,The Alchemist Book - Variant 7949,Books,1409,Paulo Coelho's masterpiece about following your dreams and personal legend,144,4.9,https://www.amazon.in/s?k=The+Alchemist+Paulo+Coelho
1456,Hiking Boots Merrell - Variant 9259,Shoes,9524,"Waterproof leather, Vibram outsole, air cushion heel, ankle support",34,4.4,https://www.amazon.in/s?k=Merrell+Hiking+Boots+Waterproof
1457,New Balance 990v6 - Variant 3429,Shoes,15525,"Made in USA, premium suede and mesh upper, ENCAP midsole technology",51,4.9,https://www.amazon.in/s?k=New+Balance+990v6
1458,Levi's Denim Jacket - Variant 7350,Clothing,8433,"Classic trucker jacket, 100% cotton denim, multiple color options",67,4.5,https://www.amazon.in/s?k=Levis+Denim+Jacket+Trucker
1459,Atomic Habits Workbook - Variant 7506,Books,1339,Companion workbook to Atomic Habits with exercises and habit trackers,77,4.4,https://www.amazon.in/s?k=Atomic+Habits+Workbook
1460,Wireless Mouse Logitech - Variant 2157,Electronics,3937,"MX Master 3, ergonomic design, 4000 DPI, multi-device support",75,4.4,https://www.amazon.in/s?k=Logitech+MX+Master+3
1461,Rich Dad Poor Dad - Variant 8057,Books,1072,"Robert Kiyosaki's personal finance classic, updated 25th anniversary edition",272,4.5,https://www.amazon.in/s?k=Rich+Dad+Poor+Dad+Kiyosaki
1462,Nike Air Max 270 - Variant 1818,Shoes,12888,"Lightweight running shoe with Air Max cushioning, great for daily use",31,4.2,https://www.amazon.in/s?k=Nike+Air+Max+270
1463,Air Fryer Ninja 6qt - Variant 3511,Kitchen,10942,"6-quart capacity, 4-in-1 functionality, up to 75% less fat, dishwasher safe",50,4.6,https://www.amazon.in/s?k=Ninja+Air+Fryer+6qt
1464,Backpack Osprey 40L - Variant 2449,Accessories,13135,"40L travel pack, TSA-friendly, laptop sleeve, rain cover included",47,4.5,https://www.amazon.in/s?k=Osprey+40L+Backpack
1465,Face Wash CeraVe - Variant 9159,Beauty,1361,"Hydrating cleanser with ceramides and hyaluronic acid, 16oz, all skin types",116,4.9,https://www.amazon.in/s?k=CeraVe+Hydrating+Face+Wash
1466,Dumbbell Set Adjustable - Variant 8625,Sports,10255,"5-52.5 lbs per dumbbell, replaces 15 sets, fast adjust dial system",32,4.7,https://www.amazon.in/s?k=Adjustable+Dumbbell+Set
1467,Dumbbell Set Adjustable - Variant 3535,Sports,10532,"5-52.5 lbs per dumbbell, replaces 15 sets, fast adjust dial system",30,4.9,https://www.amazon.in/s?k=Adjustable+Dumbbell+Set
1468,Dell 27inch Monitor - Variant 5603,Electronics,32769,"IPS panel, 165Hz refresh rate, 1ms response time, USB-C, FreeSync",25,4.7,https://www.amazon.in/s?k=Dell+27+inch+165Hz+Monitor
1469,Sunglasses Polarized - Variant 9282,Accessories,2593,"UV400 protection, polarized lenses, lightweight frame, unisex design",91,3.9,https://www.amazon.in/s?k=Polarized+Sunglasses+UV400
1470,The Alchemist Book - Variant 4929,Books,1086,Paulo Coelho's masterpiece about following your dreams and personal legend,175,4.8,https://www.amazon.in/s?k=The+Alchemist+Paulo+Coelho
1471,Levi's Denim Jacket - Variant 9323,Clothing,8243,"Classic trucker jacket, 100% cotton denim, multiple color options",60,4.2,https://www.amazon.in/s?k=Levis+Denim+Jacket+Trucker
1472,Omega-3 Fish Oil - Variant 9076,Health,1618,"1200mg EPA+DHA per serving, enteric coated, 90 softgels, no fishy aftertaste",100,4.3,https://www.amazon.in/s?k=Omega+3+Fish+Oil+1200mg
1473,Converse Chuck Taylor - Variant 6980,Shoes,6179,"Classic canvas high-top, rubber sole, available in 20+ colors",267,4.4,https://www.amazon.in/s?k=Converse+Chuck+Taylor+High+Top
1474,Leather Wallet Slim - Variant 7502,Accessories,1739,"Genuine leather, RFID blocking, 8 card slots, minimalist design",112,4.3,https://www.amazon.in/s?k=Slim+Leather+Wallet+RFID
1475,Protein Powder Whey - Variant 8051,Health,3854,"25g protein per serving, chocolate flavor, 5lb bag, no artificial colors",55,4.6,https://www.amazon.in/s?k=Whey+Protein+Powder+Chocolate
1476,Stand Mixer KitchenAid - Variant 4530,Kitchen,32029,"5-quart bowl, 10 speeds, 59 attachments compatible, tilt-head design",8,4.6,https://www.amazon.in/s?k=KitchenAid+Stand+Mixer+5qt
1477,Vitamin C Serum - Variant 6330,Beauty,1863,"20% Vitamin C with hyaluronic acid, brightens skin, reduces dark spots",109,4.2,https://www.amazon.in/s?k=Vitamin+C+Serum+20+percent
1478,Sunscreen SPF 50 EltaMD - Variant 2178,Beauty,3839,"Broad spectrum UV protection, oil-free, dermatologist recommended, 3oz",94,4.8,https://www.amazon.in/s?k=EltaMD+Sunscreen+SPF+50
1479,Protein Powder Whey - Variant 7227,Health,4798,"25g protein per serving, chocolate flavor, 5lb bag, no artificial colors",66,4.7,https://www.amazon.in/s?k=Whey+Protein+Powder+Chocolate
1480,Hoodie Champion Reverse Weave - Variant 7495,Clothing,5956,"Heavyweight fleece, reverse weave construction, kangaroo pocket",74,4.7,https://www.amazon.in/s?k=Champion+Reverse+Weave+Hoodie
1481,Nike Air Max 270 - Variant 4244,Shoes,10195,"Lightweight running shoe with Air Max cushioning, great for daily use",43,4.5,https://www.amazon.in/s?k=Nike+Air+Max+270
1482,Leather Wallet Slim - Variant 9543,Accessories,2358,"Genuine leather, RFID blocking, 8 card slots, minimalist design",153,4.4,https://www.amazon.in/s?k=Slim+Leather+Wallet+RFID
1483,Sony WH-1000XM5 - Variant 8527,Electronics,25200,"Industry-leading noise cancellation, 30hr battery, multipoint connection",17,4.9,https://www.amazon.in/s?k=Sony+WH-1000XM5
1484,Luggage Samsonite 28inch - Variant 1643,Accessories,16603,"Hardside spinner, TSA lock, expandable, lightweight polycarbonate shell",20,4.4,https://www.amazon.in/s?k=Samsonite+28+inch+Hardside+Luggage
1485,Face Wash CeraVe - Variant 7759,Beauty,1222,"Hydrating cleanser with ceramides and hyaluronic acid, 16oz, all skin types",171,5.0,https://www.amazon.in/s?k=CeraVe+Hydrating+Face+Wash
1486,Dumbbell Set Adjustable - Variant 1050,Sports,13859,"5-52.5 lbs per dumbbell, replaces 15 sets, fast adjust dial system",35,4.7,https://www.amazon.in/s?k=Adjustable+Dumbbell+Set
1487,Resistance Bands Set - Variant 6106,Sports,2027,"5 resistance levels, latex-free, includes door anchor and carry bag",102,4.7,https://www.amazon.in/s?k=Resistance+Bands+Set+5+levels
1488,Dumbbell Set Adjustable - Variant 4285,Sports,14252,"5-52.5 lbs per dumbbell, replaces 15 sets, fast adjust dial system",26,4.8,https://www.amazon.in/s?k=Adjustable+Dumbbell+Set
1489,Vitamin C Serum - Variant 1408,Beauty,2169,"20% Vitamin C with hyaluronic acid, brightens skin, reduces dark spots",202,4.3,https://www.amazon.in/s?k=Vitamin+C+Serum+20+percent
1490,Resistance Bands Set - Variant 9438,Sports,2064,"5 resistance levels, latex-free, includes door anchor and carry bag",102,4.3,https://www.amazon.in/s?k=Resistance+Bands+Set+5+levels
1491,Linen Shirt Uniqlo - Variant 8985,Clothing,3931,"100% linen, breathable summer fabric, relaxed fit, 8 color options",231,4.3,https://www.amazon.in/s?k=Linen+Shirt+Men+Uniqlo
1492,Face Wash CeraVe - Variant 7529,Beauty,1375,"Hydrating cleanser with ceramides and hyaluronic acid, 16oz, all skin types",304,5.0,https://www.amazon.in/s?k=CeraVe+Hydrating+Face+Wash
1493,Sony WH-1000XM5 - Variant 5924,Electronics,31409,"Industry-leading noise cancellation, 30hr battery, multipoint connection",22,4.9,https://www.amazon.in/s?k=Sony+WH-1000XM5
1494,Mechanical Keyboard RGB - Variant 5443,Electronics,6955,"TKL layout, Cherry MX switches, per-key RGB lighting, USB-C",36,4.8,https://www.amazon.in/s?k=Mechanical+Keyboard+RGB
1495,Rich Dad Poor Dad - Variant 6951,Books,915,"Robert Kiyosaki's personal finance classic, updated 25th anniversary edition",196,5.0,https://www.amazon.in/s?k=Rich+Dad+Poor+Dad+Kiyosaki
1496,Yoga Mat Premium - Variant 2730,Sports,2776,"Non-slip 6mm thick mat, eco-friendly TPE material, includes carry strap",47,4.3,https://www.amazon.in/s?k=Premium+Yoga+Mat
1497,Jump Rope Speed - Variant 3017,Sports,1670,"Adjustable steel cable, ball bearing handles, suitable for all fitness levels",222,4.5,https://www.amazon.in/s?k=Speed+Jump+Rope+Adjustable
1498,Mechanical Keyboard RGB - Variant 1096,Electronics,7803,"TKL layout, Cherry MX switches, per-key RGB lighting, USB-C",28,4.2,https://www.amazon.in/s?k=Mechanical+Keyboard+RGB
1499,Yoga Mat Premium - Variant 9601,Sports,2545,"Non-slip 6mm thick mat, eco-friendly TPE material, includes carry strap",60,4.2,https://www.amazon.in/s?k=Premium+Yoga+Mat
1500,Dumbbell Set Adjustable - Variant 6146,Sports,10045,"5-52.5 lbs per dumbbell, replaces 15 sets, fast adjust dial system",32,4.8,https://www.amazon.in/s?k=Adjustable+Dumbbell+Set
1501,Backpack Osprey 40L - Variant 5749,Accessories,12663,"40L travel pack, TSA-friendly, laptop sleeve, rain cover included",23,4.8,https://www.amazon.in/s?k=Osprey+40L+Backpack
1502,Apple AirPods Pro - Variant 1027,Electronics,18472,"Active noise cancellation, transparency mode, spatial audio, wireless charging",31,5.0,https://www.amazon.in/s?k=Apple+AirPods+Pro
1503,Webcam Logitech 4K - Variant 3537,Electronics,10418,"4K Ultra HD, auto-focus, built-in mic, works with Zoom and Teams",40,4.6,https://www.amazon.in/s?k=Logitech+4K+Webcam
1504,Stand Mixer KitchenAid - Variant 7325,Kitchen,35653,"5-quart bowl, 10 speeds, 59 attachments compatible, tilt-head design",9,4.9,https://www.amazon.in/s?k=KitchenAid+Stand+Mixer+5qt
1505,Converse Chuck Taylor - Variant 4006,Shoes,6436,"Classic canvas high-top, rubber sole, available in 20+ colors",151,4.8,https://www.amazon.in/s?k=Converse+Chuck+Taylor+High+Top
1506,Face Wash CeraVe - Variant 6386,Beauty,1286,"Hydrating cleanser with ceramides and hyaluronic acid, 16oz, all skin types",307,4.7,https://www.amazon.in/s?k=CeraVe+Hydrating+Face+Wash
1507,Instant Pot Duo 7-in-1 - Variant 6434,Kitchen,6898,"Pressure cooker, slow cooker, rice cooker, steamer, saute, yogurt maker",70,4.5,https://www.amazon.in/s?k=Instant+Pot+Duo
1508,Converse Chuck Taylor - Variant 5788,Shoes,5339,"Classic canvas high-top, rubber sole, available in 20+ colors",167,4.3,https://www.amazon.in/s?k=Converse+Chuck+Taylor+High+Top
1509,Retinol Night Cream - Variant 3858,Beauty,3215,"0.5% retinol with peptides, reduces fine lines, fragrance-free, 50ml",98,4.5,https://www.amazon.in/s?k=Retinol+Night+Cream+0.5+percent
1510,Dell 27inch Monitor - Variant 2257,Electronics,31351,"IPS panel, 165Hz refresh rate, 1ms response time, USB-C, FreeSync",13,4.6,https://www.amazon.in/s?k=Dell+27+inch+165Hz+Monitor
1511,Running Shorts Nike - Variant 7543,Clothing,3112,"Dri-FIT fabric, 7-inch inseam, built-in brief, reflective details",56,4.3,https://www.amazon.in/s?k=Nike+Running+Shorts+DriFIT
1512,iPad Air 11inch - Variant 6114,Electronics,59344,"M2 chip, 11-inch Liquid Retina display, Apple Pencil Pro support, 256GB",20,4.8,https://www.amazon.in/s?k=iPad+Air+M2+11inch
1513,Kindle Paperwhite - Variant 2616,Electronics,12750,"6.8-inch display, adjustable warm light, waterproof, 3 months free Kindle Unlimited",97,4.6,https://www.amazon.in/s?k=Kindle+Paperwhite+2024
1514,Stand Mixer KitchenAid - Variant 7568,Kitchen,37634,"5-quart bowl, 10 speeds, 59 attachments compatible, tilt-head design",16,5.0,https://www.amazon.in/s?k=KitchenAid+Stand+Mixer+5qt
1515,Sony WH-1000XM5 - Variant 4650,Electronics,31884,"Industry-leading noise cancellation, 30hr battery, multipoint connection",25,4.6,https://www.amazon.in/s?k=Sony+WH-1000XM5
1516,Protein Powder Whey - Variant 3274,Health,4975,"25g protein per serving, chocolate flavor, 5lb bag, no artificial colors",31,4.7,https://www.amazon.in/s?k=Whey+Protein+Powder+Chocolate
1517,Levi's 501 Jeans - Variant 9496,Clothing,5393,"Classic straight fit jeans, durable denim, available in multiple washes",81,4.3,https://www.amazon.in/s?k=Levis+501+Jeans
1518,Luggage Samsonite 28inch - Variant 3568,Accessories,17114,"Hardside spinner, TSA lock, expandable, lightweight polycarbonate shell",33,4.5,https://www.amazon.in/s?k=Samsonite+28+inch+Hardside+Luggage
1519,Dumbbell Set Adjustable - Variant 3521,Sports,14284,"5-52.5 lbs per dumbbell, replaces 15 sets, fast adjust dial system",32,4.8,https://www.amazon.in/s?k=Adjustable+Dumbbell+Set
1520,Face Wash CeraVe - Variant 1976,Beauty,1184,"Hydrating cleanser with ceramides and hyaluronic acid, 16oz, all skin types",123,4.7,https://www.amazon.in/s?k=CeraVe+Hydrating+Face+Wash
1521,Omega-3 Fish Oil - Variant 3346,Health,1732,"1200mg EPA+DHA per serving, enteric coated, 90 softgels, no fishy aftertaste",189,4.5,https://www.amazon.in/s?k=Omega+3+Fish+Oil+1200mg
1522,Running Shorts Nike - Variant 2576,Clothing,3089,"Dri-FIT fabric, 7-inch inseam, built-in brief, reflective details",51,4.6,https://www.amazon.in/s?k=Nike+Running+Shorts+DriFIT
1523,Protein Powder Whey - Variant 7060,Health,3797,"25g protein per serving, chocolate flavor, 5lb bag, no artificial colors",59,4.2,https://www.amazon.in/s?k=Whey+Protein+Powder+Chocolate
1524,Webcam Logitech 4K - Variant 8555,Electronics,14286,"4K Ultra HD, auto-focus, built-in mic, works with Zoom and Teams",42,4.4,https://www.amazon.in/s?k=Logitech+4K+Webcam
1525,Levi's 501 Jeans - Variant 1921,Clothing,5223,"Classic straight fit jeans, durable denim, available in multiple washes",107,4.0,https://www.amazon.in/s?k=Levis+501+Jeans
1526,Linen Shirt Uniqlo - Variant 9958,Clothing,2996,"100% linen, breathable summer fabric, relaxed fit, 8 color options",113,4.1,https://www.amazon.in/s?k=Linen+Shirt+Men+Uniqlo
1527,Protein Powder Whey - Variant 2748,Health,5395,"25g protein per serving, chocolate flavor, 5lb bag, no artificial colors",55,4.6,https://www.amazon.in/s?k=Whey+Protein+Powder+Chocolate
1528,Sony WH-1000XM5 - Variant 6995,Electronics,23866,"Industry-leading noise cancellation, 30hr battery, multipoint connection",28,4.8,https://www.amazon.in/s?k=Sony+WH-1000XM5
1529,Webcam Logitech 4K - Variant 6053,Electronics,11898,"4K Ultra HD, auto-focus, built-in mic, works with Zoom and Teams",70,4.2,https://www.amazon.in/s?k=Logitech+4K+Webcam
1530,Stand Mixer KitchenAid - Variant 9110,Kitchen,26197,"5-quart bowl, 10 speeds, 59 attachments compatible, tilt-head design",15,5.0,https://www.amazon.in/s?k=KitchenAid+Stand+Mixer+5qt
1531,Harry Potter Box Set - Variant 8938,Books,5342,"Complete 7-book hardcover collection, illustrated edition",31,4.7,https://www.amazon.in/s?k=Harry+Potter+Box+Set+Hardcover
1532,Luggage Samsonite 28inch - Variant 8441,Accessories,14402,"Hardside spinner, TSA lock, expandable, lightweight polycarbonate shell",17,4.6,https://www.amazon.in/s?k=Samsonite+28+inch+Hardside+Luggage
1533,Protein Powder Whey - Variant 5572,Health,4324,"25g protein per serving, chocolate flavor, 5lb bag, no artificial colors",40,4.3,https://www.amazon.in/s?k=Whey+Protein+Powder+Chocolate
1534,Coffee Maker Drip - Variant 6566,Kitchen,4783,"12-cup programmable coffee maker, built-in grinder, thermal carafe",57,4.3,https://www.amazon.in/s?k=Drip+Coffee+Maker
1535,Instant Pot Duo 7-in-1 - Variant 6979,Kitchen,6098,"Pressure cooker, slow cooker, rice cooker, steamer, saute, yogurt maker",92,4.4,https://www.amazon.in/s?k=Instant+Pot+Duo
1536,Air Fryer Ninja 6qt - Variant 4970,Kitchen,9911,"6-quart capacity, 4-in-1 functionality, up to 75% less fat, dishwasher safe",64,5.0,https://www.amazon.in/s?k=Ninja+Air+Fryer+6qt
1537,Hoodie Champion Reverse Weave - Variant 3091,Clothing,6562,"Heavyweight fleece, reverse weave construction, kangaroo pocket",96,4.5,https://www.amazon.in/s?k=Champion+Reverse+Weave+Hoodie
1538,Levi's 501 Jeans - Variant 6379,Clothing,5840,"Classic straight fit jeans, durable denim, available in multiple washes",101,4.1,https://www.amazon.in/s?k=Levis+501+Jeans
1539,Sony WH-1000XM5 - Variant 2775,Electronics,28228,"Industry-leading noise cancellation, 30hr battery, multipoint connection",26,5.0,https://www.amazon.in/s?k=Sony+WH-1000XM5
1540,Instant Pot Duo 7-in-1 - Variant 1176,Kitchen,7176,"Pressure cooker, slow cooker, rice cooker, steamer, saute, yogurt maker",60,4.6,https://www.amazon.in/s?k=Instant+Pot+Duo
1541,Hiking Boots Merrell - Variant 3941,Shoes,9349,"Waterproof leather, Vibram outsole, air cushion heel, ankle support",22,4.5,https://www.amazon.in/s?k=Merrell+Hiking+Boots+Waterproof
1542,Sunglasses Polarized - Variant 5588,Accessories,2094,"UV400 protection, polarized lenses, lightweight frame, unisex design",125,4.3,https://www.amazon.in/s?k=Polarized+Sunglasses+UV400
1543,Wireless Mouse Logitech - Variant 2237,Electronics,3581,"MX Master 3, ergonomic design, 4000 DPI, multi-device support",47,4.6,https://www.amazon.in/s?k=Logitech+MX+Master+3
1544,Sunglasses Polarized - Variant 3531,Accessories,2646,"UV400 protection, polarized lenses, lightweight frame, unisex design",69,4.0,https://www.amazon.in/s?k=Polarized+Sunglasses+UV400
1545,Retinol Night Cream - Variant 7298,Beauty,2339,"0.5% retinol with peptides, reduces fine lines, fragrance-free, 50ml",117,4.5,https://www.amazon.in/s?k=Retinol+Night+Cream+0.5+percent
1546,New Balance 990v6 - Variant 7460,Shoes,13179,"Made in USA, premium suede and mesh upper, ENCAP midsole technology",41,4.5,https://www.amazon.in/s?k=New+Balance+990v6
1547,Dumbbell Set Adjustable - Variant 9341,Sports,11926,"5-52.5 lbs per dumbbell, replaces 15 sets, fast adjust dial system",37,5.0,https://www.amazon.in/s?k=Adjustable+Dumbbell+Set
1548,Atomic Habits Book - Variant 5743,Books,1343,James Clear's guide to building good habits and breaking bad ones,366,4.9,https://www.amazon.in/s?k=Atomic+Habits+James+Clear
1549,Sunglasses Polarized - Variant 9450,Accessories,2279,"UV400 protection, polarized lenses, lightweight frame, unisex design",119,4.1,https://www.amazon.in/s?k=Polarized+Sunglasses+UV400
1550,Kindle Paperwhite - Variant 2522,Electronics,12935,"6.8-inch display, adjustable warm light, waterproof, 3 months free Kindle Unlimited",60,4.4,https://www.amazon.in/s?k=Kindle+Paperwhite+2024
1551,Wireless Mouse Logitech - Variant 4767,Electronics,3415,"MX Master 3, ergonomic design, 4000 DPI, multi-device support",66,4.7,https://www.amazon.in/s?k=Logitech+MX+Master+3
1552,Multivitamin Men's - Variant 8698,Health,2023,"23 essential vitamins and minerals, once daily, 90 tablets, no artificial colors",101,4.5,https://www.amazon.in/s?k=Mens+Multivitamin+Daily
1553,Coffee Maker Drip - Variant 7022,Kitchen,4208,"12-cup programmable coffee maker, built-in grinder, thermal carafe",57,4.2,https://www.amazon.in/s?k=Drip+Coffee+Maker
1554,Vitamin C Serum - Variant 2959,Beauty,2021,"20% Vitamin C with hyaluronic acid, brightens skin, reduces dark spots",222,4.0,https://www.amazon.in/s?k=Vitamin+C+Serum+20+percent
1555,Retinol Night Cream - Variant 5632,Beauty,2713,"0.5% retinol with peptides, reduces fine lines, fragrance-free, 50ml",121,4.4,https://www.amazon.in/s?k=Retinol+Night+Cream+0.5+percent
1556,Sunglasses Polarized - Variant 1846,Accessories,2470,"UV400 protection, polarized lenses, lightweight frame, unisex design",143,3.8,https://www.amazon.in/s?k=Polarized+Sunglasses+UV400
1557,Apple AirPods Pro - Variant 3412,Electronics,20358,"Active noise cancellation, transparency mode, spatial audio, wireless charging",30,4.9,https://www.amazon.in/s?k=Apple+AirPods+Pro
1558,Harry Potter Box Set - Variant 2317,Books,6030,"Complete 7-book hardcover collection, illustrated edition",52,4.9,https://www.amazon.in/s?k=Harry+Potter+Box+Set+Hardcover
1559,Vitamin C Serum - Variant 6626,Beauty,1878,"20% Vitamin C with hyaluronic acid, brightens skin, reduces dark spots",102,4.0,https://www.amazon.in/s?k=Vitamin+C+Serum+20+percent
1560,Running Shorts Nike - Variant 8652,Clothing,2661,"Dri-FIT fabric, 7-inch inseam, built-in brief, reflective details",146,4.2,https://www.amazon.in/s?k=Nike+Running+Shorts+DriFIT
1561,Nike Air Max 270 - Variant 5015,Shoes,9224,"Lightweight running shoe with Air Max cushioning, great for daily use",66,4.5,https://www.amazon.in/s?k=Nike+Air+Max+270
1562,Harry Potter Box Set - Variant 9638,Books,7496,"Complete 7-book hardcover collection, illustrated edition",28,4.7,https://www.amazon.in/s?k=Harry+Potter+Box+Set+Hardcover
1563,Atomic Habits Workbook - Variant 5630,Books,1354,Companion workbook to Atomic Habits with exercises and habit trackers,84,4.3,https://www.amazon.in/s?k=Atomic+Habits+Workbook
1564,Apple AirPods Pro - Variant 1863,Electronics,19388,"Active noise cancellation, transparency mode, spatial audio, wireless charging",31,4.9,https://www.amazon.in/s?k=Apple+AirPods+Pro
1565,Stand Mixer KitchenAid - Variant 8807,Kitchen,33773,"5-quart bowl, 10 speeds, 59 attachments compatible, tilt-head design",9,4.9,https://www.amazon.in/s?k=KitchenAid+Stand+Mixer+5qt
1566,Vitamin C Serum - Variant 4251,Beauty,2502,"20% Vitamin C with hyaluronic acid, brightens skin, reduces dark spots",223,4.0,https://www.amazon.in/s?k=Vitamin+C+Serum+20+percent
1567,Converse Chuck Taylor - Variant 8052,Shoes,5008,"Classic canvas high-top, rubber sole, available in 20+ colors",207,4.4,https://www.amazon.in/s?k=Converse+Chuck+Taylor+High+Top
1568,Samsung 4K Smart TV 55inch - Variant 5315,Electronics,67222,"Crystal UHD display, built-in Alexa, HDR10+, 3 HDMI ports",13,4.6,https://www.amazon.in/s?k=Samsung+4K+Smart+TV+55inch
1569,Stand Mixer KitchenAid - Variant 3598,Kitchen,31512,"5-quart bowl, 10 speeds, 59 attachments compatible, tilt-head design",15,4.8,https://www.amazon.in/s?k=KitchenAid+Stand+Mixer+5qt
1570,Hiking Boots Merrell - Variant 8311,Shoes,13375,"Waterproof leather, Vibram outsole, air cushion heel, ankle support",45,4.8,https://www.amazon.in/s?k=Merrell+Hiking+Boots+Waterproof
1571,Converse Chuck Taylor - Variant 2089,Shoes,5803,"Classic canvas high-top, rubber sole, available in 20+ colors",181,4.4,https://www.amazon.in/s?k=Converse+Chuck+Taylor+High+Top
1572,Multivitamin Men's - Variant 3653,Health,2127,"23 essential vitamins and minerals, once daily, 90 tablets, no artificial colors",130,4.7,https://www.amazon.in/s?k=Mens+Multivitamin+Daily
1573,Nike Air Max 270 - Variant 7356,Shoes,10821,"Lightweight running shoe with Air Max cushioning, great for daily use",69,4.2,https://www.amazon.in/s?k=Nike+Air+Max+270
1574,Mechanical Keyboard RGB - Variant 1337,Electronics,7786,"TKL layout, Cherry MX switches, per-key RGB lighting, USB-C",28,4.8,https://www.amazon.in/s?k=Mechanical+Keyboard+RGB
1575,Hoodie Champion Reverse Weave - Variant 6400,Clothing,5987,"Heavyweight fleece, reverse weave construction, kangaroo pocket",67,4.5,https://www.amazon.in/s?k=Champion+Reverse+Weave+Hoodie
1576,Rich Dad Poor Dad - Variant 1121,Books,1144,"Robert Kiyosaki's personal finance classic, updated 25th anniversary edition",229,4.9,https://www.amazon.in/s?k=Rich+Dad+Poor+Dad+Kiyosaki
1577,Levi's 501 Jeans - Variant 2662,Clothing,4901,"Classic straight fit jeans, durable denim, available in multiple washes",118,4.5,https://www.amazon.in/s?k=Levis+501+Jeans
1578,Jump Rope Speed - Variant 7338,Sports,1671,"Adjustable steel cable, ball bearing handles, suitable for all fitness levels",104,4.5,https://www.amazon.in/s?k=Speed+Jump+Rope+Adjustable
1579,Coffee Maker Drip - Variant 9261,Kitchen,4112,"12-cup programmable coffee maker, built-in grinder, thermal carafe",74,4.5,https://www.amazon.in/s?k=Drip+Coffee+Maker
1580,Kindle Paperwhite - Variant 4011,Electronics,9600,"6.8-inch display, adjustable warm light, waterproof, 3 months free Kindle Unlimited",62,4.7,https://www.amazon.in/s?k=Kindle+Paperwhite+2024
1581,Mechanical Keyboard RGB - Variant 5059,Electronics,5358,"TKL layout, Cherry MX switches, per-key RGB lighting, USB-C",24,4.5,https://www.amazon.in/s?k=Mechanical+Keyboard+RGB
1582,Dumbbell Set Adjustable - Variant 1263,Sports,10565,"5-52.5 lbs per dumbbell, replaces 15 sets, fast adjust dial system",38,4.7,https://www.amazon.in/s?k=Adjustable+Dumbbell+Set
1583,Dell 27inch Monitor - Variant 3033,Electronics,24601,"IPS panel, 165Hz refresh rate, 1ms response time, USB-C, FreeSync",22,4.8,https://www.amazon.in/s?k=Dell+27+inch+165Hz+Monitor
1584,Wireless Mouse Logitech - Variant 3054,Electronics,2766,"MX Master 3, ergonomic design, 4000 DPI, multi-device support",67,4.9,https://www.amazon.in/s?k=Logitech+MX+Master+3
1585,Blender Vitamix A2500 - Variant 5223,Kitchen,32541,"Variable speed control, 3 program settings, self-cleaning, 64oz container",32,4.8,https://www.amazon.in/s?k=Vitamix+A2500+Blender
1586,Linen Shirt Uniqlo - Variant 1136,Clothing,3767,"100% linen, breathable summer fabric, relaxed fit, 8 color options",115,4.2,https://www.amazon.in/s?k=Linen+Shirt+Men+Uniqlo
1587,Multivitamin Men's - Variant 6651,Health,1986,"23 essential vitamins and minerals, once daily, 90 tablets, no artificial colors",132,4.2,https://www.amazon.in/s?k=Mens+Multivitamin+Daily
1588,Vitamin C Serum - Variant 2678,Beauty,2357,"20% Vitamin C with hyaluronic acid, brightens skin, reduces dark spots",143,4.1,https://www.amazon.in/s?k=Vitamin+C+Serum+20+percent
1589,Sunscreen SPF 50 EltaMD - Variant 4637,Beauty,2641,"Broad spectrum UV protection, oil-free, dermatologist recommended, 3oz",44,4.8,https://www.amazon.in/s?k=EltaMD+Sunscreen+SPF+50
1590,Sunscreen SPF 50 EltaMD - Variant 8319,Beauty,3823,"Broad spectrum UV protection, oil-free, dermatologist recommended, 3oz",120,5.0,https://www.amazon.in/s?k=EltaMD+Sunscreen+SPF+50
1591,iPad Air 11inch - Variant 7832,Electronics,55989,"M2 chip, 11-inch Liquid Retina display, Apple Pencil Pro support, 256GB",21,4.5,https://www.amazon.in/s?k=iPad+Air+M2+11inch
1592,Samsung 4K Smart TV 55inch - Variant 4105,Electronics,51705,"Crystal UHD display, built-in Alexa, HDR10+, 3 HDMI ports",7,4.5,https://www.amazon.in/s?k=Samsung+4K+Smart+TV+55inch
1593,Apple AirPods Pro - Variant 3323,Electronics,21002,"Active noise cancellation, transparency mode, spatial audio, wireless charging",33,5.0,https://www.amazon.in/s?k=Apple+AirPods+Pro
1594,Webcam Logitech 4K - Variant 6041,Electronics,14372,"4K Ultra HD, auto-focus, built-in mic, works with Zoom and Teams",71,4.6,https://www.amazon.in/s?k=Logitech+4K+Webcam
1595,New Balance 990v6 - Variant 2725,Shoes,18250,"Made in USA, premium suede and mesh upper, ENCAP midsole technology",44,4.4,https://www.amazon.in/s?k=New+Balance+990v6
1596,Creatine Monohydrate - Variant 1903,Health,2567,"Micronized creatine, 5g per serving, unflavored, 60 servings, lab tested",53,4.8,https://www.amazon.in/s?k=Creatine+Monohydrate+Micronized
1597,Dumbbell Set Adjustable - Variant 2344,Sports,13559,"5-52.5 lbs per dumbbell, replaces 15 sets, fast adjust dial system",30,4.8,https://www.amazon.in/s?k=Adjustable+Dumbbell+Set
1598,iPad Air 11inch - Variant 8210,Electronics,58271,"M2 chip, 11-inch Liquid Retina display, Apple Pencil Pro support, 256GB",17,4.7,https://www.amazon.in/s?k=iPad+Air+M2+11inch
1599,Webcam Logitech 4K - Variant 4045,Electronics,11018,"4K Ultra HD, auto-focus, built-in mic, works with Zoom and Teams",46,4.5,https://www.amazon.in/s?k=Logitech+4K+Webcam
1600,Sunglasses Polarized - Variant 1754,Accessories,2753,"UV400 protection, polarized lenses, lightweight frame, unisex design",160,4.0,https://www.amazon.in/s?k=Polarized+Sunglasses+UV400
1601,Samsung 4K Smart TV 55inch - Variant 2777,Electronics,55917,"Crystal UHD display, built-in Alexa, HDR10+, 3 HDMI ports",16,4.4,https://www.amazon.in/s?k=Samsung+4K+Smart+TV+55inch
1602,Adidas Ultraboost 22 - Variant 4202,Shoes,15953,"Responsive Boost midsole, Primeknit upper, Continental rubber outsole",58,4.7,https://www.amazon.in/s?k=Adidas+Ultraboost+22
1603,New Balance 990v6 - Variant 1472,Shoes,14799,"Made in USA, premium suede and mesh upper, ENCAP midsole technology",40,4.9,https://www.amazon.in/s?k=New+Balance+990v6
1604,Yoga Mat Premium - Variant 1289,Sports,3043,"Non-slip 6mm thick mat, eco-friendly TPE material, includes carry strap",80,4.6,https://www.amazon.in/s?k=Premium+Yoga+Mat
1605,Air Fryer Ninja 6qt - Variant 8859,Kitchen,11531,"6-quart capacity, 4-in-1 functionality, up to 75% less fat, dishwasher safe",74,4.6,https://www.amazon.in/s?k=Ninja+Air+Fryer+6qt
1606,Hiking Boots Merrell - Variant 5094,Shoes,11053,"Waterproof leather, Vibram outsole, air cushion heel, ankle support",65,4.9,https://www.amazon.in/s?k=Merrell+Hiking+Boots+Waterproof
1607,Jump Rope Speed - Variant 2271,Sports,1288,"Adjustable steel cable, ball bearing handles, suitable for all fitness levels",90,4.2,https://www.amazon.in/s?k=Speed+Jump+Rope+Adjustable
1608,Face Wash CeraVe - Variant 6717,Beauty,1301,"Hydrating cleanser with ceramides and hyaluronic acid, 16oz, all skin types",205,4.8,https://www.amazon.in/s?k=CeraVe+Hydrating+Face+Wash
1609,Luggage Samsonite 28inch - Variant 9833,Accessories,15528,"Hardside spinner, TSA lock, expandable, lightweight polycarbonate shell",26,4.5,https://www.amazon.in/s?k=Samsonite+28+inch+Hardside+Luggage
1610,Apple AirPods Pro - Variant 1740,Electronics,19149,"Active noise cancellation, transparency mode, spatial audio, wireless charging",27,4.7,https://www.amazon.in/s?k=Apple+AirPods+Pro
1611,Mechanical Keyboard RGB - Variant 6119,Electronics,5711,"TKL layout, Cherry MX switches, per-key RGB lighting, USB-C",44,4.6,https://www.amazon.in/s?k=Mechanical+Keyboard+RGB
1612,Protein Powder Whey - Variant 3716,Health,3999,"25g protein per serving, chocolate flavor, 5lb bag, no artificial colors",25,4.7,https://www.amazon.in/s?k=Whey+Protein+Powder+Chocolate
1613,Dell 27inch Monitor - Variant 4321,Electronics,29055,"IPS panel, 165Hz refresh rate, 1ms response time, USB-C, FreeSync",22,4.8,https://www.amazon.in/s?k=Dell+27+inch+165Hz+Monitor
1614,Atomic Habits Workbook - Variant 4023,Books,1652,Companion workbook to Atomic Habits with exercises and habit trackers,154,4.8,https://www.amazon.in/s?k=Atomic+Habits+Workbook
1615,Harry Potter Box Set - Variant 1237,Books,7102,"Complete 7-book hardcover collection, illustrated edition",28,4.9,https://www.amazon.in/s?k=Harry+Potter+Box+Set+Hardcover
1616,Linen Shirt Uniqlo - Variant 5092,Clothing,3788,"100% linen, breathable summer fabric, relaxed fit, 8 color options",188,4.1,https://www.amazon.in/s?k=Linen+Shirt+Men+Uniqlo
1617,Sunscreen SPF 50 EltaMD - Variant 1404,Beauty,2856,"Broad spectrum UV protection, oil-free, dermatologist recommended, 3oz",80,4.7,https://www.amazon.in/s?k=EltaMD+Sunscreen+SPF+50
1618,Rich Dad Poor Dad - Variant 4387,Books,905,"Robert Kiyosaki's personal finance classic, updated 25th anniversary edition",258,4.9,https://www.amazon.in/s?k=Rich+Dad+Poor+Dad+Kiyosaki
1619,Dell 27inch Monitor - Variant 9605,Electronics,31167,"IPS panel, 165Hz refresh rate, 1ms response time, USB-C, FreeSync",10,4.8,https://www.amazon.in/s?k=Dell+27+inch+165Hz+Monitor
1620,Dell 27inch Monitor - Variant 6758,Electronics,24776,"IPS panel, 165Hz refresh rate, 1ms response time, USB-C, FreeSync",9,4.5,https://www.amazon.in/s?k=Dell+27+inch+165Hz+Monitor
1621,Atomic Habits Book - Variant 3877,Books,1413,James Clear's guide to building good habits and breaking bad ones,359,5.0,https://www.amazon.in/s?k=Atomic+Habits+James+Clear
1622,Dumbbell Set Adjustable - Variant 4259,Sports,10231,"5-52.5 lbs per dumbbell, replaces 15 sets, fast adjust dial system",15,4.8,https://www.amazon.in/s?k=Adjustable+Dumbbell+Set
1623,Dell 27inch Monitor - Variant 6115,Electronics,25911,"IPS panel, 165Hz refresh rate, 1ms response time, USB-C, FreeSync",15,4.9,https://www.amazon.in/s?k=Dell+27+inch+165Hz+Monitor
1624,Apple AirPods Pro - Variant 6468,Electronics,17845,"Active noise cancellation, transparency mode, spatial audio, wireless charging",27,5.0,https://www.amazon.in/s?k=Apple+AirPods+Pro
1625,Vitamin C Serum - Variant 5873,Beauty,2287,"20% Vitamin C with hyaluronic acid, brightens skin, reduces dark spots",210,4.1,https://www.amazon.in/s?k=Vitamin+C+Serum+20+percent
1626,Creatine Monohydrate - Variant 6985,Health,2233,"Micronized creatine, 5g per serving, unflavored, 60 servings, lab tested",52,4.7,https://www.amazon.in/s?k=Creatine+Monohydrate+Micronized
1627,Retinol Night Cream - Variant 6407,Beauty,2891,"0.5% retinol with peptides, reduces fine lines, fragrance-free, 50ml",50,4.4,https://www.amazon.in/s?k=Retinol+Night+Cream+0.5+percent
1628,Dumbbell Set Adjustable - Variant 1880,Sports,10968,"5-52.5 lbs per dumbbell, replaces 15 sets, fast adjust dial system",24,4.7,https://www.amazon.in/s?k=Adjustable+Dumbbell+Set
1629,Coffee Maker Drip - Variant 4357,Kitchen,4292,"12-cup programmable coffee maker, built-in grinder, thermal carafe",78,4.3,https://www.amazon.in/s?k=Drip+Coffee+Maker
1630,Air Fryer Ninja 6qt - Variant 1004,Kitchen,9506,"6-quart capacity, 4-in-1 functionality, up to 75% less fat, dishwasher safe",52,4.8,https://www.amazon.in/s?k=Ninja+Air+Fryer+6qt
1631,Luggage Samsonite 28inch - Variant 3170,Accessories,17359,"Hardside spinner, TSA lock, expandable, lightweight polycarbonate shell",26,4.9,https://www.amazon.in/s?k=Samsonite+28+inch+Hardside+Luggage
1632,iPad Air 11inch - Variant 3319,Electronics,57784,"M2 chip, 11-inch Liquid Retina display, Apple Pencil Pro support, 256GB",28,4.8,https://www.amazon.in/s?k=iPad+Air+M2+11inch
1633,Blender Vitamix A2500 - Variant 4504,Kitchen,39176,"Variable speed control, 3 program settings, self-cleaning, 64oz container",28,5.0,https://www.amazon.in/s?k=Vitamix+A2500+Blender
1634,Omega-3 Fish Oil - Variant 9542,Health,1696,"1200mg EPA+DHA per serving, enteric coated, 90 softgels, no fishy aftertaste",122,4.7,https://www.amazon.in/s?k=Omega+3+Fish+Oil+1200mg
1635,Rich Dad Poor Dad - Variant 9997,Books,1073,"Robert Kiyosaki's personal finance classic, updated 25th anniversary edition",234,4.5,https://www.amazon.in/s?k=Rich+Dad+Poor+Dad+Kiyosaki
1636,Mechanical Keyboard RGB - Variant 9009,Electronics,7761,"TKL layout, Cherry MX switches, per-key RGB lighting, USB-C",34,4.2,https://www.amazon.in/s?k=Mechanical+Keyboard+RGB
1637,Resistance Bands Set - Variant 6573,Sports,1969,"5 resistance levels, latex-free, includes door anchor and carry bag",142,4.3,https://www.amazon.in/s?k=Resistance+Bands+Set+5+levels
1638,Instant Pot Duo 7-in-1 - Variant 1877,Kitchen,6495,"Pressure cooker, slow cooker, rice cooker, steamer, saute, yogurt maker",86,4.4,https://www.amazon.in/s?k=Instant+Pot+Duo
1639,Retinol Night Cream - Variant 9277,Beauty,3131,"0.5% retinol with peptides, reduces fine lines, fragrance-free, 50ml",139,4.4,https://www.amazon.in/s?k=Retinol+Night+Cream+0.5+percent
1640,Stand Mixer KitchenAid - Variant 9233,Kitchen,34201,"5-quart bowl, 10 speeds, 59 attachments compatible, tilt-head design",12,4.9,https://www.amazon.in/s?k=KitchenAid+Stand+Mixer+5qt
1641,Face Wash CeraVe - Variant 9946,Beauty,1397,"Hydrating cleanser with ceramides and hyaluronic acid, 16oz, all skin types",241,4.5,https://www.amazon.in/s?k=CeraVe+Hydrating+Face+Wash
1642,Nike Air Max 270 - Variant 4368,Shoes,8869,"Lightweight running shoe with Air Max cushioning, great for daily use",28,4.7,https://www.amazon.in/s?k=Nike+Air+Max+270
1643,Jump Rope Speed - Variant 5832,Sports,1611,"Adjustable steel cable, ball bearing handles, suitable for all fitness levels",156,4.4,https://www.amazon.in/s?k=Speed+Jump+Rope+Adjustable
1644,Omega-3 Fish Oil - Variant 9805,Health,1699,"1200mg EPA+DHA per serving, enteric coated, 90 softgels, no fishy aftertaste",104,4.3,https://www.amazon.in/s?k=Omega+3+Fish+Oil+1200mg
1645,Retinol Night Cream - Variant 5029,Beauty,2438,"0.5% retinol with peptides, reduces fine lines, fragrance-free, 50ml",88,4.3,https://www.amazon.in/s?k=Retinol+Night+Cream+0.5+percent
1646,Retinol Night Cream - Variant 4577,Beauty,3084,"0.5% retinol with peptides, reduces fine lines, fragrance-free, 50ml",101,4.5,https://www.amazon.in/s?k=Retinol+Night+Cream+0.5+percent
1647,Webcam Logitech 4K - Variant 5677,Electronics,13544,"4K Ultra HD, auto-focus, built-in mic, works with Zoom and Teams",39,4.2,https://www.amazon.in/s?k=Logitech+4K+Webcam
1648,Leather Wallet Slim - Variant 7735,Accessories,2087,"Genuine leather, RFID blocking, 8 card slots, minimalist design",168,4.6,https://www.amazon.in/s?k=Slim+Leather+Wallet+RFID
1649,Wireless Mouse Logitech - Variant 6345,Electronics,3572,"MX Master 3, ergonomic design, 4000 DPI, multi-device support",83,5.0,https://www.amazon.in/s?k=Logitech+MX+Master+3
1650,Hiking Boots Merrell - Variant 9608,Shoes,11941,"Waterproof leather, Vibram outsole, air cushion heel, ankle support",49,4.9,https://www.amazon.in/s?k=Merrell+Hiking+Boots+Waterproof
1651,The Alchemist Book - Variant 7922,Books,1308,Paulo Coelho's masterpiece about following your dreams and personal legend,219,4.9,https://www.amazon.in/s?k=The+Alchemist+Paulo+Coelho
1652,Adidas Ultraboost 22 - Variant 5175,Shoes,16628,"Responsive Boost midsole, Primeknit upper, Continental rubber outsole",81,4.7,https://www.amazon.in/s?k=Adidas+Ultraboost+22
1653,Mechanical Keyboard RGB - Variant 7762,Electronics,6530,"TKL layout, Cherry MX switches, per-key RGB lighting, USB-C",46,4.6,https://www.amazon.in/s?k=Mechanical+Keyboard+RGB
1654,Stand Mixer KitchenAid - Variant 2856,Kitchen,29824,"5-quart bowl, 10 speeds, 59 attachments compatible, tilt-head design",10,5.0,https://www.amazon.in/s?k=KitchenAid+Stand+Mixer+5qt
1655,The Alchemist Book - Variant 4087,Books,1010,Paulo Coelho's masterpiece about following your dreams and personal legend,133,4.8,https://www.amazon.in/s?k=The+Alchemist+Paulo+Coelho
1656,Levi's 501 Jeans - Variant 1628,Clothing,4199,"Classic straight fit jeans, durable denim, available in multiple washes",65,4.0,https://www.amazon.in/s?k=Levis+501+Jeans
1657,The Alchemist Book - Variant 3933,Books,1452,Paulo Coelho's masterpiece about following your dreams and personal legend,188,4.7,https://www.amazon.in/s?k=The+Alchemist+Paulo+Coelho
1658,Dumbbell Set Adjustable - Variant 8569,Sports,10262,"5-52.5 lbs per dumbbell, replaces 15 sets, fast adjust dial system",37,4.6,https://www.amazon.in/s?k=Adjustable+Dumbbell+Set
1659,Coffee Maker Drip - Variant 9082,Kitchen,3632,"12-cup programmable coffee maker, built-in grinder, thermal carafe",52,4.0,https://www.amazon.in/s?k=Drip+Coffee+Maker
1660,Samsung 4K Smart TV 55inch - Variant 8755,Electronics,58799,"Crystal UHD display, built-in Alexa, HDR10+, 3 HDMI ports",14,4.4,https://www.amazon.in/s?k=Samsung+4K+Smart+TV+55inch
1661,Yoga Mat Premium - Variant 6647,Sports,3294,"Non-slip 6mm thick mat, eco-friendly TPE material, includes carry strap",61,4.1,https://www.amazon.in/s?k=Premium+Yoga+Mat
1662,Sunglasses Polarized - Variant 7257,Accessories,2781,"UV400 protection, polarized lenses, lightweight frame, unisex design",72,4.3,https://www.amazon.in/s?k=Polarized+Sunglasses+UV400
1663,Atomic Habits Book - Variant 7465,Books,1850,James Clear's guide to building good habits and breaking bad ones,150,4.7,https://www.amazon.in/s?k=Atomic+Habits+James+Clear
1664,Levi's Denim Jacket - Variant 6861,Clothing,8479,"Classic trucker jacket, 100% cotton denim, multiple color options",42,4.5,https://www.amazon.in/s?k=Levis+Denim+Jacket+Trucker
1665,Creatine Monohydrate - Variant 9232,Health,2689,"Micronized creatine, 5g per serving, unflavored, 60 servings, lab tested",109,4.8,https://www.amazon.in/s?k=Creatine+Monohydrate+Micronized
1666,Omega-3 Fish Oil - Variant 3359,Health,1911,"1200mg EPA+DHA per serving, enteric coated, 90 softgels, no fishy aftertaste",153,4.4,https://www.amazon.in/s?k=Omega+3+Fish+Oil+1200mg
1667,Multivitamin Men's - Variant 8079,Health,1889,"23 essential vitamins and minerals, once daily, 90 tablets, no artificial colors",186,4.3,https://www.amazon.in/s?k=Mens+Multivitamin+Daily
1668,Sony WH-1000XM5 - Variant 6334,Electronics,29373,"Industry-leading noise cancellation, 30hr battery, multipoint connection",28,4.6,https://www.amazon.in/s?k=Sony+WH-1000XM5
1669,New Balance 990v6 - Variant 3370,Shoes,17216,"Made in USA, premium suede and mesh upper, ENCAP midsole technology",45,4.6,https://www.amazon.in/s?k=New+Balance+990v6
1670,Webcam Logitech 4K - Variant 3124,Electronics,13640,"4K Ultra HD, auto-focus, built-in mic, works with Zoom and Teams",60,4.8,https://www.amazon.in/s?k=Logitech+4K+Webcam
1671,Multivitamin Men's - Variant 1374,Health,2362,"23 essential vitamins and minerals, once daily, 90 tablets, no artificial colors",162,4.3,https://www.amazon.in/s?k=Mens+Multivitamin+Daily
1672,Harry Potter Box Set - Variant 9193,Books,7383,"Complete 7-book hardcover collection, illustrated edition",41,4.7,https://www.amazon.in/s?k=Harry+Potter+Box+Set+Hardcover
1673,Rich Dad Poor Dad - Variant 4524,Books,1009,"Robert Kiyosaki's personal finance classic, updated 25th anniversary edition",300,4.6,https://www.amazon.in/s?k=Rich+Dad+Poor+Dad+Kiyosaki
1674,Apple AirPods Pro - Variant 3948,Electronics,17026,"Active noise cancellation, transparency mode, spatial audio, wireless charging",44,4.6,https://www.amazon.in/s?k=Apple+AirPods+Pro
1675,Instant Pot Duo 7-in-1 - Variant 2648,Kitchen,7747,"Pressure cooker, slow cooker, rice cooker, steamer, saute, yogurt maker",68,4.8,https://www.amazon.in/s?k=Instant+Pot+Duo
1676,Harry Potter Box Set - Variant 3731,Books,6935,"Complete 7-book hardcover collection, illustrated edition",17,4.8,https://www.amazon.in/s?k=Harry+Potter+Box+Set+Hardcover
1677,The Alchemist Book - Variant 7428,Books,1335,Paulo Coelho's masterpiece about following your dreams and personal legend,144,5.0,https://www.amazon.in/s?k=The+Alchemist+Paulo+Coelho
1678,New Balance 990v6 - Variant 3839,Shoes,13545,"Made in USA, premium suede and mesh upper, ENCAP midsole technology",42,4.6,https://www.amazon.in/s?k=New+Balance+990v6
1679,Omega-3 Fish Oil - Variant 4438,Health,1860,"1200mg EPA+DHA per serving, enteric coated, 90 softgels, no fishy aftertaste",95,4.7,https://www.amazon.in/s?k=Omega+3+Fish+Oil+1200mg
1680,Jump Rope Speed - Variant 2799,Sports,1470,"Adjustable steel cable, ball bearing handles, suitable for all fitness levels",188,4.2,https://www.amazon.in/s?k=Speed+Jump+Rope+Adjustable
1681,Dumbbell Set Adjustable - Variant 2037,Sports,10817,"5-52.5 lbs per dumbbell, replaces 15 sets, fast adjust dial system",20,5.0,https://www.amazon.in/s?k=Adjustable+Dumbbell+Set
1682,Omega-3 Fish Oil - Variant 8993,Health,1688,"1200mg EPA+DHA per serving, enteric coated, 90 softgels, no fishy aftertaste",201,4.3,https://www.amazon.in/s?k=Omega+3+Fish+Oil+1200mg
1683,Webcam Logitech 4K - Variant 4387,Electronics,12476,"4K Ultra HD, auto-focus, built-in mic, works with Zoom and Teams",34,4.4,https://www.amazon.in/s?k=Logitech+4K+Webcam
1684,Backpack Osprey 40L - Variant 8826,Accessories,14541,"40L travel pack, TSA-friendly, laptop sleeve, rain cover included",22,4.5,https://www.amazon.in/s?k=Osprey+40L+Backpack
1685,Luggage Samsonite 28inch - Variant 8493,Accessories,16534,"Hardside spinner, TSA lock, expandable, lightweight polycarbonate shell",26,4.5,https://www.amazon.in/s?k=Samsonite+28+inch+Hardside+Luggage
1686,Omega-3 Fish Oil - Variant 7723,Health,1751,"1200mg EPA+DHA per serving, enteric coated, 90 softgels, no fishy aftertaste",165,4.3,https://www.amazon.in/s?k=Omega+3+Fish+Oil+1200mg
1687,Harry Potter Box Set - Variant 2180,Books,5450,"Complete 7-book hardcover collection, illustrated edition",48,4.9,https://www.amazon.in/s?k=Harry+Potter+Box+Set+Hardcover
1688,Levi's Denim Jacket - Variant 8496,Clothing,7343,"Classic trucker jacket, 100% cotton denim, multiple color options",63,4.1,https://www.amazon.in/s?k=Levis+Denim+Jacket+Trucker
1689,Converse Chuck Taylor - Variant 8077,Shoes,5785,"Classic canvas high-top, rubber sole, available in 20+ colors",214,4.5,https://www.amazon.in/s?k=Converse+Chuck+Taylor+High+Top
1690,Levi's Denim Jacket - Variant 9517,Clothing,7577,"Classic trucker jacket, 100% cotton denim, multiple color options",106,4.3,https://www.amazon.in/s?k=Levis+Denim+Jacket+Trucker
1691,Kindle Paperwhite - Variant 1932,Electronics,10448,"6.8-inch display, adjustable warm light, waterproof, 3 months free Kindle Unlimited",79,4.6,https://www.amazon.in/s?k=Kindle+Paperwhite+2024
1692,Webcam Logitech 4K - Variant 3727,Electronics,13708,"4K Ultra HD, auto-focus, built-in mic, works with Zoom and Teams",47,4.5,https://www.amazon.in/s?k=Logitech+4K+Webcam
1693,Apple AirPods Pro - Variant 9586,Electronics,18733,"Active noise cancellation, transparency mode, spatial audio, wireless charging",29,4.6,https://www.amazon.in/s?k=Apple+AirPods+Pro
1694,Jump Rope Speed - Variant 2390,Sports,1304,"Adjustable steel cable, ball bearing handles, suitable for all fitness levels",176,4.7,https://www.amazon.in/s?k=Speed+Jump+Rope+Adjustable
1695,Face Wash CeraVe - Variant 9600,Beauty,1128,"Hydrating cleanser with ceramides and hyaluronic acid, 16oz, all skin types",224,4.7,https://www.amazon.in/s?k=CeraVe+Hydrating+Face+Wash
1696,Hoodie Champion Reverse Weave - Variant 5037,Clothing,5134,"Heavyweight fleece, reverse weave construction, kangaroo pocket",68,4.4,https://www.amazon.in/s?k=Champion+Reverse+Weave+Hoodie
1697,Blender Vitamix A2500 - Variant 8190,Kitchen,33052,"Variable speed control, 3 program settings, self-cleaning, 64oz container",13,4.7,https://www.amazon.in/s?k=Vitamix+A2500+Blender
1698,Sunscreen SPF 50 EltaMD - Variant 5894,Beauty,3880,"Broad spectrum UV protection, oil-free, dermatologist recommended, 3oz",97,4.5,https://www.amazon.in/s?k=EltaMD+Sunscreen+SPF+50
1699,Webcam Logitech 4K - Variant 5472,Electronics,13302,"4K Ultra HD, auto-focus, built-in mic, works with Zoom and Teams",73,4.5,https://www.amazon.in/s?k=Logitech+4K+Webcam
1700,Kindle Paperwhite - Variant 9391,Electronics,11139,"6.8-inch display, adjustable warm light, waterproof, 3 months free Kindle Unlimited",78,4.8,https://www.amazon.in/s?k=Kindle+Paperwhite+2024
1701,Apple AirPods Pro - Variant 3407,Electronics,23559,"Active noise cancellation, transparency mode, spatial audio, wireless charging",44,4.5,https://www.amazon.in/s?k=Apple+AirPods+Pro
1702,Sunglasses Polarized - Variant 5819,Accessories,2200,"UV400 protection, polarized lenses, lightweight frame, unisex design",142,4.1,https://www.amazon.in/s?k=Polarized+Sunglasses+UV400
1703,Harry Potter Box Set - Variant 4312,Books,6057,"Complete 7-book hardcover collection, illustrated edition",46,5.0,https://www.amazon.in/s?k=Harry+Potter+Box+Set+Hardcover
1704,Air Fryer Ninja 6qt - Variant 9192,Kitchen,9389,"6-quart capacity, 4-in-1 functionality, up to 75% less fat, dishwasher safe",81,4.5,https://www.amazon.in/s?k=Ninja+Air+Fryer+6qt
1705,Apple AirPods Pro - Variant 1313,Electronics,18386,"Active noise cancellation, transparency mode, spatial audio, wireless charging",39,4.7,https://www.amazon.in/s?k=Apple+AirPods+Pro
1706,Dumbbell Set Adjustable - Variant 3290,Sports,12368,"5-52.5 lbs per dumbbell, replaces 15 sets, fast adjust dial system",26,4.8,https://www.amazon.in/s?k=Adjustable+Dumbbell+Set
1707,Samsung 4K Smart TV 55inch - Variant 9896,Electronics,50903,"Crystal UHD display, built-in Alexa, HDR10+, 3 HDMI ports",7,4.4,https://www.amazon.in/s?k=Samsung+4K+Smart+TV+55inch
1708,Dell 27inch Monitor - Variant 2775,Electronics,28047,"IPS panel, 165Hz refresh rate, 1ms response time, USB-C, FreeSync",22,4.9,https://www.amazon.in/s?k=Dell+27+inch+165Hz+Monitor
1709,Sony WH-1000XM5 - Variant 5655,Electronics,31059,"Industry-leading noise cancellation, 30hr battery, multipoint connection",12,4.7,https://www.amazon.in/s?k=Sony+WH-1000XM5
1710,Coffee Maker Drip - Variant 2218,Kitchen,3842,"12-cup programmable coffee maker, built-in grinder, thermal carafe",65,4.1,https://www.amazon.in/s?k=Drip+Coffee+Maker
1711,Samsung 4K Smart TV 55inch - Variant 9924,Electronics,67739,"Crystal UHD display, built-in Alexa, HDR10+, 3 HDMI ports",9,4.6,https://www.amazon.in/s?k=Samsung+4K+Smart+TV+55inch
1712,Air Fryer Ninja 6qt - Variant 4425,Kitchen,11556,"6-quart capacity, 4-in-1 functionality, up to 75% less fat, dishwasher safe",73,4.7,https://www.amazon.in/s?k=Ninja+Air+Fryer+6qt
1713,Multivitamin Men's - Variant 5787,Health,2165,"23 essential vitamins and minerals, once daily, 90 tablets, no artificial colors",69,4.2,https://www.amazon.in/s?k=Mens+Multivitamin+Daily
1714,Levi's 501 Jeans - Variant 8186,Clothing,5701,"Classic straight fit jeans, durable denim, available in multiple washes",128,4.4,https://www.amazon.in/s?k=Levis+501+Jeans
1715,Adidas Ultraboost 22 - Variant 4689,Shoes,15406,"Responsive Boost midsole, Primeknit upper, Continental rubber outsole",50,4.8,https://www.amazon.in/s?k=Adidas+Ultraboost+22
1716,Sunglasses Polarized - Variant 7660,Accessories,2116,"UV400 protection, polarized lenses, lightweight frame, unisex design",92,4.1,https://www.amazon.in/s?k=Polarized+Sunglasses+UV400
1717,New Balance 990v6 - Variant 5957,Shoes,16732,"Made in USA, premium suede and mesh upper, ENCAP midsole technology",42,4.9,https://www.amazon.in/s?k=New+Balance+990v6
1718,Blender Vitamix A2500 - Variant 5365,Kitchen,35673,"Variable speed control, 3 program settings, self-cleaning, 64oz container",16,4.6,https://www.amazon.in/s?k=Vitamix+A2500+Blender
1719,Wireless Mouse Logitech - Variant 3519,Electronics,2762,"MX Master 3, ergonomic design, 4000 DPI, multi-device support",53,4.5,https://www.amazon.in/s?k=Logitech+MX+Master+3
1720,Webcam Logitech 4K - Variant 1292,Electronics,14658,"4K Ultra HD, auto-focus, built-in mic, works with Zoom and Teams",34,4.8,https://www.amazon.in/s?k=Logitech+4K+Webcam
1721,Yoga Mat Premium - Variant 8687,Sports,2652,"Non-slip 6mm thick mat, eco-friendly TPE material, includes carry strap",64,4.1,https://www.amazon.in/s?k=Premium+Yoga+Mat
1722,Mechanical Keyboard RGB - Variant 2217,Electronics,6925,"TKL layout, Cherry MX switches, per-key RGB lighting, USB-C",24,4.4,https://www.amazon.in/s?k=Mechanical+Keyboard+RGB
1723,Linen Shirt Uniqlo - Variant 1962,Clothing,3309,"100% linen, breathable summer fabric, relaxed fit, 8 color options",236,4.1,https://www.amazon.in/s?k=Linen+Shirt+Men+Uniqlo
1724,Atomic Habits Book - Variant 6612,Books,1363,James Clear's guide to building good habits and breaking bad ones,319,4.8,https://www.amazon.in/s?k=Atomic+Habits+James+Clear
1725,Omega-3 Fish Oil - Variant 2354,Health,1424,"1200mg EPA+DHA per serving, enteric coated, 90 softgels, no fishy aftertaste",97,4.5,https://www.amazon.in/s?k=Omega+3+Fish+Oil+1200mg
1726,Protein Powder Whey - Variant 5263,Health,5361,"25g protein per serving, chocolate flavor, 5lb bag, no artificial colors",60,4.5,https://www.amazon.in/s?k=Whey+Protein+Powder+Chocolate
1727,Face Wash CeraVe - Variant 5463,Beauty,1137,"Hydrating cleanser with ceramides and hyaluronic acid, 16oz, all skin types",260,5.0,https://www.amazon.in/s?k=CeraVe+Hydrating+Face+Wash
1728,Vitamin C Serum - Variant 1378,Beauty,2085,"20% Vitamin C with hyaluronic acid, brightens skin, reduces dark spots",203,4.3,https://www.amazon.in/s?k=Vitamin+C+Serum+20+percent
1729,Converse Chuck Taylor - Variant 6319,Shoes,5596,"Classic canvas high-top, rubber sole, available in 20+ colors",259,4.4,https://www.amazon.in/s?k=Converse+Chuck+Taylor+High+Top
1730,Instant Pot Duo 7-in-1 - Variant 8741,Kitchen,8631,"Pressure cooker, slow cooker, rice cooker, steamer, saute, yogurt maker",105,4.5,https://www.amazon.in/s?k=Instant+Pot+Duo
1731,Webcam Logitech 4K - Variant 4501,Electronics,10298,"4K Ultra HD, auto-focus, built-in mic, works with Zoom and Teams",43,4.6,https://www.amazon.in/s?k=Logitech+4K+Webcam
1732,Blender Vitamix A2500 - Variant 6378,Kitchen,38860,"Variable speed control, 3 program settings, self-cleaning, 64oz container",27,4.9,https://www.amazon.in/s?k=Vitamix+A2500+Blender
1733,Dumbbell Set Adjustable - Variant 4552,Sports,12924,"5-52.5 lbs per dumbbell, replaces 15 sets, fast adjust dial system",21,4.5,https://www.amazon.in/s?k=Adjustable+Dumbbell+Set
1734,Samsung 4K Smart TV 55inch - Variant 6425,Electronics,63240,"Crystal UHD display, built-in Alexa, HDR10+, 3 HDMI ports",16,4.4,https://www.amazon.in/s?k=Samsung+4K+Smart+TV+55inch
1735,Hoodie Champion Reverse Weave - Variant 6220,Clothing,5582,"Heavyweight fleece, reverse weave construction, kangaroo pocket",112,4.4,https://www.amazon.in/s?k=Champion+Reverse+Weave+Hoodie
1736,Vitamin C Serum - Variant 7854,Beauty,1728,"20% Vitamin C with hyaluronic acid, brightens skin, reduces dark spots",210,4.3,https://www.amazon.in/s?k=Vitamin+C+Serum+20+percent
1737,Adidas Ultraboost 22 - Variant 5886,Shoes,15604,"Responsive Boost midsole, Primeknit upper, Continental rubber outsole",70,4.8,https://www.amazon.in/s?k=Adidas+Ultraboost+22
1738,Sunglasses Polarized - Variant 8439,Accessories,2416,"UV400 protection, polarized lenses, lightweight frame, unisex design",101,4.0,https://www.amazon.in/s?k=Polarized+Sunglasses+UV400
1739,Jump Rope Speed - Variant 2949,Sports,1336,"Adjustable steel cable, ball bearing handles, suitable for all fitness levels",204,4.4,https://www.amazon.in/s?k=Speed+Jump+Rope+Adjustable
1740,Luggage Samsonite 28inch - Variant 3887,Accessories,19582,"Hardside spinner, TSA lock, expandable, lightweight polycarbonate shell",21,4.9,https://www.amazon.in/s?k=Samsonite+28+inch+Hardside+Luggage
1741,Running Shorts Nike - Variant 3941,Clothing,3389,"Dri-FIT fabric, 7-inch inseam, built-in brief, reflective details",72,4.6,https://www.amazon.in/s?k=Nike+Running+Shorts+DriFIT
1742,Adidas Ultraboost 22 - Variant 4280,Shoes,16960,"Responsive Boost midsole, Primeknit upper, Continental rubber outsole",86,4.7,https://www.amazon.in/s?k=Adidas+Ultraboost+22
1743,Harry Potter Box Set - Variant 5134,Books,6684,"Complete 7-book hardcover collection, illustrated edition",44,5.0,https://www.amazon.in/s?k=Harry+Potter+Box+Set+Hardcover
1744,Rich Dad Poor Dad - Variant 2580,Books,1167,"Robert Kiyosaki's personal finance classic, updated 25th anniversary edition",240,4.8,https://www.amazon.in/s?k=Rich+Dad+Poor+Dad+Kiyosaki
1745,Linen Shirt Uniqlo - Variant 9278,Clothing,2834,"100% linen, breathable summer fabric, relaxed fit, 8 color options",221,4.2,https://www.amazon.in/s?k=Linen+Shirt+Men+Uniqlo
1746,Yoga Mat Premium - Variant 1536,Sports,2614,"Non-slip 6mm thick mat, eco-friendly TPE material, includes carry strap",107,4.6,https://www.amazon.in/s?k=Premium+Yoga+Mat
1747,Harry Potter Box Set - Variant 8733,Books,6373,"Complete 7-book hardcover collection, illustrated edition",21,4.8,https://www.amazon.in/s?k=Harry+Potter+Box+Set+Hardcover
1748,Resistance Bands Set - Variant 2735,Sports,1965,"5 resistance levels, latex-free, includes door anchor and carry bag",138,4.4,https://www.amazon.in/s?k=Resistance+Bands+Set+5+levels
1749,Dell 27inch Monitor - Variant 4135,Electronics,30363,"IPS panel, 165Hz refresh rate, 1ms response time, USB-C, FreeSync",21,5.0,https://www.amazon.in/s?k=Dell+27+inch+165Hz+Monitor
1750,Resistance Bands Set - Variant 5889,Sports,1605,"5 resistance levels, latex-free, includes door anchor and carry bag",151,4.8,https://www.amazon.in/s?k=Resistance+Bands+Set+5+levels
1751,Retinol Night Cream - Variant 8768,Beauty,3219,"0.5% retinol with peptides, reduces fine lines, fragrance-free, 50ml",73,4.2,https://www.amazon.in/s?k=Retinol+Night+Cream+0.5+percent
1752,Hoodie Champion Reverse Weave - Variant 3978,Clothing,6337,"Heavyweight fleece, reverse weave construction, kangaroo pocket",104,4.7,https://www.amazon.in/s?k=Champion+Reverse+Weave+Hoodie
1753,Adidas Ultraboost 22 - Variant 8379,Shoes,16348,"Responsive Boost midsole, Primeknit upper, Continental rubber outsole",33,4.9,https://www.amazon.in/s?k=Adidas+Ultraboost+22
1754,Vitamin C Serum - Variant 5539,Beauty,1736,"20% Vitamin C with hyaluronic acid, brightens skin, reduces dark spots",165,4.0,https://www.amazon.in/s?k=Vitamin+C+Serum+20+percent
1755,Backpack Osprey 40L - Variant 9848,Accessories,12022,"40L travel pack, TSA-friendly, laptop sleeve, rain cover included",50,5.0,https://www.amazon.in/s?k=Osprey+40L+Backpack
1756,Nike Air Max 270 - Variant 9315,Shoes,8683,"Lightweight running shoe with Air Max cushioning, great for daily use",56,4.5,https://www.amazon.in/s?k=Nike+Air+Max+270
1757,Dell 27inch Monitor - Variant 9694,Electronics,31109,"IPS panel, 165Hz refresh rate, 1ms response time, USB-C, FreeSync",13,4.9,https://www.amazon.in/s?k=Dell+27+inch+165Hz+Monitor
1758,Harry Potter Box Set - Variant 9759,Books,7832,"Complete 7-book hardcover collection, illustrated edition",35,4.8,https://www.amazon.in/s?k=Harry+Potter+Box+Set+Hardcover
1759,Multivitamin Men's - Variant 2072,Health,2164,"23 essential vitamins and minerals, once daily, 90 tablets, no artificial colors",101,4.4,https://www.amazon.in/s?k=Mens+Multivitamin+Daily
1760,Multivitamin Men's - Variant 2566,Health,1916,"23 essential vitamins and minerals, once daily, 90 tablets, no artificial colors",162,4.7,https://www.amazon.in/s?k=Mens+Multivitamin+Daily
1761,Backpack Osprey 40L - Variant 1252,Accessories,10784,"40L travel pack, TSA-friendly, laptop sleeve, rain cover included",32,4.5,https://www.amazon.in/s?k=Osprey+40L+Backpack
1762,Protein Powder Whey - Variant 7503,Health,3932,"25g protein per serving, chocolate flavor, 5lb bag, no artificial colors",36,4.3,https://www.amazon.in/s?k=Whey+Protein+Powder+Chocolate
1763,Dell 27inch Monitor - Variant 9461,Electronics,32207,"IPS panel, 165Hz refresh rate, 1ms response time, USB-C, FreeSync",13,4.9,https://www.amazon.in/s?k=Dell+27+inch+165Hz+Monitor
1764,Omega-3 Fish Oil - Variant 2754,Health,1324,"1200mg EPA+DHA per serving, enteric coated, 90 softgels, no fishy aftertaste",110,4.5,https://www.amazon.in/s?k=Omega+3+Fish+Oil+1200mg
1765,Sony WH-1000XM5 - Variant 9451,Electronics,28831,"Industry-leading noise cancellation, 30hr battery, multipoint connection",22,4.8,https://www.amazon.in/s?k=Sony+WH-1000XM5
1766,Jump Rope Speed - Variant 9745,Sports,1715,"Adjustable steel cable, ball bearing handles, suitable for all fitness levels",89,4.4,https://www.amazon.in/s?k=Speed+Jump+Rope+Adjustable
1767,Harry Potter Box Set - Variant 7294,Books,7180,"Complete 7-book hardcover collection, illustrated edition",47,4.8,https://www.amazon.in/s?k=Harry+Potter+Box+Set+Hardcover
1768,Sunscreen SPF 50 EltaMD - Variant 8393,Beauty,3283,"Broad spectrum UV protection, oil-free, dermatologist recommended, 3oz",87,4.7,https://www.amazon.in/s?k=EltaMD+Sunscreen+SPF+50
1769,Rich Dad Poor Dad - Variant 2266,Books,1024,"Robert Kiyosaki's personal finance classic, updated 25th anniversary edition",233,4.7,https://www.amazon.in/s?k=Rich+Dad+Poor+Dad+Kiyosaki
1770,Blender Vitamix A2500 - Variant 8120,Kitchen,31180,"Variable speed control, 3 program settings, self-cleaning, 64oz container",24,4.7,https://www.amazon.in/s?k=Vitamix+A2500+Blender
1771,Stand Mixer KitchenAid - Variant 3032,Kitchen,36022,"5-quart bowl, 10 speeds, 59 attachments compatible, tilt-head design",11,4.9,https://www.amazon.in/s?k=KitchenAid+Stand+Mixer+5qt
1772,Omega-3 Fish Oil - Variant 6498,Health,1553,"1200mg EPA+DHA per serving, enteric coated, 90 softgels, no fishy aftertaste",233,4.3,https://www.amazon.in/s?k=Omega+3+Fish+Oil+1200mg
1773,Vitamin C Serum - Variant 4081,Beauty,2172,"20% Vitamin C with hyaluronic acid, brightens skin, reduces dark spots",156,4.2,https://www.amazon.in/s?k=Vitamin+C+Serum+20+percent
1774,iPad Air 11inch - Variant 1492,Electronics,56062,"M2 chip, 11-inch Liquid Retina display, Apple Pencil Pro support, 256GB",18,4.7,https://www.amazon.in/s?k=iPad+Air+M2+11inch
1775,Adidas Ultraboost 22 - Variant 5432,Shoes,16079,"Responsive Boost midsole, Primeknit upper, Continental rubber outsole",45,4.8,https://www.amazon.in/s?k=Adidas+Ultraboost+22
1776,Retinol Night Cream - Variant 8338,Beauty,2205,"0.5% retinol with peptides, reduces fine lines, fragrance-free, 50ml",63,4.3,https://www.amazon.in/s?k=Retinol+Night+Cream+0.5+percent
1777,Leather Wallet Slim - Variant 7912,Accessories,2489,"Genuine leather, RFID blocking, 8 card slots, minimalist design",202,4.6,https://www.amazon.in/s?k=Slim+Leather+Wallet+RFID
1778,Face Wash CeraVe - Variant 2391,Beauty,1415,"Hydrating cleanser with ceramides and hyaluronic acid, 16oz, all skin types",262,4.7,https://www.amazon.in/s?k=CeraVe+Hydrating+Face+Wash
1779,Blender Vitamix A2500 - Variant 4817,Kitchen,35881,"Variable speed control, 3 program settings, self-cleaning, 64oz container",17,4.8,https://www.amazon.in/s?k=Vitamix+A2500+Blender
1780,Resistance Bands Set - Variant 9972,Sports,1617,"5 resistance levels, latex-free, includes door anchor and carry bag",165,4.3,https://www.amazon.in/s?k=Resistance+Bands+Set+5+levels
1781,Webcam Logitech 4K - Variant 4082,Electronics,11064,"4K Ultra HD, auto-focus, built-in mic, works with Zoom and Teams",26,4.7,https://www.amazon.in/s?k=Logitech+4K+Webcam
1782,Multivitamin Men's - Variant 5377,Health,2516,"23 essential vitamins and minerals, once daily, 90 tablets, no artificial colors",190,4.5,https://www.amazon.in/s?k=Mens+Multivitamin+Daily
1783,Jump Rope Speed - Variant 7508,Sports,1479,"Adjustable steel cable, ball bearing handles, suitable for all fitness levels",172,4.4,https://www.amazon.in/s?k=Speed+Jump+Rope+Adjustable
1784,Protein Powder Whey - Variant 8335,Health,5136,"25g protein per serving, chocolate flavor, 5lb bag, no artificial colors",27,4.2,https://www.amazon.in/s?k=Whey+Protein+Powder+Chocolate
1785,Wireless Mouse Logitech - Variant 3690,Electronics,3644,"MX Master 3, ergonomic design, 4000 DPI, multi-device support",104,4.5,https://www.amazon.in/s?k=Logitech+MX+Master+3
1786,Samsung 4K Smart TV 55inch - Variant 7812,Electronics,52619,"Crystal UHD display, built-in Alexa, HDR10+, 3 HDMI ports",9,4.5,https://www.amazon.in/s?k=Samsung+4K+Smart+TV+55inch
1787,Atomic Habits Book - Variant 4671,Books,1600,James Clear's guide to building good habits and breaking bad ones,252,5.0,https://www.amazon.in/s?k=Atomic+Habits+James+Clear
1788,Jump Rope Speed - Variant 2528,Sports,1566,"Adjustable steel cable, ball bearing handles, suitable for all fitness levels",104,4.4,https://www.amazon.in/s?k=Speed+Jump+Rope+Adjustable
1789,Levi's 501 Jeans - Variant 7526,Clothing,4266,"Classic straight fit jeans, durable denim, available in multiple washes",81,4.0,https://www.amazon.in/s?k=Levis+501+Jeans
1790,Dell 27inch Monitor - Variant 7888,Electronics,23356,"IPS panel, 165Hz refresh rate, 1ms response time, USB-C, FreeSync",21,4.4,https://www.amazon.in/s?k=Dell+27+inch+165Hz+Monitor
1791,Jump Rope Speed - Variant 9098,Sports,1735,"Adjustable steel cable, ball bearing handles, suitable for all fitness levels",162,4.6,https://www.amazon.in/s?k=Speed+Jump+Rope+Adjustable
1792,Apple AirPods Pro - Variant 9975,Electronics,19007,"Active noise cancellation, transparency mode, spatial audio, wireless charging",23,4.7,https://www.amazon.in/s?k=Apple+AirPods+Pro
1793,Dumbbell Set Adjustable - Variant 3954,Sports,10184,"5-52.5 lbs per dumbbell, replaces 15 sets, fast adjust dial system",43,4.9,https://www.amazon.in/s?k=Adjustable+Dumbbell+Set
1794,Backpack Osprey 40L - Variant 2887,Accessories,11646,"40L travel pack, TSA-friendly, laptop sleeve, rain cover included",21,4.6,https://www.amazon.in/s?k=Osprey+40L+Backpack
1795,Rich Dad Poor Dad - Variant 7605,Books,1064,"Robert Kiyosaki's personal finance classic, updated 25th anniversary edition",215,5.0,https://www.amazon.in/s?k=Rich+Dad+Poor+Dad+Kiyosaki
1796,Stand Mixer KitchenAid - Variant 8489,Kitchen,35736,"5-quart bowl, 10 speeds, 59 attachments compatible, tilt-head design",17,5.0,https://www.amazon.in/s?k=KitchenAid+Stand+Mixer+5qt
1797,Leather Wallet Slim - Variant 3981,Accessories,2127,"Genuine leather, RFID blocking, 8 card slots, minimalist design",205,4.4,https://www.amazon.in/s?k=Slim+Leather+Wallet+RFID
1798,Levi's Denim Jacket - Variant 5128,Clothing,5980,"Classic trucker jacket, 100% cotton denim, multiple color options",91,4.3,https://www.amazon.in/s?k=Levis+Denim+Jacket+Trucker
1799,Mechanical Keyboard RGB - Variant 7962,Electronics,6288,"TKL layout, Cherry MX switches, per-key RGB lighting, USB-C",23,4.8,https://www.amazon.in/s?k=Mechanical+Keyboard+RGB
1800,Sony WH-1000XM5 - Variant 1411,Electronics,30143,"Industry-leading noise cancellation, 30hr battery, multipoint connection",37,4.7,https://www.amazon.in/s?k=Sony+WH-1000XM5
1801,Resistance Bands Set - Variant 1081,Sports,1719,"5 resistance levels, latex-free, includes door anchor and carry bag",189,4.3,https://www.amazon.in/s?k=Resistance+Bands+Set+5+levels
1802,Luggage Samsonite 28inch - Variant 3415,Accessories,17011,"Hardside spinner, TSA lock, expandable, lightweight polycarbonate shell",37,4.5,https://www.amazon.in/s?k=Samsonite+28+inch+Hardside+Luggage
1803,Adidas Ultraboost 22 - Variant 1714,Shoes,17504,"Responsive Boost midsole, Primeknit upper, Continental rubber outsole",56,4.4,https://www.amazon.in/s?k=Adidas+Ultraboost+22
1804,Levi's Denim Jacket - Variant 2658,Clothing,7452,"Classic trucker jacket, 100% cotton denim, multiple color options",79,4.5,https://www.amazon.in/s?k=Levis+Denim+Jacket+Trucker
1805,Yoga Mat Premium - Variant 2678,Sports,3374,"Non-slip 6mm thick mat, eco-friendly TPE material, includes carry strap",122,4.3,https://www.amazon.in/s?k=Premium+Yoga+Mat
1806,Dumbbell Set Adjustable - Variant 1502,Sports,14562,"5-52.5 lbs per dumbbell, replaces 15 sets, fast adjust dial system",19,4.6,https://www.amazon.in/s?k=Adjustable+Dumbbell+Set
1807,The Alchemist Book - Variant 4143,Books,1049,Paulo Coelho's masterpiece about following your dreams and personal legend,175,4.7,https://www.amazon.in/s?k=The+Alchemist+Paulo+Coelho
1808,Resistance Bands Set - Variant 1962,Sports,1957,"5 resistance levels, latex-free, includes door anchor and carry bag",160,4.6,https://www.amazon.in/s?k=Resistance+Bands+Set+5+levels
1809,Kindle Paperwhite - Variant 1858,Electronics,11944,"6.8-inch display, adjustable warm light, waterproof, 3 months free Kindle Unlimited",38,4.4,https://www.amazon.in/s?k=Kindle+Paperwhite+2024
1810,Kindle Paperwhite - Variant 8953,Electronics,12110,"6.8-inch display, adjustable warm light, waterproof, 3 months free Kindle Unlimited",34,4.9,https://www.amazon.in/s?k=Kindle+Paperwhite+2024
1811,Atomic Habits Book - Variant 7581,Books,1323,James Clear's guide to building good habits and breaking bad ones,189,5.0,https://www.amazon.in/s?k=Atomic+Habits+James+Clear
1812,Wireless Mouse Logitech - Variant 2810,Electronics,2925,"MX Master 3, ergonomic design, 4000 DPI, multi-device support",52,4.9,https://www.amazon.in/s?k=Logitech+MX+Master+3
1813,Vitamin C Serum - Variant 1805,Beauty,1782,"20% Vitamin C with hyaluronic acid, brightens skin, reduces dark spots",222,4.3,https://www.amazon.in/s?k=Vitamin+C+Serum+20+percent
1814,The Alchemist Book - Variant 7008,Books,1292,Paulo Coelho's masterpiece about following your dreams and personal legend,134,4.8,https://www.amazon.in/s?k=The+Alchemist+Paulo+Coelho
1815,New Balance 990v6 - Variant 9711,Shoes,16541,"Made in USA, premium suede and mesh upper, ENCAP midsole technology",35,4.4,https://www.amazon.in/s?k=New+Balance+990v6
1816,Air Fryer Ninja 6qt - Variant 3218,Kitchen,8150,"6-quart capacity, 4-in-1 functionality, up to 75% less fat, dishwasher safe",48,4.7,https://www.amazon.in/s?k=Ninja+Air+Fryer+6qt
1817,Levi's Denim Jacket - Variant 7445,Clothing,6455,"Classic trucker jacket, 100% cotton denim, multiple color options",71,4.3,https://www.amazon.in/s?k=Levis+Denim+Jacket+Trucker
1818,Backpack Osprey 40L - Variant 6772,Accessories,12241,"40L travel pack, TSA-friendly, laptop sleeve, rain cover included",26,5.0,https://www.amazon.in/s?k=Osprey+40L+Backpack
1819,Sunscreen SPF 50 EltaMD - Variant 9022,Beauty,2862,"Broad spectrum UV protection, oil-free, dermatologist recommended, 3oz",109,4.6,https://www.amazon.in/s?k=EltaMD+Sunscreen+SPF+50
1820,Leather Wallet Slim - Variant 9312,Accessories,2392,"Genuine leather, RFID blocking, 8 card slots, minimalist design",90,4.3,https://www.amazon.in/s?k=Slim+Leather+Wallet+RFID
1821,Samsung 4K Smart TV 55inch - Variant 9039,Electronics,61879,"Crystal UHD display, built-in Alexa, HDR10+, 3 HDMI ports",8,4.4,https://www.amazon.in/s?k=Samsung+4K+Smart+TV+55inch
1822,Jump Rope Speed - Variant 3997,Sports,1743,"Adjustable steel cable, ball bearing handles, suitable for all fitness levels",144,4.7,https://www.amazon.in/s?k=Speed+Jump+Rope+Adjustable
1823,Dumbbell Set Adjustable - Variant 4260,Sports,11225,"5-52.5 lbs per dumbbell, replaces 15 sets, fast adjust dial system",38,4.7,https://www.amazon.in/s?k=Adjustable+Dumbbell+Set
1824,Instant Pot Duo 7-in-1 - Variant 1866,Kitchen,6481,"Pressure cooker, slow cooker, rice cooker, steamer, saute, yogurt maker",82,4.5,https://www.amazon.in/s?k=Instant+Pot+Duo
1825,Omega-3 Fish Oil - Variant 2667,Health,1530,"1200mg EPA+DHA per serving, enteric coated, 90 softgels, no fishy aftertaste",176,4.4,https://www.amazon.in/s?k=Omega+3+Fish+Oil+1200mg
1826,Coffee Maker Drip - Variant 3502,Kitchen,4682,"12-cup programmable coffee maker, built-in grinder, thermal carafe",57,4.3,https://www.amazon.in/s?k=Drip+Coffee+Maker
1827,Protein Powder Whey - Variant 3069,Health,3908,"25g protein per serving, chocolate flavor, 5lb bag, no artificial colors",31,4.4,https://www.amazon.in/s?k=Whey+Protein+Powder+Chocolate
1828,Vitamin C Serum - Variant 9692,Beauty,2203,"20% Vitamin C with hyaluronic acid, brightens skin, reduces dark spots",215,4.0,https://www.amazon.in/s?k=Vitamin+C+Serum+20+percent
1829,Sunglasses Polarized - Variant 9966,Accessories,2493,"UV400 protection, polarized lenses, lightweight frame, unisex design",144,4.3,https://www.amazon.in/s?k=Polarized+Sunglasses+UV400
1830,Coffee Maker Drip - Variant 4911,Kitchen,4839,"12-cup programmable coffee maker, built-in grinder, thermal carafe",59,4.2,https://www.amazon.in/s?k=Drip+Coffee+Maker
1831,Instant Pot Duo 7-in-1 - Variant 7291,Kitchen,8276,"Pressure cooker, slow cooker, rice cooker, steamer, saute, yogurt maker",46,4.8,https://www.amazon.in/s?k=Instant+Pot+Duo
1832,Face Wash CeraVe - Variant 5632,Beauty,1384,"Hydrating cleanser with ceramides and hyaluronic acid, 16oz, all skin types",256,4.7,https://www.amazon.in/s?k=CeraVe+Hydrating+Face+Wash
1833,Sony WH-1000XM5 - Variant 8116,Electronics,24100,"Industry-leading noise cancellation, 30hr battery, multipoint connection",30,4.9,https://www.amazon.in/s?k=Sony+WH-1000XM5
1834,Protein Powder Whey - Variant 8967,Health,3856,"25g protein per serving, chocolate flavor, 5lb bag, no artificial colors",35,4.3,https://www.amazon.in/s?k=Whey+Protein+Powder+Chocolate
1835,Harry Potter Box Set - Variant 3366,Books,7198,"Complete 7-book hardcover collection, illustrated edition",30,5.0,https://www.amazon.in/s?k=Harry+Potter+Box+Set+Hardcover
1836,Webcam Logitech 4K - Variant 4410,Electronics,12405,"4K Ultra HD, auto-focus, built-in mic, works with Zoom and Teams",34,4.7,https://www.amazon.in/s?k=Logitech+4K+Webcam
1837,Dell 27inch Monitor - Variant 4308,Electronics,24588,"IPS panel, 165Hz refresh rate, 1ms response time, USB-C, FreeSync",11,4.4,https://www.amazon.in/s?k=Dell+27+inch+165Hz+Monitor
1838,Atomic Habits Workbook - Variant 6519,Books,1328,Companion workbook to Atomic Habits with exercises and habit trackers,114,4.8,https://www.amazon.in/s?k=Atomic+Habits+Workbook
1839,Sony WH-1000XM5 - Variant 3084,Electronics,32472,"Industry-leading noise cancellation, 30hr battery, multipoint connection",22,5.0,https://www.amazon.in/s?k=Sony+WH-1000XM5
1840,New Balance 990v6 - Variant 9129,Shoes,16716,"Made in USA, premium suede and mesh upper, ENCAP midsole technology",27,4.6,https://www.amazon.in/s?k=New+Balance+990v6
1841,Leather Wallet Slim - Variant 8674,Accessories,1783,"Genuine leather, RFID blocking, 8 card slots, minimalist design",123,4.4,https://www.amazon.in/s?k=Slim+Leather+Wallet+RFID
1842,Jump Rope Speed - Variant 5225,Sports,1428,"Adjustable steel cable, ball bearing handles, suitable for all fitness levels",193,4.5,https://www.amazon.in/s?k=Speed+Jump+Rope+Adjustable
1843,Dumbbell Set Adjustable - Variant 7710,Sports,10651,"5-52.5 lbs per dumbbell, replaces 15 sets, fast adjust dial system",42,4.5,https://www.amazon.in/s?k=Adjustable+Dumbbell+Set
1844,Sunglasses Polarized - Variant 3058,Accessories,2653,"UV400 protection, polarized lenses, lightweight frame, unisex design",118,4.2,https://www.amazon.in/s?k=Polarized+Sunglasses+UV400
1845,Omega-3 Fish Oil - Variant 2118,Health,1796,"1200mg EPA+DHA per serving, enteric coated, 90 softgels, no fishy aftertaste",181,4.6,https://www.amazon.in/s?k=Omega+3+Fish+Oil+1200mg
1846,Coffee Maker Drip - Variant 2574,Kitchen,3479,"12-cup programmable coffee maker, built-in grinder, thermal carafe",76,4.0,https://www.amazon.in/s?k=Drip+Coffee+Maker
1847,Sunglasses Polarized - Variant 1834,Accessories,2390,"UV400 protection, polarized lenses, lightweight frame, unisex design",164,4.1,https://www.amazon.in/s?k=Polarized+Sunglasses+UV400
1848,Backpack Osprey 40L - Variant 5407,Accessories,10716,"40L travel pack, TSA-friendly, laptop sleeve, rain cover included",52,4.8,https://www.amazon.in/s?k=Osprey+40L+Backpack
1849,Rich Dad Poor Dad - Variant 8703,Books,1209,"Robert Kiyosaki's personal finance classic, updated 25th anniversary edition",125,4.8,https://www.amazon.in/s?k=Rich+Dad+Poor+Dad+Kiyosaki
1850,Omega-3 Fish Oil - Variant 5843,Health,1365,"1200mg EPA+DHA per serving, enteric coated, 90 softgels, no fishy aftertaste",130,4.5,https://www.amazon.in/s?k=Omega+3+Fish+Oil+1200mg
1851,Vitamin C Serum - Variant 3865,Beauty,2152,"20% Vitamin C with hyaluronic acid, brightens skin, reduces dark spots",119,4.5,https://www.amazon.in/s?k=Vitamin+C+Serum+20+percent
1852,Linen Shirt Uniqlo - Variant 4495,Clothing,2882,"100% linen, breathable summer fabric, relaxed fit, 8 color options",85,4.4,https://www.amazon.in/s?k=Linen+Shirt+Men+Uniqlo
1853,Yoga Mat Premium - Variant 6717,Sports,3274,"Non-slip 6mm thick mat, eco-friendly TPE material, includes carry strap",100,4.7,https://www.amazon.in/s?k=Premium+Yoga+Mat
1854,Luggage Samsonite 28inch - Variant 6278,Accessories,16143,"Hardside spinner, TSA lock, expandable, lightweight polycarbonate shell",18,4.6,https://www.amazon.in/s?k=Samsonite+28+inch+Hardside+Luggage
1855,Kindle Paperwhite - Variant 3760,Electronics,13075,"6.8-inch display, adjustable warm light, waterproof, 3 months free Kindle Unlimited",52,4.9,https://www.amazon.in/s?k=Kindle+Paperwhite+2024
1856,Luggage Samsonite 28inch - Variant 9818,Accessories,13538,"Hardside spinner, TSA lock, expandable, lightweight polycarbonate shell",14,4.9,https://www.amazon.in/s?k=Samsonite+28+inch+Hardside+Luggage
1857,Omega-3 Fish Oil - Variant 3646,Health,1765,"1200mg EPA+DHA per serving, enteric coated, 90 softgels, no fishy aftertaste",245,4.9,https://www.amazon.in/s?k=Omega+3+Fish+Oil+1200mg
1858,Multivitamin Men's - Variant 1639,Health,2052,"23 essential vitamins and minerals, once daily, 90 tablets, no artificial colors",100,4.2,https://www.amazon.in/s?k=Mens+Multivitamin+Daily
1859,Running Shorts Nike - Variant 2846,Clothing,2548,"Dri-FIT fabric, 7-inch inseam, built-in brief, reflective details",145,4.4,https://www.amazon.in/s?k=Nike+Running+Shorts+DriFIT
1860,Coffee Maker Drip - Variant 2402,Kitchen,4009,"12-cup programmable coffee maker, built-in grinder, thermal carafe",81,4.5,https://www.amazon.in/s?k=Drip+Coffee+Maker
1861,Linen Shirt Uniqlo - Variant 7494,Clothing,3832,"100% linen, breathable summer fabric, relaxed fit, 8 color options",197,4.2,https://www.amazon.in/s?k=Linen+Shirt+Men+Uniqlo
1862,Backpack Osprey 40L - Variant 9904,Accessories,11453,"40L travel pack, TSA-friendly, laptop sleeve, rain cover included",54,4.7,https://www.amazon.in/s?k=Osprey+40L+Backpack
1863,Atomic Habits Workbook - Variant 5788,Books,1570,Companion workbook to Atomic Habits with exercises and habit trackers,114,4.3,https://www.amazon.in/s?k=Atomic+Habits+Workbook
1864,Hiking Boots Merrell - Variant 5978,Shoes,10526,"Waterproof leather, Vibram outsole, air cushion heel, ankle support",36,5.0,https://www.amazon.in/s?k=Merrell+Hiking+Boots+Waterproof
1865,Kindle Paperwhite - Variant 8642,Electronics,10914,"6.8-inch display, adjustable warm light, waterproof, 3 months free Kindle Unlimited",49,5.0,https://www.amazon.in/s?k=Kindle+Paperwhite+2024
1866,Rich Dad Poor Dad - Variant 9260,Books,1069,"Robert Kiyosaki's personal finance classic, updated 25th anniversary edition",264,4.6,https://www.amazon.in/s?k=Rich+Dad+Poor+Dad+Kiyosaki
1867,Blender Vitamix A2500 - Variant 7969,Kitchen,35175,"Variable speed control, 3 program settings, self-cleaning, 64oz container",21,4.8,https://www.amazon.in/s?k=Vitamix+A2500+Blender
1868,Creatine Monohydrate - Variant 6718,Health,2781,"Micronized creatine, 5g per serving, unflavored, 60 servings, lab tested",83,4.7,https://www.amazon.in/s?k=Creatine+Monohydrate+Micronized
1869,Dell 27inch Monitor - Variant 7119,Electronics,32348,"IPS panel, 165Hz refresh rate, 1ms response time, USB-C, FreeSync",13,4.5,https://www.amazon.in/s?k=Dell+27+inch+165Hz+Monitor
1870,Vitamin C Serum - Variant 5817,Beauty,2398,"20% Vitamin C with hyaluronic acid, brightens skin, reduces dark spots",129,4.0,https://www.amazon.in/s?k=Vitamin+C+Serum+20+percent
1871,Creatine Monohydrate - Variant 4515,Health,2648,"Micronized creatine, 5g per serving, unflavored, 60 servings, lab tested",124,4.3,https://www.amazon.in/s?k=Creatine+Monohydrate+Micronized
1872,Instant Pot Duo 7-in-1 - Variant 3553,Kitchen,6522,"Pressure cooker, slow cooker, rice cooker, steamer, saute, yogurt maker",50,4.5,https://www.amazon.in/s?k=Instant+Pot+Duo
1873,Samsung 4K Smart TV 55inch - Variant 9712,Electronics,49816,"Crystal UHD display, built-in Alexa, HDR10+, 3 HDMI ports",10,4.7,https://www.amazon.in/s?k=Samsung+4K+Smart+TV+55inch
1874,Retinol Night Cream - Variant 6902,Beauty,2927,"0.5% retinol with peptides, reduces fine lines, fragrance-free, 50ml",69,4.4,https://www.amazon.in/s?k=Retinol+Night+Cream+0.5+percent
1875,Sony WH-1000XM5 - Variant 8382,Electronics,29775,"Industry-leading noise cancellation, 30hr battery, multipoint connection",16,4.9,https://www.amazon.in/s?k=Sony+WH-1000XM5
1876,Levi's Denim Jacket - Variant 3411,Clothing,8300,"Classic trucker jacket, 100% cotton denim, multiple color options",39,4.5,https://www.amazon.in/s?k=Levis+Denim+Jacket+Trucker
1877,New Balance 990v6 - Variant 7156,Shoes,16823,"Made in USA, premium suede and mesh upper, ENCAP midsole technology",36,4.7,https://www.amazon.in/s?k=New+Balance+990v6
1878,Kindle Paperwhite - Variant 7712,Electronics,12778,"6.8-inch display, adjustable warm light, waterproof, 3 months free Kindle Unlimited",78,4.8,https://www.amazon.in/s?k=Kindle+Paperwhite+2024
1879,Stand Mixer KitchenAid - Variant 2767,Kitchen,34475,"5-quart bowl, 10 speeds, 59 attachments compatible, tilt-head design",16,4.8,https://www.amazon.in/s?k=KitchenAid+Stand+Mixer+5qt
1880,Converse Chuck Taylor - Variant 4529,Shoes,6467,"Classic canvas high-top, rubber sole, available in 20+ colors",288,4.7,https://www.amazon.in/s?k=Converse+Chuck+Taylor+High+Top
1881,Retinol Night Cream - Variant 7217,Beauty,2607,"0.5% retinol with peptides, reduces fine lines, fragrance-free, 50ml",55,4.4,https://www.amazon.in/s?k=Retinol+Night+Cream+0.5+percent
1882,Converse Chuck Taylor - Variant 6949,Shoes,4658,"Classic canvas high-top, rubber sole, available in 20+ colors",201,4.3,https://www.amazon.in/s?k=Converse+Chuck+Taylor+High+Top
1883,Linen Shirt Uniqlo - Variant 9310,Clothing,3496,"100% linen, breathable summer fabric, relaxed fit, 8 color options",126,4.1,https://www.amazon.in/s?k=Linen+Shirt+Men+Uniqlo
1884,Multivitamin Men's - Variant 7300,Health,1692,"23 essential vitamins and minerals, once daily, 90 tablets, no artificial colors",65,4.6,https://www.amazon.in/s?k=Mens+Multivitamin+Daily
1885,Apple AirPods Pro - Variant 9876,Electronics,20288,"Active noise cancellation, transparency mode, spatial audio, wireless charging",32,5.0,https://www.amazon.in/s?k=Apple+AirPods+Pro
1886,Adidas Ultraboost 22 - Variant 1830,Shoes,15707,"Responsive Boost midsole, Primeknit upper, Continental rubber outsole",70,4.7,https://www.amazon.in/s?k=Adidas+Ultraboost+22
1887,Luggage Samsonite 28inch - Variant 6082,Accessories,15153,"Hardside spinner, TSA lock, expandable, lightweight polycarbonate shell",41,4.7,https://www.amazon.in/s?k=Samsonite+28+inch+Hardside+Luggage
1888,Dumbbell Set Adjustable - Variant 4304,Sports,10168,"5-52.5 lbs per dumbbell, replaces 15 sets, fast adjust dial system",32,4.9,https://www.amazon.in/s?k=Adjustable+Dumbbell+Set
1889,Air Fryer Ninja 6qt - Variant 5228,Kitchen,8385,"6-quart capacity, 4-in-1 functionality, up to 75% less fat, dishwasher safe",28,4.8,https://www.amazon.in/s?k=Ninja+Air+Fryer+6qt
1890,Sunglasses Polarized - Variant 5574,Accessories,2554,"UV400 protection, polarized lenses, lightweight frame, unisex design",70,4.3,https://www.amazon.in/s?k=Polarized+Sunglasses+UV400
1891,Webcam Logitech 4K - Variant 1753,Electronics,10963,"4K Ultra HD, auto-focus, built-in mic, works with Zoom and Teams",68,4.5,https://www.amazon.in/s?k=Logitech+4K+Webcam
1892,Air Fryer Ninja 6qt - Variant 4430,Kitchen,9076,"6-quart capacity, 4-in-1 functionality, up to 75% less fat, dishwasher safe",71,4.6,https://www.amazon.in/s?k=Ninja+Air+Fryer+6qt
1893,Air Fryer Ninja 6qt - Variant 7827,Kitchen,8820,"6-quart capacity, 4-in-1 functionality, up to 75% less fat, dishwasher safe",33,4.9,https://www.amazon.in/s?k=Ninja+Air+Fryer+6qt
1894,Face Wash CeraVe - Variant 9852,Beauty,1172,"Hydrating cleanser with ceramides and hyaluronic acid, 16oz, all skin types",258,4.5,https://www.amazon.in/s?k=CeraVe+Hydrating+Face+Wash
1895,Mechanical Keyboard RGB - Variant 8097,Electronics,5936,"TKL layout, Cherry MX switches, per-key RGB lighting, USB-C",21,4.3,https://www.amazon.in/s?k=Mechanical+Keyboard+RGB
1896,Blender Vitamix A2500 - Variant 1735,Kitchen,34127,"Variable speed control, 3 program settings, self-cleaning, 64oz container",22,4.7,https://www.amazon.in/s?k=Vitamix+A2500+Blender
1897,Wireless Mouse Logitech - Variant 6938,Electronics,3322,"MX Master 3, ergonomic design, 4000 DPI, multi-device support",88,4.6,https://www.amazon.in/s?k=Logitech+MX+Master+3
1898,Leather Wallet Slim - Variant 4888,Accessories,1888,"Genuine leather, RFID blocking, 8 card slots, minimalist design",177,4.5,https://www.amazon.in/s?k=Slim+Leather+Wallet+RFID
1899,Sunglasses Polarized - Variant 9839,Accessories,2819,"UV400 protection, polarized lenses, lightweight frame, unisex design",128,4.2,https://www.amazon.in/s?k=Polarized+Sunglasses+UV400
1900,Instant Pot Duo 7-in-1 - Variant 6073,Kitchen,6262,"Pressure cooker, slow cooker, rice cooker, steamer, saute, yogurt maker",110,4.9,https://www.amazon.in/s?k=Instant+Pot+Duo
1901,Sunscreen SPF 50 EltaMD - Variant 8291,Beauty,2876,"Broad spectrum UV protection, oil-free, dermatologist recommended, 3oz",64,4.9,https://www.amazon.in/s?k=EltaMD+Sunscreen+SPF+50
1902,Apple AirPods Pro - Variant 4798,Electronics,17326,"Active noise cancellation, transparency mode, spatial audio, wireless charging",31,4.8,https://www.amazon.in/s?k=Apple+AirPods+Pro
1903,Nike Air Max 270 - Variant 1605,Shoes,12322,"Lightweight running shoe with Air Max cushioning, great for daily use",50,4.3,https://www.amazon.in/s?k=Nike+Air+Max+270
1904,The Alchemist Book - Variant 2271,Books,1346,Paulo Coelho's masterpiece about following your dreams and personal legend,143,4.9,https://www.amazon.in/s?k=The+Alchemist+Paulo+Coelho
1905,Apple AirPods Pro - Variant 8658,Electronics,24279,"Active noise cancellation, transparency mode, spatial audio, wireless charging",27,5.0,https://www.amazon.in/s?k=Apple+AirPods+Pro
1906,Running Shorts Nike - Variant 3984,Clothing,3086,"Dri-FIT fabric, 7-inch inseam, built-in brief, reflective details",76,4.1,https://www.amazon.in/s?k=Nike+Running+Shorts+DriFIT
1907,Vitamin C Serum - Variant 2121,Beauty,1833,"20% Vitamin C with hyaluronic acid, brightens skin, reduces dark spots",145,4.3,https://www.amazon.in/s?k=Vitamin+C+Serum+20+percent
1908,Hoodie Champion Reverse Weave - Variant 5556,Clothing,5136,"Heavyweight fleece, reverse weave construction, kangaroo pocket",85,4.9,https://www.amazon.in/s?k=Champion+Reverse+Weave+Hoodie
1909,Mechanical Keyboard RGB - Variant 8396,Electronics,5952,"TKL layout, Cherry MX switches, per-key RGB lighting, USB-C",47,4.4,https://www.amazon.in/s?k=Mechanical+Keyboard+RGB
1910,Protein Powder Whey - Variant 8286,Health,4889,"25g protein per serving, chocolate flavor, 5lb bag, no artificial colors",36,4.7,https://www.amazon.in/s?k=Whey+Protein+Powder+Chocolate
1911,Vitamin C Serum - Variant 2226,Beauty,1861,"20% Vitamin C with hyaluronic acid, brightens skin, reduces dark spots",104,4.1,https://www.amazon.in/s?k=Vitamin+C+Serum+20+percent
1912,Multivitamin Men's - Variant 9972,Health,1773,"23 essential vitamins and minerals, once daily, 90 tablets, no artificial colors",132,4.5,https://www.amazon.in/s?k=Mens+Multivitamin+Daily
1913,The Alchemist Book - Variant 9533,Books,1307,Paulo Coelho's masterpiece about following your dreams and personal legend,211,5.0,https://www.amazon.in/s?k=The+Alchemist+Paulo+Coelho
1914,Adidas Ultraboost 22 - Variant 9540,Shoes,18170,"Responsive Boost midsole, Primeknit upper, Continental rubber outsole",87,4.8,https://www.amazon.in/s?k=Adidas+Ultraboost+22
1915,Luggage Samsonite 28inch - Variant 3226,Accessories,19010,"Hardside spinner, TSA lock, expandable, lightweight polycarbonate shell",19,4.6,https://www.amazon.in/s?k=Samsonite+28+inch+Hardside+Luggage
1916,Yoga Mat Premium - Variant 5341,Sports,2705,"Non-slip 6mm thick mat, eco-friendly TPE material, includes carry strap",91,4.4,https://www.amazon.in/s?k=Premium+Yoga+Mat
1917,Retinol Night Cream - Variant 1721,Beauty,2722,"0.5% retinol with peptides, reduces fine lines, fragrance-free, 50ml",78,4.3,https://www.amazon.in/s?k=Retinol+Night+Cream+0.5+percent
1918,Backpack Osprey 40L - Variant 7160,Accessories,10933,"40L travel pack, TSA-friendly, laptop sleeve, rain cover included",55,4.8,https://www.amazon.in/s?k=Osprey+40L+Backpack
1919,Sunscreen SPF 50 EltaMD - Variant 1297,Beauty,2873,"Broad spectrum UV protection, oil-free, dermatologist recommended, 3oz",75,4.5,https://www.amazon.in/s?k=EltaMD+Sunscreen+SPF+50
1920,Air Fryer Ninja 6qt - Variant 1441,Kitchen,8269,"6-quart capacity, 4-in-1 functionality, up to 75% less fat, dishwasher safe",29,4.6,https://www.amazon.in/s?k=Ninja+Air+Fryer+6qt
1921,Stand Mixer KitchenAid - Variant 5933,Kitchen,27160,"5-quart bowl, 10 speeds, 59 attachments compatible, tilt-head design",13,4.6,https://www.amazon.in/s?k=KitchenAid+Stand+Mixer+5qt
1922,Sony WH-1000XM5 - Variant 6292,Electronics,31355,"Industry-leading noise cancellation, 30hr battery, multipoint connection",27,5.0,https://www.amazon.in/s?k=Sony+WH-1000XM5
1923,iPad Air 11inch - Variant 7989,Electronics,53788,"M2 chip, 11-inch Liquid Retina display, Apple Pencil Pro support, 256GB",22,4.5,https://www.amazon.in/s?k=iPad+Air+M2+11inch
1924,Vitamin C Serum - Variant 6902,Beauty,2064,"20% Vitamin C with hyaluronic acid, brightens skin, reduces dark spots",76,4.3,https://www.amazon.in/s?k=Vitamin+C+Serum+20+percent
1925,Retinol Night Cream - Variant 2909,Beauty,3047,"0.5% retinol with peptides, reduces fine lines, fragrance-free, 50ml",103,4.4,https://www.amazon.in/s?k=Retinol+Night+Cream+0.5+percent
1926,Levi's 501 Jeans - Variant 1239,Clothing,5329,"Classic straight fit jeans, durable denim, available in multiple washes",123,4.6,https://www.amazon.in/s?k=Levis+501+Jeans
1927,Samsung 4K Smart TV 55inch - Variant 2532,Electronics,51160,"Crystal UHD display, built-in Alexa, HDR10+, 3 HDMI ports",21,4.7,https://www.amazon.in/s?k=Samsung+4K+Smart+TV+55inch
1928,Apple AirPods Pro - Variant 6097,Electronics,18369,"Active noise cancellation, transparency mode, spatial audio, wireless charging",36,5.0,https://www.amazon.in/s?k=Apple+AirPods+Pro
1929,Adidas Ultraboost 22 - Variant 9495,Shoes,18593,"Responsive Boost midsole, Primeknit upper, Continental rubber outsole",61,4.4,https://www.amazon.in/s?k=Adidas+Ultraboost+22
1930,Luggage Samsonite 28inch - Variant 2558,Accessories,17171,"Hardside spinner, TSA lock, expandable, lightweight polycarbonate shell",14,4.7,https://www.amazon.in/s?k=Samsonite+28+inch+Hardside+Luggage
1931,Hiking Boots Merrell - Variant 3729,Shoes,13695,"Waterproof leather, Vibram outsole, air cushion heel, ankle support",57,4.6,https://www.amazon.in/s?k=Merrell+Hiking+Boots+Waterproof
1932,Sunglasses Polarized - Variant 6428,Accessories,2518,"UV400 protection, polarized lenses, lightweight frame, unisex design",157,4.2,https://www.amazon.in/s?k=Polarized+Sunglasses+UV400
1933,Wireless Mouse Logitech - Variant 3642,Electronics,3776,"MX Master 3, ergonomic design, 4000 DPI, multi-device support",45,4.6,https://www.amazon.in/s?k=Logitech+MX+Master+3
1934,Backpack Osprey 40L - Variant 4679,Accessories,12427,"40L travel pack, TSA-friendly, laptop sleeve, rain cover included",31,4.8,https://www.amazon.in/s?k=Osprey+40L+Backpack
1935,Protein Powder Whey - Variant 4278,Health,4679,"25g protein per serving, chocolate flavor, 5lb bag, no artificial colors",27,4.2,https://www.amazon.in/s?k=Whey+Protein+Powder+Chocolate
1936,iPad Air 11inch - Variant 6257,Electronics,58387,"M2 chip, 11-inch Liquid Retina display, Apple Pencil Pro support, 256GB",17,4.9,https://www.amazon.in/s?k=iPad+Air+M2+11inch
1937,Webcam Logitech 4K - Variant 7743,Electronics,13578,"4K Ultra HD, auto-focus, built-in mic, works with Zoom and Teams",73,4.4,https://www.amazon.in/s?k=Logitech+4K+Webcam
1938,Running Shorts Nike - Variant 4756,Clothing,2579,"Dri-FIT fabric, 7-inch inseam, built-in brief, reflective details",81,4.2,https://www.amazon.in/s?k=Nike+Running+Shorts+DriFIT
1939,Coffee Maker Drip - Variant 7961,Kitchen,3700,"12-cup programmable coffee maker, built-in grinder, thermal carafe",62,4.2,https://www.amazon.in/s?k=Drip+Coffee+Maker
1940,Converse Chuck Taylor - Variant 1069,Shoes,4774,"Classic canvas high-top, rubber sole, available in 20+ colors",120,4.3,https://www.amazon.in/s?k=Converse+Chuck+Taylor+High+Top
1941,Resistance Bands Set - Variant 3414,Sports,2136,"5 resistance levels, latex-free, includes door anchor and carry bag",88,4.5,https://www.amazon.in/s?k=Resistance+Bands+Set+5+levels
1942,Nike Air Max 270 - Variant 6020,Shoes,9975,"Lightweight running shoe with Air Max cushioning, great for daily use",47,4.7,https://www.amazon.in/s?k=Nike+Air+Max+270
1943,Atomic Habits Workbook - Variant 8807,Books,1243,Companion workbook to Atomic Habits with exercises and habit trackers,74,4.3,https://www.amazon.in/s?k=Atomic+Habits+Workbook
1944,Protein Powder Whey - Variant 6119,Health,4858,"25g protein per serving, chocolate flavor, 5lb bag, no artificial colors",36,4.3,https://www.amazon.in/s?k=Whey+Protein+Powder+Chocolate
1945,Resistance Bands Set - Variant 2671,Sports,2278,"5 resistance levels, latex-free, includes door anchor and carry bag",117,4.7,https://www.amazon.in/s?k=Resistance+Bands+Set+5+levels
1946,Atomic Habits Workbook - Variant 5024,Books,1272,Companion workbook to Atomic Habits with exercises and habit trackers,157,4.6,https://www.amazon.in/s?k=Atomic+Habits+Workbook
1947,Linen Shirt Uniqlo - Variant 4877,Clothing,3584,"100% linen, breathable summer fabric, relaxed fit, 8 color options",124,4.5,https://www.amazon.in/s?k=Linen+Shirt+Men+Uniqlo
1948,Levi's 501 Jeans - Variant 1311,Clothing,4785,"Classic straight fit jeans, durable denim, available in multiple washes",131,4.2,https://www.amazon.in/s?k=Levis+501+Jeans
1949,Kindle Paperwhite - Variant 6897,Electronics,12206,"6.8-inch display, adjustable warm light, waterproof, 3 months free Kindle Unlimited",67,4.9,https://www.amazon.in/s?k=Kindle+Paperwhite+2024
1950,iPad Air 11inch - Variant 1392,Electronics,40757,"M2 chip, 11-inch Liquid Retina display, Apple Pencil Pro support, 256GB",24,4.9,https://www.amazon.in/s?k=iPad+Air+M2+11inch
1951,Face Wash CeraVe - Variant 7678,Beauty,1466,"Hydrating cleanser with ceramides and hyaluronic acid, 16oz, all skin types",182,4.5,https://www.amazon.in/s?k=CeraVe+Hydrating+Face+Wash
1952,Nike Air Max 270 - Variant 8428,Shoes,11943,"Lightweight running shoe with Air Max cushioning, great for daily use",69,4.5,https://www.amazon.in/s?k=Nike+Air+Max+270
1953,Yoga Mat Premium - Variant 6857,Sports,2655,"Non-slip 6mm thick mat, eco-friendly TPE material, includes carry strap",133,4.4,https://www.amazon.in/s?k=Premium+Yoga+Mat
1954,Levi's 501 Jeans - Variant 8567,Clothing,5185,"Classic straight fit jeans, durable denim, available in multiple washes",64,4.2,https://www.amazon.in/s?k=Levis+501+Jeans
1955,iPad Air 11inch - Variant 2349,Electronics,59409,"M2 chip, 11-inch Liquid Retina display, Apple Pencil Pro support, 256GB",21,4.8,https://www.amazon.in/s?k=iPad+Air+M2+11inch
1956,Atomic Habits Workbook - Variant 7615,Books,1304,Companion workbook to Atomic Habits with exercises and habit trackers,154,4.3,https://www.amazon.in/s?k=Atomic+Habits+Workbook
1957,Apple AirPods Pro - Variant 6381,Electronics,17791,"Active noise cancellation, transparency mode, spatial audio, wireless charging",31,4.8,https://www.amazon.in/s?k=Apple+AirPods+Pro
1958,Webcam Logitech 4K - Variant 3809,Electronics,11175,"4K Ultra HD, auto-focus, built-in mic, works with Zoom and Teams",26,4.4,https://www.amazon.in/s?k=Logitech+4K+Webcam
1959,Multivitamin Men's - Variant 4185,Health,2106,"23 essential vitamins and minerals, once daily, 90 tablets, no artificial colors",155,4.6,https://www.amazon.in/s?k=Mens+Multivitamin+Daily
1960,Dumbbell Set Adjustable - Variant 3611,Sports,11382,"5-52.5 lbs per dumbbell, replaces 15 sets, fast adjust dial system",17,4.6,https://www.amazon.in/s?k=Adjustable+Dumbbell+Set
1961,Sunscreen SPF 50 EltaMD - Variant 9754,Beauty,3147,"Broad spectrum UV protection, oil-free, dermatologist recommended, 3oz",93,4.8,https://www.amazon.in/s?k=EltaMD+Sunscreen+SPF+50
1962,Vitamin C Serum - Variant 1806,Beauty,2489,"20% Vitamin C with hyaluronic acid, brightens skin, reduces dark spots",134,4.2,https://www.amazon.in/s?k=Vitamin+C+Serum+20+percent
1963,Sunglasses Polarized - Variant 9438,Accessories,2093,"UV400 protection, polarized lenses, lightweight frame, unisex design",116,4.0,https://www.amazon.in/s?k=Polarized+Sunglasses+UV400
1964,Jump Rope Speed - Variant 4696,Sports,1721,"Adjustable steel cable, ball bearing handles, suitable for all fitness levels",261,4.7,https://www.amazon.in/s?k=Speed+Jump+Rope+Adjustable
1965,Atomic Habits Workbook - Variant 9920,Books,1131,Companion workbook to Atomic Habits with exercises and habit trackers,130,4.5,https://www.amazon.in/s?k=Atomic+Habits+Workbook
1966,Running Shorts Nike - Variant 3278,Clothing,2958,"Dri-FIT fabric, 7-inch inseam, built-in brief, reflective details",79,4.5,https://www.amazon.in/s?k=Nike+Running+Shorts+DriFIT
1967,Sony WH-1000XM5 - Variant 7941,Electronics,34114,"Industry-leading noise cancellation, 30hr battery, multipoint connection",13,5.0,https://www.amazon.in/s?k=Sony+WH-1000XM5
1968,Dell 27inch Monitor - Variant 6144,Electronics,24847,"IPS panel, 165Hz refresh rate, 1ms response time, USB-C, FreeSync",19,4.7,https://www.amazon.in/s?k=Dell+27+inch+165Hz+Monitor
1969,Converse Chuck Taylor - Variant 8321,Shoes,6523,"Classic canvas high-top, rubber sole, available in 20+ colors",141,4.5,https://www.amazon.in/s?k=Converse+Chuck+Taylor+High+Top
1970,Nike Air Max 270 - Variant 8275,Shoes,9139,"Lightweight running shoe with Air Max cushioning, great for daily use",40,4.3,https://www.amazon.in/s?k=Nike+Air+Max+270
1971,Adidas Ultraboost 22 - Variant 9820,Shoes,15722,"Responsive Boost midsole, Primeknit upper, Continental rubber outsole",45,4.6,https://www.amazon.in/s?k=Adidas+Ultraboost+22
1972,Hiking Boots Merrell - Variant 7410,Shoes,9733,"Waterproof leather, Vibram outsole, air cushion heel, ankle support",26,4.5,https://www.amazon.in/s?k=Merrell+Hiking+Boots+Waterproof
1973,Webcam Logitech 4K - Variant 2124,Electronics,14922,"4K Ultra HD, auto-focus, built-in mic, works with Zoom and Teams",55,4.5,https://www.amazon.in/s?k=Logitech+4K+Webcam
1974,Sunscreen SPF 50 EltaMD - Variant 5294,Beauty,3109,"Broad spectrum UV protection, oil-free, dermatologist recommended, 3oz",71,4.7,https://www.amazon.in/s?k=EltaMD+Sunscreen+SPF+50
1975,Linen Shirt Uniqlo - Variant 3324,Clothing,2802,"100% linen, breathable summer fabric, relaxed fit, 8 color options",98,4.3,https://www.amazon.in/s?k=Linen+Shirt+Men+Uniqlo
1976,Atomic Habits Workbook - Variant 2215,Books,1371,Companion workbook to Atomic Habits with exercises and habit trackers,75,4.7,https://www.amazon.in/s?k=Atomic+Habits+Workbook
1977,Stand Mixer KitchenAid - Variant 8865,Kitchen,31803,"5-quart bowl, 10 speeds, 59 attachments compatible, tilt-head design",6,4.9,https://www.amazon.in/s?k=KitchenAid+Stand+Mixer+5qt
1978,Resistance Bands Set - Variant 4964,Sports,2131,"5 resistance levels, latex-free, includes door anchor and carry bag",144,4.5,https://www.amazon.in/s?k=Resistance+Bands+Set+5+levels
1979,Levi's 501 Jeans - Variant 9807,Clothing,5093,"Classic straight fit jeans, durable denim, available in multiple washes",175,4.2,https://www.amazon.in/s?k=Levis+501+Jeans
1980,Nike Air Max 270 - Variant 2995,Shoes,9142,"Lightweight running shoe with Air Max cushioning, great for daily use",59,4.4,https://www.amazon.in/s?k=Nike+Air+Max+270
1981,Coffee Maker Drip - Variant 1391,Kitchen,4202,"12-cup programmable coffee maker, built-in grinder, thermal carafe",86,4.5,https://www.amazon.in/s?k=Drip+Coffee+Maker
1982,Protein Powder Whey - Variant 8194,Health,4771,"25g protein per serving, chocolate flavor, 5lb bag, no artificial colors",60,4.4,https://www.amazon.in/s?k=Whey+Protein+Powder+Chocolate
1983,Jump Rope Speed - Variant 4064,Sports,1282,"Adjustable steel cable, ball bearing handles, suitable for all fitness levels",261,4.6,https://www.amazon.in/s?k=Speed+Jump+Rope+Adjustable
1984,Backpack Osprey 40L - Variant 6430,Accessories,14348,"40L travel pack, TSA-friendly, laptop sleeve, rain cover included",59,5.0,https://www.amazon.in/s?k=Osprey+40L+Backpack
1985,Blender Vitamix A2500 - Variant 3009,Kitchen,40829,"Variable speed control, 3 program settings, self-cleaning, 64oz container",30,4.9,https://www.amazon.in/s?k=Vitamix+A2500+Blender
1986,Retinol Night Cream - Variant 2252,Beauty,3063,"0.5% retinol with peptides, reduces fine lines, fragrance-free, 50ml",76,4.2,https://www.amazon.in/s?k=Retinol+Night+Cream+0.5+percent
1987,The Alchemist Book - Variant 4400,Books,1169,Paulo Coelho's masterpiece about following your dreams and personal legend,112,5.0,https://www.amazon.in/s?k=The+Alchemist+Paulo+Coelho
1988,New Balance 990v6 - Variant 9779,Shoes,17791,"Made in USA, premium suede and mesh upper, ENCAP midsole technology",35,4.5,https://www.amazon.in/s?k=New+Balance+990v6
1989,Wireless Mouse Logitech - Variant 6950,Electronics,3056,"MX Master 3, ergonomic design, 4000 DPI, multi-device support",44,4.9,https://www.amazon.in/s?k=Logitech+MX+Master+3
1990,Webcam Logitech 4K - Variant 3157,Electronics,11101,"4K Ultra HD, auto-focus, built-in mic, works with Zoom and Teams",69,4.6,https://www.amazon.in/s?k=Logitech+4K+Webcam
1991,Atomic Habits Workbook - Variant 1392,Books,1678,Companion workbook to Atomic Habits with exercises and habit trackers,83,4.2,https://www.amazon.in/s?k=Atomic+Habits+Workbook
1992,Instant Pot Duo 7-in-1 - Variant 9672,Kitchen,8677,"Pressure cooker, slow cooker, rice cooker, steamer, saute, yogurt maker",98,5.0,https://www.amazon.in/s?k=Instant+Pot+Duo
1993,Coffee Maker Drip - Variant 2811,Kitchen,3852,"12-cup programmable coffee maker, built-in grinder, thermal carafe",68,4.6,https://www.amazon.in/s?k=Drip+Coffee+Maker
1994,Rich Dad Poor Dad - Variant 8798,Books,887,"Robert Kiyosaki's personal finance classic, updated 25th anniversary edition",305,4.6,https://www.amazon.in/s?k=Rich+Dad+Poor+Dad+Kiyosaki
1995,Face Wash CeraVe - Variant 3017,Beauty,1477,"Hydrating cleanser with ceramides and hyaluronic acid, 16oz, all skin types",204,4.8,https://www.amazon.in/s?k=CeraVe+Hydrating+Face+Wash
1996,Levi's Denim Jacket - Variant 3313,Clothing,7280,"Classic trucker jacket, 100% cotton denim, multiple color options",94,4.2,https://www.amazon.in/s?k=Levis+Denim+Jacket+Trucker
1997,Rich Dad Poor Dad - Variant 4494,Books,1002,"Robert Kiyosaki's personal finance classic, updated 25th anniversary edition",200,4.6,https://www.amazon.in/s?k=Rich+Dad+Poor+Dad+Kiyosaki
1998,iPad Air 11inch - Variant 6130,Electronics,55278,"M2 chip, 11-inch Liquid Retina display, Apple Pencil Pro support, 256GB",28,4.6,https://www.amazon.in/s?k=iPad+Air+M2+11inch
1999,Stand Mixer KitchenAid - Variant 9930,Kitchen,28050,"5-quart bowl, 10 speeds, 59 attachments compatible, tilt-head design",12,5.0,https://www.amazon.in/s?k=KitchenAid+Stand+Mixer+5qt
2000,Omega-3 Fish Oil - Variant 9845,Health,1768,"1200mg EPA+DHA per serving, enteric coated, 90 softgels, no fishy aftertaste",155,4.5,https://www.amazon.in/s?k=Omega+3+Fish+Oil+1200mg
2001,Protein Powder Whey - Variant 4419,Health,5070,"25g protein per serving, chocolate flavor, 5lb bag, no artificial colors",57,4.7,https://www.amazon.in/s?k=Whey+Protein+Powder+Chocolate
2002,Nike Air Max 270 - Variant 9190,Shoes,10016,"Lightweight running shoe with Air Max cushioning, great for daily use",70,4.7,https://www.amazon.in/s?k=Nike+Air+Max+270
2003,Backpack Osprey 40L - Variant 3655,Accessories,14129,"40L travel pack, TSA-friendly, laptop sleeve, rain cover included",43,4.7,https://www.amazon.in/s?k=Osprey+40L+Backpack
2004,Stand Mixer KitchenAid - Variant 7305,Kitchen,34004,"5-quart bowl, 10 speeds, 59 attachments compatible, tilt-head design",16,5.0,https://www.amazon.in/s?k=KitchenAid+Stand+Mixer+5qt
2005,Stand Mixer KitchenAid - Variant 9785,Kitchen,26891,"5-quart bowl, 10 speeds, 59 attachments compatible, tilt-head design",15,4.9,https://www.amazon.in/s?k=KitchenAid+Stand+Mixer+5qt
2006,Sunglasses Polarized - Variant 9612,Accessories,2859,"UV400 protection, polarized lenses, lightweight frame, unisex design",116,3.9,https://www.amazon.in/s?k=Polarized+Sunglasses+UV400
2007,Linen Shirt Uniqlo - Variant 6069,Clothing,3380,"100% linen, breathable summer fabric, relaxed fit, 8 color options",124,4.1,https://www.amazon.in/s?k=Linen+Shirt+Men+Uniqlo
2008,Creatine Monohydrate - Variant 6523,Health,2957,"Micronized creatine, 5g per serving, unflavored, 60 servings, lab tested",127,4.8,https://www.amazon.in/s?k=Creatine+Monohydrate+Micronized
2009,Mechanical Keyboard RGB - Variant 2065,Electronics,7470,"TKL layout, Cherry MX switches, per-key RGB lighting, USB-C",32,4.7,https://www.amazon.in/s?k=Mechanical+Keyboard+RGB
2010,Multivitamin Men's - Variant 7302,Health,1846,"23 essential vitamins and minerals, once daily, 90 tablets, no artificial colors",116,4.8,https://www.amazon.in/s?k=Mens+Multivitamin+Daily
2011,Jump Rope Speed - Variant 5294,Sports,1393,"Adjustable steel cable, ball bearing handles, suitable for all fitness levels",121,4.5,https://www.amazon.in/s?k=Speed+Jump+Rope+Adjustable
2012,The Alchemist Book - Variant 3894,Books,1298,Paulo Coelho's masterpiece about following your dreams and personal legend,117,4.7,https://www.amazon.in/s?k=The+Alchemist+Paulo+Coelho
2013,Atomic Habits Workbook - Variant 7005,Books,1640,Companion workbook to Atomic Habits with exercises and habit trackers,164,4.6,https://www.amazon.in/s?k=Atomic+Habits+Workbook
2014,Converse Chuck Taylor - Variant 4768,Shoes,4459,"Classic canvas high-top, rubber sole, available in 20+ colors",119,4.4,https://www.amazon.in/s?k=Converse+Chuck+Taylor+High+Top
2015,Atomic Habits Book - Variant 2525,Books,1446,James Clear's guide to building good habits and breaking bad ones,205,4.7,https://www.amazon.in/s?k=Atomic+Habits+James+Clear
2016,Dumbbell Set Adjustable - Variant 8540,Sports,12989,"5-52.5 lbs per dumbbell, replaces 15 sets, fast adjust dial system",27,4.5,https://www.amazon.in/s?k=Adjustable+Dumbbell+Set
2017,Sony WH-1000XM5 - Variant 2535,Electronics,23468,"Industry-leading noise cancellation, 30hr battery, multipoint connection",22,4.6,https://www.amazon.in/s?k=Sony+WH-1000XM5
2018,Nike Air Max 270 - Variant 6076,Shoes,10675,"Lightweight running shoe with Air Max cushioning, great for daily use",61,4.8,https://www.amazon.in/s?k=Nike+Air+Max+270
2019,Harry Potter Box Set - Variant 3231,Books,6435,"Complete 7-book hardcover collection, illustrated edition",51,4.7,https://www.amazon.in/s?k=Harry+Potter+Box+Set+Hardcover
2020,Stand Mixer KitchenAid - Variant 1556,Kitchen,28568,"5-quart bowl, 10 speeds, 59 attachments compatible, tilt-head design",17,4.7,https://www.amazon.in/s?k=KitchenAid+Stand+Mixer+5qt
2021,Rich Dad Poor Dad - Variant 2817,Books,909,"Robert Kiyosaki's personal finance classic, updated 25th anniversary edition",214,4.8,https://www.amazon.in/s?k=Rich+Dad+Poor+Dad+Kiyosaki
2022,Linen Shirt Uniqlo - Variant 4682,Clothing,3042,"100% linen, breathable summer fabric, relaxed fit, 8 color options",112,4.5,https://www.amazon.in/s?k=Linen+Shirt+Men+Uniqlo
2023,Jump Rope Speed - Variant 2370,Sports,1855,"Adjustable steel cable, ball bearing handles, suitable for all fitness levels",245,4.5,https://www.amazon.in/s?k=Speed+Jump+Rope+Adjustable
2024,Dumbbell Set Adjustable - Variant 3601,Sports,11270,"5-52.5 lbs per dumbbell, replaces 15 sets, fast adjust dial system",44,4.6,https://www.amazon.in/s?k=Adjustable+Dumbbell+Set
2025,Hoodie Champion Reverse Weave - Variant 6132,Clothing,4633,"Heavyweight fleece, reverse weave construction, kangaroo pocket",111,4.5,https://www.amazon.in/s?k=Champion+Reverse+Weave+Hoodie
2026,Levi's Denim Jacket - Variant 8355,Clothing,7278,"Classic trucker jacket, 100% cotton denim, multiple color options",40,4.3,https://www.amazon.in/s?k=Levis+Denim+Jacket+Trucker
2027,New Balance 990v6 - Variant 2402,Shoes,17267,"Made in USA, premium suede and mesh upper, ENCAP midsole technology",39,4.7,https://www.amazon.in/s?k=New+Balance+990v6
2028,Linen Shirt Uniqlo - Variant 5783,Clothing,3236,"100% linen, breathable summer fabric, relaxed fit, 8 color options",135,4.3,https://www.amazon.in/s?k=Linen+Shirt+Men+Uniqlo
2029,Kindle Paperwhite - Variant 3459,Electronics,11442,"6.8-inch display, adjustable warm light, waterproof, 3 months free Kindle Unlimited",96,4.5,https://www.amazon.in/s?k=Kindle+Paperwhite+2024
2030,Converse Chuck Taylor - Variant 2682,Shoes,5925,"Classic canvas high-top, rubber sole, available in 20+ colors",273,4.3,https://www.amazon.in/s?k=Converse+Chuck+Taylor+High+Top
2031,Backpack Osprey 40L - Variant 6031,Accessories,12720,"40L travel pack, TSA-friendly, laptop sleeve, rain cover included",29,4.6,https://www.amazon.in/s?k=Osprey+40L+Backpack
2032,Running Shorts Nike - Variant 7718,Clothing,3044,"Dri-FIT fabric, 7-inch inseam, built-in brief, reflective details",110,4.4,https://www.amazon.in/s?k=Nike+Running+Shorts+DriFIT
2033,Samsung 4K Smart TV 55inch - Variant 8499,Electronics,67948,"Crystal UHD display, built-in Alexa, HDR10+, 3 HDMI ports",9,4.6,https://www.amazon.in/s?k=Samsung+4K+Smart+TV+55inch
2034,Adidas Ultraboost 22 - Variant 8613,Shoes,13459,"Responsive Boost midsole, Primeknit upper, Continental rubber outsole",39,4.5,https://www.amazon.in/s?k=Adidas+Ultraboost+22
2035,Omega-3 Fish Oil - Variant 2015,Health,1669,"1200mg EPA+DHA per serving, enteric coated, 90 softgels, no fishy aftertaste",230,4.5,https://www.amazon.in/s?k=Omega+3+Fish+Oil+1200mg
2036,Omega-3 Fish Oil - Variant 9189,Health,1534,"1200mg EPA+DHA per serving, enteric coated, 90 softgels, no fishy aftertaste",146,4.9,https://www.amazon.in/s?k=Omega+3+Fish+Oil+1200mg
2037,Adidas Ultraboost 22 - Variant 3971,Shoes,15179,"Responsive Boost midsole, Primeknit upper, Continental rubber outsole",31,4.3,https://www.amazon.in/s?k=Adidas+Ultraboost+22
2038,Atomic Habits Workbook - Variant 7580,Books,1382,Companion workbook to Atomic Habits with exercises and habit trackers,94,4.6,https://www.amazon.in/s?k=Atomic+Habits+Workbook
2039,Luggage Samsonite 28inch - Variant 3737,Accessories,18452,"Hardside spinner, TSA lock, expandable, lightweight polycarbonate shell",33,4.4,https://www.amazon.in/s?k=Samsonite+28+inch+Hardside+Luggage
2040,Yoga Mat Premium - Variant 3440,Sports,3457,"Non-slip 6mm thick mat, eco-friendly TPE material, includes carry strap",77,4.1,https://www.amazon.in/s?k=Premium+Yoga+Mat
2041,Wireless Mouse Logitech - Variant 4639,Electronics,3183,"MX Master 3, ergonomic design, 4000 DPI, multi-device support",61,4.7,https://www.amazon.in/s?k=Logitech+MX+Master+3
2042,Adidas Ultraboost 22 - Variant 3991,Shoes,15009,"Responsive Boost midsole, Primeknit upper, Continental rubber outsole",33,4.4,https://www.amazon.in/s?k=Adidas+Ultraboost+22
2043,Face Wash CeraVe - Variant 3268,Beauty,1119,"Hydrating cleanser with ceramides and hyaluronic acid, 16oz, all skin types",327,4.6,https://www.amazon.in/s?k=CeraVe+Hydrating+Face+Wash
2044,Atomic Habits Book - Variant 6671,Books,1497,James Clear's guide to building good habits and breaking bad ones,270,5.0,https://www.amazon.in/s?k=Atomic+Habits+James+Clear
2045,Protein Powder Whey - Variant 9784,Health,4110,"25g protein per serving, chocolate flavor, 5lb bag, no artificial colors",66,4.7,https://www.amazon.in/s?k=Whey+Protein+Powder+Chocolate
2046,The Alchemist Book - Variant 1806,Books,1352,Paulo Coelho's masterpiece about following your dreams and personal legend,244,5.0,https://www.amazon.in/s?k=The+Alchemist+Paulo+Coelho
2047,Protein Powder Whey - Variant 9455,Health,4737,"25g protein per serving, chocolate flavor, 5lb bag, no artificial colors",41,4.4,https://www.amazon.in/s?k=Whey+Protein+Powder+Chocolate
2048,Nike Air Max 270 - Variant 7542,Shoes,12528,"Lightweight running shoe with Air Max cushioning, great for daily use",70,4.3,https://www.amazon.in/s?k=Nike+Air+Max+270
2049,Omega-3 Fish Oil - Variant 1313,Health,1675,"1200mg EPA+DHA per serving, enteric coated, 90 softgels, no fishy aftertaste",179,4.7,https://www.amazon.in/s?k=Omega+3+Fish+Oil+1200mg
2050,Instant Pot Duo 7-in-1 - Variant 7643,Kitchen,8083,"Pressure cooker, slow cooker, rice cooker, steamer, saute, yogurt maker",110,4.8,https://www.amazon.in/s?k=Instant+Pot+Duo
2051,Multivitamin Men's - Variant 8753,Health,2056,"23 essential vitamins and minerals, once daily, 90 tablets, no artificial colors",157,4.5,https://www.amazon.in/s?k=Mens+Multivitamin+Daily
2052,Face Wash CeraVe - Variant 7744,Beauty,1211,"Hydrating cleanser with ceramides and hyaluronic acid, 16oz, all skin types",264,4.8,https://www.amazon.in/s?k=CeraVe+Hydrating+Face+Wash
2053,iPad Air 11inch - Variant 4525,Electronics,40978,"M2 chip, 11-inch Liquid Retina display, Apple Pencil Pro support, 256GB",24,5.0,https://www.amazon.in/s?k=iPad+Air+M2+11inch
2054,Backpack Osprey 40L - Variant 6345,Accessories,15814,"40L travel pack, TSA-friendly, laptop sleeve, rain cover included",52,4.6,https://www.amazon.in/s?k=Osprey+40L+Backpack
2055,Leather Wallet Slim - Variant 4363,Accessories,2246,"Genuine leather, RFID blocking, 8 card slots, minimalist design",194,4.5,https://www.amazon.in/s?k=Slim+Leather+Wallet+RFID
2056,Converse Chuck Taylor - Variant 1636,Shoes,5332,"Classic canvas high-top, rubber sole, available in 20+ colors",188,4.3,https://www.amazon.in/s?k=Converse+Chuck+Taylor+High+Top
2057,iPad Air 11inch - Variant 2320,Electronics,56066,"M2 chip, 11-inch Liquid Retina display, Apple Pencil Pro support, 256GB",22,5.0,https://www.amazon.in/s?k=iPad+Air+M2+11inch
2058,Webcam Logitech 4K - Variant 6303,Electronics,14009,"4K Ultra HD, auto-focus, built-in mic, works with Zoom and Teams",52,4.6,https://www.amazon.in/s?k=Logitech+4K+Webcam
2059,Creatine Monohydrate - Variant 5267,Health,2554,"Micronized creatine, 5g per serving, unflavored, 60 servings, lab tested",127,4.6,https://www.amazon.in/s?k=Creatine+Monohydrate+Micronized
2060,Kindle Paperwhite - Variant 9106,Electronics,13134,"6.8-inch display, adjustable warm light, waterproof, 3 months free Kindle Unlimited",95,4.7,https://www.amazon.in/s?k=Kindle+Paperwhite+2024
2061,Nike Air Max 270 - Variant 8178,Shoes,11871,"Lightweight running shoe with Air Max cushioning, great for daily use",35,4.5,https://www.amazon.in/s?k=Nike+Air+Max+270
2062,Retinol Night Cream - Variant 9669,Beauty,2417,"0.5% retinol with peptides, reduces fine lines, fragrance-free, 50ml",86,4.6,https://www.amazon.in/s?k=Retinol+Night+Cream+0.5+percent
2063,Dumbbell Set Adjustable - Variant 8108,Sports,11626,"5-52.5 lbs per dumbbell, replaces 15 sets, fast adjust dial system",19,4.8,https://www.amazon.in/s?k=Adjustable+Dumbbell+Set
2064,Hiking Boots Merrell - Variant 9320,Shoes,10255,"Waterproof leather, Vibram outsole, air cushion heel, ankle support",24,4.8,https://www.amazon.in/s?k=Merrell+Hiking+Boots+Waterproof
2065,Face Wash CeraVe - Variant 2146,Beauty,1352,"Hydrating cleanser with ceramides and hyaluronic acid, 16oz, all skin types",150,4.6,https://www.amazon.in/s?k=CeraVe+Hydrating+Face+Wash
2066,New Balance 990v6 - Variant 5455,Shoes,17493,"Made in USA, premium suede and mesh upper, ENCAP midsole technology",42,4.8,https://www.amazon.in/s?k=New+Balance+990v6
2067,Levi's 501 Jeans - Variant 2183,Clothing,5063,"Classic straight fit jeans, durable denim, available in multiple washes",147,4.3,https://www.amazon.in/s?k=Levis+501+Jeans
2068,Air Fryer Ninja 6qt - Variant 4488,Kitchen,9450,"6-quart capacity, 4-in-1 functionality, up to 75% less fat, dishwasher safe",38,4.5,https://www.amazon.in/s?k=Ninja+Air+Fryer+6qt
2069,Sunglasses Polarized - Variant 4977,Accessories,2060,"UV400 protection, polarized lenses, lightweight frame, unisex design",146,4.1,https://www.amazon.in/s?k=Polarized+Sunglasses+UV400
2070,Hoodie Champion Reverse Weave - Variant 2720,Clothing,6097,"Heavyweight fleece, reverse weave construction, kangaroo pocket",116,4.8,https://www.amazon.in/s?k=Champion+Reverse+Weave+Hoodie
2071,Hiking Boots Merrell - Variant 9917,Shoes,10394,"Waterproof leather, Vibram outsole, air cushion heel, ankle support",65,4.4,https://www.amazon.in/s?k=Merrell+Hiking+Boots+Waterproof
2072,Coffee Maker Drip - Variant 8107,Kitchen,3407,"12-cup programmable coffee maker, built-in grinder, thermal carafe",79,4.5,https://www.amazon.in/s?k=Drip+Coffee+Maker
2073,Vitamin C Serum - Variant 5051,Beauty,2286,"20% Vitamin C with hyaluronic acid, brightens skin, reduces dark spots",104,4.4,https://www.amazon.in/s?k=Vitamin+C+Serum+20+percent
2074,Harry Potter Box Set - Variant 2982,Books,5595,"Complete 7-book hardcover collection, illustrated edition",27,4.8,https://www.amazon.in/s?k=Harry+Potter+Box+Set+Hardcover
2075,Hoodie Champion Reverse Weave - Variant 1374,Clothing,4530,"Heavyweight fleece, reverse weave construction, kangaroo pocket",70,4.7,https://www.amazon.in/s?k=Champion+Reverse+Weave+Hoodie
2076,Face Wash CeraVe - Variant 5018,Beauty,1307,"Hydrating cleanser with ceramides and hyaluronic acid, 16oz, all skin types",178,4.6,https://www.amazon.in/s?k=CeraVe+Hydrating+Face+Wash
2077,Kindle Paperwhite - Variant 4307,Electronics,13387,"6.8-inch display, adjustable warm light, waterproof, 3 months free Kindle Unlimited",73,4.5,https://www.amazon.in/s?k=Kindle+Paperwhite+2024
2078,Protein Powder Whey - Variant 6293,Health,4053,"25g protein per serving, chocolate flavor, 5lb bag, no artificial colors",58,4.6,https://www.amazon.in/s?k=Whey+Protein+Powder+Chocolate
2079,Mechanical Keyboard RGB - Variant 8355,Electronics,7656,"TKL layout, Cherry MX switches, per-key RGB lighting, USB-C",50,4.5,https://www.amazon.in/s?k=Mechanical+Keyboard+RGB
2080,iPad Air 11inch - Variant 5761,Electronics,56270,"M2 chip, 11-inch Liquid Retina display, Apple Pencil Pro support, 256GB",20,4.8,https://www.amazon.in/s?k=iPad+Air+M2+11inch
2081,Vitamin C Serum - Variant 1859,Beauty,2030,"20% Vitamin C with hyaluronic acid, brightens skin, reduces dark spots",120,4.4,https://www.amazon.in/s?k=Vitamin+C+Serum+20+percent
2082,Adidas Ultraboost 22 - Variant 8125,Shoes,18884,"Responsive Boost midsole, Primeknit upper, Continental rubber outsole",86,4.7,https://www.amazon.in/s?k=Adidas+Ultraboost+22
2083,Omega-3 Fish Oil - Variant 6783,Health,1890,"1200mg EPA+DHA per serving, enteric coated, 90 softgels, no fishy aftertaste",112,4.7,https://www.amazon.in/s?k=Omega+3+Fish+Oil+1200mg
2084,Coffee Maker Drip - Variant 7068,Kitchen,4312,"12-cup programmable coffee maker, built-in grinder, thermal carafe",67,4.1,https://www.amazon.in/s?k=Drip+Coffee+Maker
2085,The Alchemist Book - Variant 9144,Books,1343,Paulo Coelho's masterpiece about following your dreams and personal legend,150,4.8,https://www.amazon.in/s?k=The+Alchemist+Paulo+Coelho
2086,Luggage Samsonite 28inch - Variant 1343,Accessories,16029,"Hardside spinner, TSA lock, expandable, lightweight polycarbonate shell",32,4.4,https://www.amazon.in/s?k=Samsonite+28+inch+Hardside+Luggage
2087,Rich Dad Poor Dad - Variant 5387,Books,1153,"Robert Kiyosaki's personal finance classic, updated 25th anniversary edition",180,4.6,https://www.amazon.in/s?k=Rich+Dad+Poor+Dad+Kiyosaki
2088,The Alchemist Book - Variant 1284,Books,1400,Paulo Coelho's masterpiece about following your dreams and personal legend,296,5.0,https://www.amazon.in/s?k=The+Alchemist+Paulo+Coelho
2089,Multivitamin Men's - Variant 1865,Health,2077,"23 essential vitamins and minerals, once daily, 90 tablets, no artificial colors",83,4.5,https://www.amazon.in/s?k=Mens+Multivitamin+Daily
2090,Face Wash CeraVe - Variant 7707,Beauty,1303,"Hydrating cleanser with ceramides and hyaluronic acid, 16oz, all skin types",190,4.8,https://www.amazon.in/s?k=CeraVe+Hydrating+Face+Wash
2091,Converse Chuck Taylor - Variant 8569,Shoes,4711,"Classic canvas high-top, rubber sole, available in 20+ colors",195,4.7,https://www.amazon.in/s?k=Converse+Chuck+Taylor+High+Top
2092,Sony WH-1000XM5 - Variant 7849,Electronics,32704,"Industry-leading noise cancellation, 30hr battery, multipoint connection",33,4.7,https://www.amazon.in/s?k=Sony+WH-1000XM5
2093,Atomic Habits Workbook - Variant 5450,Books,1460,Companion workbook to Atomic Habits with exercises and habit trackers,140,4.2,https://www.amazon.in/s?k=Atomic+Habits+Workbook
2094,Converse Chuck Taylor - Variant 9286,Shoes,5165,"Classic canvas high-top, rubber sole, available in 20+ colors",234,4.4,https://www.amazon.in/s?k=Converse+Chuck+Taylor+High+Top
2095,Stand Mixer KitchenAid - Variant 3579,Kitchen,29845,"5-quart bowl, 10 speeds, 59 attachments compatible, tilt-head design",16,4.7,https://www.amazon.in/s?k=KitchenAid+Stand+Mixer+5qt
2096,Levi's Denim Jacket - Variant 6089,Clothing,6779,"Classic trucker jacket, 100% cotton denim, multiple color options",96,4.5,https://www.amazon.in/s?k=Levis+Denim+Jacket+Trucker
2097,Dell 27inch Monitor - Variant 1659,Electronics,32773,"IPS panel, 165Hz refresh rate, 1ms response time, USB-C, FreeSync",20,4.5,https://www.amazon.in/s?k=Dell+27+inch+165Hz+Monitor
2098,Vitamin C Serum - Variant 6357,Beauty,2192,"20% Vitamin C with hyaluronic acid, brightens skin, reduces dark spots",102,3.9,https://www.amazon.in/s?k=Vitamin+C+Serum+20+percent
2099,Webcam Logitech 4K - Variant 1260,Electronics,14428,"4K Ultra HD, auto-focus, built-in mic, works with Zoom and Teams",33,4.4,https://www.amazon.in/s?k=Logitech+4K+Webcam
2100,Blender Vitamix A2500 - Variant 8580,Kitchen,35055,"Variable speed control, 3 program settings, self-cleaning, 64oz container",20,5.0,https://www.amazon.in/s?k=Vitamix+A2500+Blender
2101,Wireless Mouse Logitech - Variant 9494,Electronics,2800,"MX Master 3, ergonomic design, 4000 DPI, multi-device support",55,4.5,https://www.amazon.in/s?k=Logitech+MX+Master+3
2102,Hoodie Champion Reverse Weave - Variant 2107,Clothing,4730,"Heavyweight fleece, reverse weave construction, kangaroo pocket",83,4.4,https://www.amazon.in/s?k=Champion+Reverse+Weave+Hoodie
2103,Dell 27inch Monitor - Variant 7187,Electronics,30092,"IPS panel, 165Hz refresh rate, 1ms response time, USB-C, FreeSync",9,4.9,https://www.amazon.in/s?k=Dell+27+inch+165Hz+Monitor
2104,Running Shorts Nike - Variant 9518,Clothing,2918,"Dri-FIT fabric, 7-inch inseam, built-in brief, reflective details",126,4.6,https://www.amazon.in/s?k=Nike+Running+Shorts+DriFIT
2105,Leather Wallet Slim - Variant 5397,Accessories,2380,"Genuine leather, RFID blocking, 8 card slots, minimalist design",138,4.6,https://www.amazon.in/s?k=Slim+Leather+Wallet+RFID
2106,iPad Air 11inch - Variant 9494,Electronics,54342,"M2 chip, 11-inch Liquid Retina display, Apple Pencil Pro support, 256GB",11,4.8,https://www.amazon.in/s?k=iPad+Air+M2+11inch
2107,Dell 27inch Monitor - Variant 7929,Electronics,28902,"IPS panel, 165Hz refresh rate, 1ms response time, USB-C, FreeSync",15,4.6,https://www.amazon.in/s?k=Dell+27+inch+165Hz+Monitor
2108,Leather Wallet Slim - Variant 5959,Accessories,2454,"Genuine leather, RFID blocking, 8 card slots, minimalist design",118,4.3,https://www.amazon.in/s?k=Slim+Leather+Wallet+RFID
2109,Creatine Monohydrate - Variant 3910,Health,2574,"Micronized creatine, 5g per serving, unflavored, 60 servings, lab tested",97,4.9,https://www.amazon.in/s?k=Creatine+Monohydrate+Micronized
2110,Hiking Boots Merrell - Variant 9748,Shoes,13658,"Waterproof leather, Vibram outsole, air cushion heel, ankle support",26,4.8,https://www.amazon.in/s?k=Merrell+Hiking+Boots+Waterproof
2111,Backpack Osprey 40L - Variant 2725,Accessories,11783,"40L travel pack, TSA-friendly, laptop sleeve, rain cover included",56,4.5,https://www.amazon.in/s?k=Osprey+40L+Backpack
2112,Creatine Monohydrate - Variant 4668,Health,2739,"Micronized creatine, 5g per serving, unflavored, 60 servings, lab tested",144,4.8,https://www.amazon.in/s?k=Creatine+Monohydrate+Micronized
2113,Adidas Ultraboost 22 - Variant 1962,Shoes,17586,"Responsive Boost midsole, Primeknit upper, Continental rubber outsole",47,4.4,https://www.amazon.in/s?k=Adidas+Ultraboost+22
2114,The Alchemist Book - Variant 6574,Books,1254,Paulo Coelho's masterpiece about following your dreams and personal legend,297,4.7,https://www.amazon.in/s?k=The+Alchemist+Paulo+Coelho
2115,Sunscreen SPF 50 EltaMD - Variant 3717,Beauty,2889,"Broad spectrum UV protection, oil-free, dermatologist recommended, 3oz",42,4.7,https://www.amazon.in/s?k=EltaMD+Sunscreen+SPF+50
2116,Instant Pot Duo 7-in-1 - Variant 9727,Kitchen,8530,"Pressure cooker, slow cooker, rice cooker, steamer, saute, yogurt maker",49,4.7,https://www.amazon.in/s?k=Instant+Pot+Duo
2117,iPad Air 11inch - Variant 9023,Electronics,43884,"M2 chip, 11-inch Liquid Retina display, Apple Pencil Pro support, 256GB",24,4.5,https://www.amazon.in/s?k=iPad+Air+M2+11inch
2118,Atomic Habits Workbook - Variant 8560,Books,1195,Companion workbook to Atomic Habits with exercises and habit trackers,121,4.4,https://www.amazon.in/s?k=Atomic+Habits+Workbook
2119,Face Wash CeraVe - Variant 5218,Beauty,1113,"Hydrating cleanser with ceramides and hyaluronic acid, 16oz, all skin types",184,4.5,https://www.amazon.in/s?k=CeraVe+Hydrating+Face+Wash
2120,Sunglasses Polarized - Variant 5609,Accessories,2005,"UV400 protection, polarized lenses, lightweight frame, unisex design",121,4.3,https://www.amazon.in/s?k=Polarized+Sunglasses+UV400
2121,Instant Pot Duo 7-in-1 - Variant 9062,Kitchen,7120,"Pressure cooker, slow cooker, rice cooker, steamer, saute, yogurt maker",88,4.6,https://www.amazon.in/s?k=Instant+Pot+Duo
2122,Coffee Maker Drip - Variant 4224,Kitchen,3554,"12-cup programmable coffee maker, built-in grinder, thermal carafe",72,4.4,https://www.amazon.in/s?k=Drip+Coffee+Maker
2123,Levi's Denim Jacket - Variant 7803,Clothing,8319,"Classic trucker jacket, 100% cotton denim, multiple color options",88,4.2,https://www.amazon.in/s?k=Levis+Denim+Jacket+Trucker
2124,Linen Shirt Uniqlo - Variant 2975,Clothing,3794,"100% linen, breathable summer fabric, relaxed fit, 8 color options",199,4.3,https://www.amazon.in/s?k=Linen+Shirt+Men+Uniqlo
2125,Sunglasses Polarized - Variant 1922,Accessories,2730,"UV400 protection, polarized lenses, lightweight frame, unisex design",56,3.8,https://www.amazon.in/s?k=Polarized+Sunglasses+UV400
2126,Sunglasses Polarized - Variant 6451,Accessories,2043,"UV400 protection, polarized lenses, lightweight frame, unisex design",91,3.9,https://www.amazon.in/s?k=Polarized+Sunglasses+UV400
2127,Dumbbell Set Adjustable - Variant 9966,Sports,14058,"5-52.5 lbs per dumbbell, replaces 15 sets, fast adjust dial system",21,5.0,https://www.amazon.in/s?k=Adjustable+Dumbbell+Set
2128,Webcam Logitech 4K - Variant 2434,Electronics,11818,"4K Ultra HD, auto-focus, built-in mic, works with Zoom and Teams",52,4.5,https://www.amazon.in/s?k=Logitech+4K+Webcam
2129,Mechanical Keyboard RGB - Variant 1043,Electronics,5730,"TKL layout, Cherry MX switches, per-key RGB lighting, USB-C",54,4.7,https://www.amazon.in/s?k=Mechanical+Keyboard+RGB
2130,Atomic Habits Book - Variant 7937,Books,1827,James Clear's guide to building good habits and breaking bad ones,339,4.9,https://www.amazon.in/s?k=Atomic+Habits+James+Clear
2131,Sony WH-1000XM5 - Variant 2488,Electronics,25699,"Industry-leading noise cancellation, 30hr battery, multipoint connection",20,4.7,https://www.amazon.in/s?k=Sony+WH-1000XM5
2132,Kindle Paperwhite - Variant 1397,Electronics,13618,"6.8-inch display, adjustable warm light, waterproof, 3 months free Kindle Unlimited",90,4.6,https://www.amazon.in/s?k=Kindle+Paperwhite+2024
2133,Retinol Night Cream - Variant 8289,Beauty,3121,"0.5% retinol with peptides, reduces fine lines, fragrance-free, 50ml",95,4.4,https://www.amazon.in/s?k=Retinol+Night+Cream+0.5+percent
2134,Blender Vitamix A2500 - Variant 5792,Kitchen,42670,"Variable speed control, 3 program settings, self-cleaning, 64oz container",31,4.8,https://www.amazon.in/s?k=Vitamix+A2500+Blender
2135,Yoga Mat Premium - Variant 8884,Sports,3119,"Non-slip 6mm thick mat, eco-friendly TPE material, includes carry strap",85,4.3,https://www.amazon.in/s?k=Premium+Yoga+Mat
2136,Hiking Boots Merrell - Variant 1775,Shoes,10270,"Waterproof leather, Vibram outsole, air cushion heel, ankle support",37,4.8,https://www.amazon.in/s?k=Merrell+Hiking+Boots+Waterproof
2137,Apple AirPods Pro - Variant 5234,Electronics,17277,"Active noise cancellation, transparency mode, spatial audio, wireless charging",38,4.7,https://www.amazon.in/s?k=Apple+AirPods+Pro
2138,Stand Mixer KitchenAid - Variant 6683,Kitchen,28041,"5-quart bowl, 10 speeds, 59 attachments compatible, tilt-head design",11,5.0,https://www.amazon.in/s?k=KitchenAid+Stand+Mixer+5qt
2139,Creatine Monohydrate - Variant 7035,Health,2305,"Micronized creatine, 5g per serving, unflavored, 60 servings, lab tested",128,4.6,https://www.amazon.in/s?k=Creatine+Monohydrate+Micronized
2140,Air Fryer Ninja 6qt - Variant 1743,Kitchen,9030,"6-quart capacity, 4-in-1 functionality, up to 75% less fat, dishwasher safe",81,4.5,https://www.amazon.in/s?k=Ninja+Air+Fryer+6qt
2141,Dell 27inch Monitor - Variant 7288,Electronics,22927,"IPS panel, 165Hz refresh rate, 1ms response time, USB-C, FreeSync",24,4.6,https://www.amazon.in/s?k=Dell+27+inch+165Hz+Monitor
2142,Mechanical Keyboard RGB - Variant 3066,Electronics,6517,"TKL layout, Cherry MX switches, per-key RGB lighting, USB-C",41,4.4,https://www.amazon.in/s?k=Mechanical+Keyboard+RGB
2143,Hiking Boots Merrell - Variant 9045,Shoes,12244,"Waterproof leather, Vibram outsole, air cushion heel, ankle support",29,4.6,https://www.amazon.in/s?k=Merrell+Hiking+Boots+Waterproof
2144,Yoga Mat Premium - Variant 1715,Sports,2577,"Non-slip 6mm thick mat, eco-friendly TPE material, includes carry strap",132,4.2,https://www.amazon.in/s?k=Premium+Yoga+Mat
2145,Linen Shirt Uniqlo - Variant 1807,Clothing,2854,"100% linen, breathable summer fabric, relaxed fit, 8 color options",171,4.2,https://www.amazon.in/s?k=Linen+Shirt+Men+Uniqlo
2146,Multivitamin Men's - Variant 5702,Health,1712,"23 essential vitamins and minerals, once daily, 90 tablets, no artificial colors",112,4.5,https://www.amazon.in/s?k=Mens+Multivitamin+Daily
2147,New Balance 990v6 - Variant 6478,Shoes,16087,"Made in USA, premium suede and mesh upper, ENCAP midsole technology",33,4.4,https://www.amazon.in/s?k=New+Balance+990v6
2148,Dumbbell Set Adjustable - Variant 5697,Sports,13741,"5-52.5 lbs per dumbbell, replaces 15 sets, fast adjust dial system",31,4.9,https://www.amazon.in/s?k=Adjustable+Dumbbell+Set
2149,Linen Shirt Uniqlo - Variant 8905,Clothing,3870,"100% linen, breathable summer fabric, relaxed fit, 8 color options",185,4.1,https://www.amazon.in/s?k=Linen+Shirt+Men+Uniqlo
2150,Dumbbell Set Adjustable - Variant 7383,Sports,11596,"5-52.5 lbs per dumbbell, replaces 15 sets, fast adjust dial system",20,4.7,https://www.amazon.in/s?k=Adjustable+Dumbbell+Set
2151,Multivitamin Men's - Variant 4023,Health,2281,"23 essential vitamins and minerals, once daily, 90 tablets, no artificial colors",124,4.6,https://www.amazon.in/s?k=Mens+Multivitamin+Daily
2152,The Alchemist Book - Variant 4772,Books,1053,Paulo Coelho's masterpiece about following your dreams and personal legend,208,4.9,https://www.amazon.in/s?k=The+Alchemist+Paulo+Coelho
2153,Leather Wallet Slim - Variant 1824,Accessories,1945,"Genuine leather, RFID blocking, 8 card slots, minimalist design",95,4.4,https://www.amazon.in/s?k=Slim+Leather+Wallet+RFID
2154,Rich Dad Poor Dad - Variant 7846,Books,1078,"Robert Kiyosaki's personal finance classic, updated 25th anniversary edition",278,4.7,https://www.amazon.in/s?k=Rich+Dad+Poor+Dad+Kiyosaki
2155,Hoodie Champion Reverse Weave - Variant 2875,Clothing,4444,"Heavyweight fleece, reverse weave construction, kangaroo pocket",112,4.3,https://www.amazon.in/s?k=Champion+Reverse+Weave+Hoodie
2156,New Balance 990v6 - Variant 8930,Shoes,13145,"Made in USA, premium suede and mesh upper, ENCAP midsole technology",22,4.6,https://www.amazon.in/s?k=New+Balance+990v6
2157,Dumbbell Set Adjustable - Variant 2789,Sports,11242,"5-52.5 lbs per dumbbell, replaces 15 sets, fast adjust dial system",44,4.6,https://www.amazon.in/s?k=Adjustable+Dumbbell+Set
2158,Retinol Night Cream - Variant 9403,Beauty,2528,"0.5% retinol with peptides, reduces fine lines, fragrance-free, 50ml",104,4.3,https://www.amazon.in/s?k=Retinol+Night+Cream+0.5+percent
2159,Sunscreen SPF 50 EltaMD - Variant 3504,Beauty,3328,"Broad spectrum UV protection, oil-free, dermatologist recommended, 3oz",50,4.8,https://www.amazon.in/s?k=EltaMD+Sunscreen+SPF+50
2160,Retinol Night Cream - Variant 3145,Beauty,3275,"0.5% retinol with peptides, reduces fine lines, fragrance-free, 50ml",111,4.6,https://www.amazon.in/s?k=Retinol+Night+Cream+0.5+percent
2161,Atomic Habits Workbook - Variant 4143,Books,1538,Companion workbook to Atomic Habits with exercises and habit trackers,160,4.7,https://www.amazon.in/s?k=Atomic+Habits+Workbook
2162,Sunscreen SPF 50 EltaMD - Variant 1988,Beauty,3510,"Broad spectrum UV protection, oil-free, dermatologist recommended, 3oz",116,5.0,https://www.amazon.in/s?k=EltaMD+Sunscreen+SPF+50
2163,Vitamin C Serum - Variant 5040,Beauty,1866,"20% Vitamin C with hyaluronic acid, brightens skin, reduces dark spots",104,4.2,https://www.amazon.in/s?k=Vitamin+C+Serum+20+percent
2164,Running Shorts Nike - Variant 3178,Clothing,3443,"Dri-FIT fabric, 7-inch inseam, built-in brief, reflective details",82,4.2,https://www.amazon.in/s?k=Nike+Running+Shorts+DriFIT
2165,Atomic Habits Workbook - Variant 6587,Books,1462,Companion workbook to Atomic Habits with exercises and habit trackers,112,4.6,https://www.amazon.in/s?k=Atomic+Habits+Workbook
2166,Instant Pot Duo 7-in-1 - Variant 3215,Kitchen,8675,"Pressure cooker, slow cooker, rice cooker, steamer, saute, yogurt maker",105,4.6,https://www.amazon.in/s?k=Instant+Pot+Duo
2167,Running Shorts Nike - Variant 6158,Clothing,2911,"Dri-FIT fabric, 7-inch inseam, built-in brief, reflective details",104,4.2,https://www.amazon.in/s?k=Nike+Running+Shorts+DriFIT
2168,Running Shorts Nike - Variant 1742,Clothing,2378,"Dri-FIT fabric, 7-inch inseam, built-in brief, reflective details",90,4.6,https://www.amazon.in/s?k=Nike+Running+Shorts+DriFIT
2169,Dell 27inch Monitor - Variant 6220,Electronics,30045,"IPS panel, 165Hz refresh rate, 1ms response time, USB-C, FreeSync",12,4.9,https://www.amazon.in/s?k=Dell+27+inch+165Hz+Monitor
2170,The Alchemist Book - Variant 9740,Books,1200,Paulo Coelho's masterpiece about following your dreams and personal legend,170,4.7,https://www.amazon.in/s?k=The+Alchemist+Paulo+Coelho
2171,Linen Shirt Uniqlo - Variant 7756,Clothing,3377,"100% linen, breathable summer fabric, relaxed fit, 8 color options",109,4.5,https://www.amazon.in/s?k=Linen+Shirt+Men+Uniqlo
2172,Nike Air Max 270 - Variant 8446,Shoes,11195,"Lightweight running shoe with Air Max cushioning, great for daily use",47,4.7,https://www.amazon.in/s?k=Nike+Air+Max+270
2173,Hiking Boots Merrell - Variant 4697,Shoes,10034,"Waterproof leather, Vibram outsole, air cushion heel, ankle support",58,4.8,https://www.amazon.in/s?k=Merrell+Hiking+Boots+Waterproof
2174,Sunscreen SPF 50 EltaMD - Variant 4389,Beauty,3384,"Broad spectrum UV protection, oil-free, dermatologist recommended, 3oz",82,4.8,https://www.amazon.in/s?k=EltaMD+Sunscreen+SPF+50
2175,Atomic Habits Workbook - Variant 8515,Books,1270,Companion workbook to Atomic Habits with exercises and habit trackers,159,4.5,https://www.amazon.in/s?k=Atomic+Habits+Workbook
2176,Backpack Osprey 40L - Variant 2162,Accessories,15578,"40L travel pack, TSA-friendly, laptop sleeve, rain cover included",20,4.8,https://www.amazon.in/s?k=Osprey+40L+Backpack
2177,Instant Pot Duo 7-in-1 - Variant 1792,Kitchen,6096,"Pressure cooker, slow cooker, rice cooker, steamer, saute, yogurt maker",79,5.0,https://www.amazon.in/s?k=Instant+Pot+Duo
2178,Running Shorts Nike - Variant 8422,Clothing,2567,"Dri-FIT fabric, 7-inch inseam, built-in brief, reflective details",147,4.3,https://www.amazon.in/s?k=Nike+Running+Shorts+DriFIT
2179,Backpack Osprey 40L - Variant 9265,Accessories,12909,"40L travel pack, TSA-friendly, laptop sleeve, rain cover included",42,4.7,https://www.amazon.in/s?k=Osprey+40L+Backpack
2180,Face Wash CeraVe - Variant 1536,Beauty,1061,"Hydrating cleanser with ceramides and hyaluronic acid, 16oz, all skin types",314,4.5,https://www.amazon.in/s?k=CeraVe+Hydrating+Face+Wash
2181,Levi's 501 Jeans - Variant 2965,Clothing,5523,"Classic straight fit jeans, durable denim, available in multiple washes",124,4.2,https://www.amazon.in/s?k=Levis+501+Jeans
2182,Blender Vitamix A2500 - Variant 8154,Kitchen,43862,"Variable speed control, 3 program settings, self-cleaning, 64oz container",24,4.8,https://www.amazon.in/s?k=Vitamix+A2500+Blender
2183,Hoodie Champion Reverse Weave - Variant 1677,Clothing,6524,"Heavyweight fleece, reverse weave construction, kangaroo pocket",68,4.4,https://www.amazon.in/s?k=Champion+Reverse+Weave+Hoodie
2184,Blender Vitamix A2500 - Variant 9621,Kitchen,32802,"Variable speed control, 3 program settings, self-cleaning, 64oz container",24,4.9,https://www.amazon.in/s?k=Vitamix+A2500+Blender
2185,Wireless Mouse Logitech - Variant 5479,Electronics,2932,"MX Master 3, ergonomic design, 4000 DPI, multi-device support",69,4.5,https://www.amazon.in/s?k=Logitech+MX+Master+3
2186,Hoodie Champion Reverse Weave - Variant 3307,Clothing,6127,"Heavyweight fleece, reverse weave construction, kangaroo pocket",88,4.3,https://www.amazon.in/s?k=Champion+Reverse+Weave+Hoodie
2187,Dell 27inch Monitor - Variant 3305,Electronics,23504,"IPS panel, 165Hz refresh rate, 1ms response time, USB-C, FreeSync",17,4.7,https://www.amazon.in/s?k=Dell+27+inch+165Hz+Monitor
2188,Harry Potter Box Set - Variant 2661,Books,6851,"Complete 7-book hardcover collection, illustrated edition",50,5.0,https://www.amazon.in/s?k=Harry+Potter+Box+Set+Hardcover
2189,Yoga Mat Premium - Variant 6419,Sports,3357,"Non-slip 6mm thick mat, eco-friendly TPE material, includes carry strap",128,4.1,https://www.amazon.in/s?k=Premium+Yoga+Mat
2190,Atomic Habits Workbook - Variant 1535,Books,1456,Companion workbook to Atomic Habits with exercises and habit trackers,95,4.4,https://www.amazon.in/s?k=Atomic+Habits+Workbook
2191,Dumbbell Set Adjustable - Variant 5207,Sports,14917,"5-52.5 lbs per dumbbell, replaces 15 sets, fast adjust dial system",31,4.6,https://www.amazon.in/s?k=Adjustable+Dumbbell+Set
2192,Webcam Logitech 4K - Variant 7612,Electronics,14935,"4K Ultra HD, auto-focus, built-in mic, works with Zoom and Teams",38,4.7,https://www.amazon.in/s?k=Logitech+4K+Webcam
2193,Leather Wallet Slim - Variant 3077,Accessories,1901,"Genuine leather, RFID blocking, 8 card slots, minimalist design",173,4.4,https://www.amazon.in/s?k=Slim+Leather+Wallet+RFID
2194,The Alchemist Book - Variant 8799,Books,1088,Paulo Coelho's masterpiece about following your dreams and personal legend,268,4.8,https://www.amazon.in/s?k=The+Alchemist+Paulo+Coelho
2195,Creatine Monohydrate - Variant 6663,Health,2114,"Micronized creatine, 5g per serving, unflavored, 60 servings, lab tested",128,4.3,https://www.amazon.in/s?k=Creatine+Monohydrate+Micronized
2196,Atomic Habits Book - Variant 4679,Books,1361,James Clear's guide to building good habits and breaking bad ones,391,5.0,https://www.amazon.in/s?k=Atomic+Habits+James+Clear
2197,Mechanical Keyboard RGB - Variant 3326,Electronics,5955,"TKL layout, Cherry MX switches, per-key RGB lighting, USB-C",37,4.6,https://www.amazon.in/s?k=Mechanical+Keyboard+RGB
2198,Stand Mixer KitchenAid - Variant 8806,Kitchen,28857,"5-quart bowl, 10 speeds, 59 attachments compatible, tilt-head design",15,4.7,https://www.amazon.in/s?k=KitchenAid+Stand+Mixer+5qt
2199,Nike Air Max 270 - Variant 9738,Shoes,12040,"Lightweight running shoe with Air Max cushioning, great for daily use",45,4.4,https://www.amazon.in/s?k=Nike+Air+Max+270
2200,Running Shorts Nike - Variant 9377,Clothing,2343,"Dri-FIT fabric, 7-inch inseam, built-in brief, reflective details",112,4.5,https://www.amazon.in/s?k=Nike+Running+Shorts+DriFIT
2201,Webcam Logitech 4K - Variant 7154,Electronics,10883,"4K Ultra HD, auto-focus, built-in mic, works with Zoom and Teams",27,4.3,https://www.amazon.in/s?k=Logitech+4K+Webcam
2202,Vitamin C Serum - Variant 1258,Beauty,2502,"20% Vitamin C with hyaluronic acid, brightens skin, reduces dark spots",213,4.0,https://www.amazon.in/s?k=Vitamin+C+Serum+20+percent
2203,Multivitamin Men's - Variant 1127,Health,1892,"23 essential vitamins and minerals, once daily, 90 tablets, no artificial colors",139,4.6,https://www.amazon.in/s?k=Mens+Multivitamin+Daily
2204,Webcam Logitech 4K - Variant 7835,Electronics,11671,"4K Ultra HD, auto-focus, built-in mic, works with Zoom and Teams",47,4.3,https://www.amazon.in/s?k=Logitech+4K+Webcam
2205,Levi's 501 Jeans - Variant 6665,Clothing,4221,"Classic straight fit jeans, durable denim, available in multiple washes",138,4.5,https://www.amazon.in/s?k=Levis+501+Jeans
2206,Stand Mixer KitchenAid - Variant 8622,Kitchen,34765,"5-quart bowl, 10 speeds, 59 attachments compatible, tilt-head design",7,4.8,https://www.amazon.in/s?k=KitchenAid+Stand+Mixer+5qt
2207,Backpack Osprey 40L - Variant 9531,Accessories,15535,"40L travel pack, TSA-friendly, laptop sleeve, rain cover included",28,4.8,https://www.amazon.in/s?k=Osprey+40L+Backpack
2208,Instant Pot Duo 7-in-1 - Variant 2192,Kitchen,8037,"Pressure cooker, slow cooker, rice cooker, steamer, saute, yogurt maker",103,4.7,https://www.amazon.in/s?k=Instant+Pot+Duo
2209,Face Wash CeraVe - Variant 4274,Beauty,1122,"Hydrating cleanser with ceramides and hyaluronic acid, 16oz, all skin types",137,4.5,https://www.amazon.in/s?k=CeraVe+Hydrating+Face+Wash
2210,Air Fryer Ninja 6qt - Variant 6482,Kitchen,10594,"6-quart capacity, 4-in-1 functionality, up to 75% less fat, dishwasher safe",37,4.8,https://www.amazon.in/s?k=Ninja+Air+Fryer+6qt
2211,Coffee Maker Drip - Variant 8220,Kitchen,3536,"12-cup programmable coffee maker, built-in grinder, thermal carafe",51,4.2,https://www.amazon.in/s?k=Drip+Coffee+Maker
2212,Kindle Paperwhite - Variant 7606,Electronics,9992,"6.8-inch display, adjustable warm light, waterproof, 3 months free Kindle Unlimited",72,5.0,https://www.amazon.in/s?k=Kindle+Paperwhite+2024
2213,Jump Rope Speed - Variant 6168,Sports,1512,"Adjustable steel cable, ball bearing handles, suitable for all fitness levels",153,4.5,https://www.amazon.in/s?k=Speed+Jump+Rope+Adjustable
2214,Retinol Night Cream - Variant 6740,Beauty,2674,"0.5% retinol with peptides, reduces fine lines, fragrance-free, 50ml",96,4.4,https://www.amazon.in/s?k=Retinol+Night+Cream+0.5+percent
2215,Mechanical Keyboard RGB - Variant 5060,Electronics,6067,"TKL layout, Cherry MX switches, per-key RGB lighting, USB-C",33,4.3,https://www.amazon.in/s?k=Mechanical+Keyboard+RGB
2216,Webcam Logitech 4K - Variant 2345,Electronics,10449,"4K Ultra HD, auto-focus, built-in mic, works with Zoom and Teams",67,4.7,https://www.amazon.in/s?k=Logitech+4K+Webcam
2217,Coffee Maker Drip - Variant 4457,Kitchen,4705,"12-cup programmable coffee maker, built-in grinder, thermal carafe",35,4.4,https://www.amazon.in/s?k=Drip+Coffee+Maker
2218,Jump Rope Speed - Variant 4073,Sports,1402,"Adjustable steel cable, ball bearing handles, suitable for all fitness levels",195,4.4,https://www.amazon.in/s?k=Speed+Jump+Rope+Adjustable
2219,iPad Air 11inch - Variant 1801,Electronics,40036,"M2 chip, 11-inch Liquid Retina display, Apple Pencil Pro support, 256GB",23,4.7,https://www.amazon.in/s?k=iPad+Air+M2+11inch
2220,Luggage Samsonite 28inch - Variant 6404,Accessories,18931,"Hardside spinner, TSA lock, expandable, lightweight polycarbonate shell",33,4.9,https://www.amazon.in/s?k=Samsonite+28+inch+Hardside+Luggage
2221,Protein Powder Whey - Variant 7381,Health,4798,"25g protein per serving, chocolate flavor, 5lb bag, no artificial colors",36,4.6,https://www.amazon.in/s?k=Whey+Protein+Powder+Chocolate
2222,Apple AirPods Pro - Variant 3988,Electronics,17513,"Active noise cancellation, transparency mode, spatial audio, wireless charging",20,4.6,https://www.amazon.in/s?k=Apple+AirPods+Pro
2223,Protein Powder Whey - Variant 1346,Health,5054,"25g protein per serving, chocolate flavor, 5lb bag, no artificial colors",47,4.7,https://www.amazon.in/s?k=Whey+Protein+Powder+Chocolate
2224,Sunglasses Polarized - Variant 4057,Accessories,2377,"UV400 protection, polarized lenses, lightweight frame, unisex design",140,4.4,https://www.amazon.in/s?k=Polarized+Sunglasses+UV400
2225,Leather Wallet Slim - Variant 4352,Accessories,2494,"Genuine leather, RFID blocking, 8 card slots, minimalist design",194,4.4,https://www.amazon.in/s?k=Slim+Leather+Wallet+RFID
2226,Blender Vitamix A2500 - Variant 4499,Kitchen,44716,"Variable speed control, 3 program settings, self-cleaning, 64oz container",26,4.9,https://www.amazon.in/s?k=Vitamix+A2500+Blender
2227,Sunscreen SPF 50 EltaMD - Variant 9363,Beauty,3702,"Broad spectrum UV protection, oil-free, dermatologist recommended, 3oz",123,4.8,https://www.amazon.in/s?k=EltaMD+Sunscreen+SPF+50
2228,Atomic Habits Book - Variant 7677,Books,1813,James Clear's guide to building good habits and breaking bad ones,161,5.0,https://www.amazon.in/s?k=Atomic+Habits+James+Clear
2229,Instant Pot Duo 7-in-1 - Variant 7611,Kitchen,7604,"Pressure cooker, slow cooker, rice cooker, steamer, saute, yogurt maker",58,4.8,https://www.amazon.in/s?k=Instant+Pot+Duo
2230,Converse Chuck Taylor - Variant 1176,Shoes,6047,"Classic canvas high-top, rubber sole, available in 20+ colors",157,4.7,https://www.amazon.in/s?k=Converse+Chuck+Taylor+High+Top
2231,Apple AirPods Pro - Variant 2719,Electronics,21146,"Active noise cancellation, transparency mode, spatial audio, wireless charging",29,5.0,https://www.amazon.in/s?k=Apple+AirPods+Pro
2232,Instant Pot Duo 7-in-1 - Variant 7860,Kitchen,7382,"Pressure cooker, slow cooker, rice cooker, steamer, saute, yogurt maker",45,4.6,https://www.amazon.in/s?k=Instant+Pot+Duo
2233,Yoga Mat Premium - Variant 9924,Sports,2664,"Non-slip 6mm thick mat, eco-friendly TPE material, includes carry strap",107,4.3,https://www.amazon.in/s?k=Premium+Yoga+Mat
2234,Sunscreen SPF 50 EltaMD - Variant 9063,Beauty,2761,"Broad spectrum UV protection, oil-free, dermatologist recommended, 3oz",48,5.0,https://www.amazon.in/s?k=EltaMD+Sunscreen+SPF+50
2235,Atomic Habits Book - Variant 8199,Books,1694,James Clear's guide to building good habits and breaking bad ones,249,4.9,https://www.amazon.in/s?k=Atomic+Habits+James+Clear
2236,Vitamin C Serum - Variant 5154,Beauty,1940,"20% Vitamin C with hyaluronic acid, brightens skin, reduces dark spots",134,4.3,https://www.amazon.in/s?k=Vitamin+C+Serum+20+percent
2237,Multivitamin Men's - Variant 4789,Health,2308,"23 essential vitamins and minerals, once daily, 90 tablets, no artificial colors",131,4.3,https://www.amazon.in/s?k=Mens+Multivitamin+Daily
2238,Hiking Boots Merrell - Variant 6784,Shoes,12715,"Waterproof leather, Vibram outsole, air cushion heel, ankle support",29,4.6,https://www.amazon.in/s?k=Merrell+Hiking+Boots+Waterproof
2239,Coffee Maker Drip - Variant 2032,Kitchen,4000,"12-cup programmable coffee maker, built-in grinder, thermal carafe",50,4.2,https://www.amazon.in/s?k=Drip+Coffee+Maker
2240,Running Shorts Nike - Variant 2208,Clothing,2688,"Dri-FIT fabric, 7-inch inseam, built-in brief, reflective details",137,4.4,https://www.amazon.in/s?k=Nike+Running+Shorts+DriFIT
2241,New Balance 990v6 - Variant 9396,Shoes,12955,"Made in USA, premium suede and mesh upper, ENCAP midsole technology",48,4.9,https://www.amazon.in/s?k=New+Balance+990v6
2242,Rich Dad Poor Dad - Variant 6878,Books,919,"Robert Kiyosaki's personal finance classic, updated 25th anniversary edition",156,4.6,https://www.amazon.in/s?k=Rich+Dad+Poor+Dad+Kiyosaki
2243,Harry Potter Box Set - Variant 3661,Books,6785,"Complete 7-book hardcover collection, illustrated edition",50,4.7,https://www.amazon.in/s?k=Harry+Potter+Box+Set+Hardcover
2244,Retinol Night Cream - Variant 2106,Beauty,2318,"0.5% retinol with peptides, reduces fine lines, fragrance-free, 50ml",132,4.5,https://www.amazon.in/s?k=Retinol+Night+Cream+0.5+percent
2245,Sunglasses Polarized - Variant 9480,Accessories,2700,"UV400 protection, polarized lenses, lightweight frame, unisex design",60,4.3,https://www.amazon.in/s?k=Polarized+Sunglasses+UV400
2246,Atomic Habits Workbook - Variant 5659,Books,1678,Companion workbook to Atomic Habits with exercises and habit trackers,115,4.6,https://www.amazon.in/s?k=Atomic+Habits+Workbook
2247,Hoodie Champion Reverse Weave - Variant 7867,Clothing,5439,"Heavyweight fleece, reverse weave construction, kangaroo pocket",109,4.4,https://www.amazon.in/s?k=Champion+Reverse+Weave+Hoodie
2248,Face Wash CeraVe - Variant 1271,Beauty,1103,"Hydrating cleanser with ceramides and hyaluronic acid, 16oz, all skin types",173,4.6,https://www.amazon.in/s?k=CeraVe+Hydrating+Face+Wash
2249,Webcam Logitech 4K - Variant 8104,Electronics,11659,"4K Ultra HD, auto-focus, built-in mic, works with Zoom and Teams",52,4.7,https://www.amazon.in/s?k=Logitech+4K+Webcam
2250,Harry Potter Box Set - Variant 7304,Books,5979,"Complete 7-book hardcover collection, illustrated edition",24,4.8,https://www.amazon.in/s?k=Harry+Potter+Box+Set+Hardcover
2251,Webcam Logitech 4K - Variant 9320,Electronics,11521,"4K Ultra HD, auto-focus, built-in mic, works with Zoom and Teams",50,4.3,https://www.amazon.in/s?k=Logitech+4K+Webcam
2252,Hiking Boots Merrell - Variant 7895,Shoes,13652,"Waterproof leather, Vibram outsole, air cushion heel, ankle support",43,5.0,https://www.amazon.in/s?k=Merrell+Hiking+Boots+Waterproof
2253,New Balance 990v6 - Variant 3023,Shoes,15090,"Made in USA, premium suede and mesh upper, ENCAP midsole technology",41,4.4,https://www.amazon.in/s?k=New+Balance+990v6
2254,Luggage Samsonite 28inch - Variant 8459,Accessories,13345,"Hardside spinner, TSA lock, expandable, lightweight polycarbonate shell",24,4.7,https://www.amazon.in/s?k=Samsonite+28+inch+Hardside+Luggage
2255,The Alchemist Book - Variant 5266,Books,1101,Paulo Coelho's masterpiece about following your dreams and personal legend,174,5.0,https://www.amazon.in/s?k=The+Alchemist+Paulo+Coelho
2256,New Balance 990v6 - Variant 2535,Shoes,15113,"Made in USA, premium suede and mesh upper, ENCAP midsole technology",19,4.4,https://www.amazon.in/s?k=New+Balance+990v6
2257,Harry Potter Box Set - Variant 5026,Books,6772,"Complete 7-book hardcover collection, illustrated edition",33,5.0,https://www.amazon.in/s?k=Harry+Potter+Box+Set+Hardcover
2258,Coffee Maker Drip - Variant 3372,Kitchen,3422,"12-cup programmable coffee maker, built-in grinder, thermal carafe",42,4.3,https://www.amazon.in/s?k=Drip+Coffee+Maker
2259,Stand Mixer KitchenAid - Variant 1945,Kitchen,32553,"5-quart bowl, 10 speeds, 59 attachments compatible, tilt-head design",10,4.7,https://www.amazon.in/s?k=KitchenAid+Stand+Mixer+5qt
2260,Air Fryer Ninja 6qt - Variant 3247,Kitchen,9052,"6-quart capacity, 4-in-1 functionality, up to 75% less fat, dishwasher safe",45,4.6,https://www.amazon.in/s?k=Ninja+Air+Fryer+6qt
2261,Retinol Night Cream - Variant 3017,Beauty,2533,"0.5% retinol with peptides, reduces fine lines, fragrance-free, 50ml",94,4.5,https://www.amazon.in/s?k=Retinol+Night+Cream+0.5+percent
2262,Protein Powder Whey - Variant 7975,Health,5369,"25g protein per serving, chocolate flavor, 5lb bag, no artificial colors",32,4.4,https://www.amazon.in/s?k=Whey+Protein+Powder+Chocolate
2263,Coffee Maker Drip - Variant 7380,Kitchen,4608,"12-cup programmable coffee maker, built-in grinder, thermal carafe",42,4.1,https://www.amazon.in/s?k=Drip+Coffee+Maker
2264,Adidas Ultraboost 22 - Variant 3263,Shoes,13231,"Responsive Boost midsole, Primeknit upper, Continental rubber outsole",36,4.8,https://www.amazon.in/s?k=Adidas+Ultraboost+22
2265,Sunscreen SPF 50 EltaMD - Variant 1951,Beauty,3670,"Broad spectrum UV protection, oil-free, dermatologist recommended, 3oz",85,4.8,https://www.amazon.in/s?k=EltaMD+Sunscreen+SPF+50
2266,Harry Potter Box Set - Variant 4798,Books,6821,"Complete 7-book hardcover collection, illustrated edition",44,5.0,https://www.amazon.in/s?k=Harry+Potter+Box+Set+Hardcover
2267,Converse Chuck Taylor - Variant 1682,Shoes,5927,"Classic canvas high-top, rubber sole, available in 20+ colors",281,4.6,https://www.amazon.in/s?k=Converse+Chuck+Taylor+High+Top
2268,Protein Powder Whey - Variant 2703,Health,5115,"25g protein per serving, chocolate flavor, 5lb bag, no artificial colors",51,4.7,https://www.amazon.in/s?k=Whey+Protein+Powder+Chocolate
2269,Levi's Denim Jacket - Variant 9483,Clothing,7821,"Classic trucker jacket, 100% cotton denim, multiple color options",38,4.7,https://www.amazon.in/s?k=Levis+Denim+Jacket+Trucker
2270,Nike Air Max 270 - Variant 6166,Shoes,10796,"Lightweight running shoe with Air Max cushioning, great for daily use",55,4.3,https://www.amazon.in/s?k=Nike+Air+Max+270
2271,Converse Chuck Taylor - Variant 3701,Shoes,6260,"Classic canvas high-top, rubber sole, available in 20+ colors",220,4.7,https://www.amazon.in/s?k=Converse+Chuck+Taylor+High+Top
2272,Apple AirPods Pro - Variant 2526,Electronics,22869,"Active noise cancellation, transparency mode, spatial audio, wireless charging",22,4.8,https://www.amazon.in/s?k=Apple+AirPods+Pro
2273,Sunscreen SPF 50 EltaMD - Variant 7296,Beauty,3403,"Broad spectrum UV protection, oil-free, dermatologist recommended, 3oz",109,4.7,https://www.amazon.in/s?k=EltaMD+Sunscreen+SPF+50
2274,Jump Rope Speed - Variant 6153,Sports,1745,"Adjustable steel cable, ball bearing handles, suitable for all fitness levels",210,4.4,https://www.amazon.in/s?k=Speed+Jump+Rope+Adjustable
2275,Atomic Habits Workbook - Variant 4765,Books,1270,Companion workbook to Atomic Habits with exercises and habit trackers,177,4.3,https://www.amazon.in/s?k=Atomic+Habits+Workbook
2276,Luggage Samsonite 28inch - Variant 9602,Accessories,16919,"Hardside spinner, TSA lock, expandable, lightweight polycarbonate shell",35,4.9,https://www.amazon.in/s?k=Samsonite+28+inch+Hardside+Luggage
2277,Harry Potter Box Set - Variant 7693,Books,6359,"Complete 7-book hardcover collection, illustrated edition",25,5.0,https://www.amazon.in/s?k=Harry+Potter+Box+Set+Hardcover
2278,Creatine Monohydrate - Variant 9571,Health,2023,"Micronized creatine, 5g per serving, unflavored, 60 servings, lab tested",92,4.6,https://www.amazon.in/s?k=Creatine+Monohydrate+Micronized
2279,Atomic Habits Book - Variant 4857,Books,1815,James Clear's guide to building good habits and breaking bad ones,214,4.8,https://www.amazon.in/s?k=Atomic+Habits+James+Clear
2280,Levi's 501 Jeans - Variant 1706,Clothing,4156,"Classic straight fit jeans, durable denim, available in multiple washes",177,4.6,https://www.amazon.in/s?k=Levis+501+Jeans
2281,iPad Air 11inch - Variant 6193,Electronics,55817,"M2 chip, 11-inch Liquid Retina display, Apple Pencil Pro support, 256GB",19,5.0,https://www.amazon.in/s?k=iPad+Air+M2+11inch
2282,Luggage Samsonite 28inch - Variant 8889,Accessories,16507,"Hardside spinner, TSA lock, expandable, lightweight polycarbonate shell",30,4.3,https://www.amazon.in/s?k=Samsonite+28+inch+Hardside+Luggage
2283,Resistance Bands Set - Variant 2408,Sports,1528,"5 resistance levels, latex-free, includes door anchor and carry bag",145,4.6,https://www.amazon.in/s?k=Resistance+Bands+Set+5+levels
2284,Vitamin C Serum - Variant 3506,Beauty,2380,"20% Vitamin C with hyaluronic acid, brightens skin, reduces dark spots",158,4.0,https://www.amazon.in/s?k=Vitamin+C+Serum+20+percent
2285,Sunscreen SPF 50 EltaMD - Variant 7204,Beauty,3719,"Broad spectrum UV protection, oil-free, dermatologist recommended, 3oz",88,4.7,https://www.amazon.in/s?k=EltaMD+Sunscreen+SPF+50
2286,Protein Powder Whey - Variant 5945,Health,4668,"25g protein per serving, chocolate flavor, 5lb bag, no artificial colors",31,4.3,https://www.amazon.in/s?k=Whey+Protein+Powder+Chocolate
2287,Backpack Osprey 40L - Variant 5079,Accessories,15519,"40L travel pack, TSA-friendly, laptop sleeve, rain cover included",50,4.6,https://www.amazon.in/s?k=Osprey+40L+Backpack
2288,Adidas Ultraboost 22 - Variant 3081,Shoes,16915,"Responsive Boost midsole, Primeknit upper, Continental rubber outsole",66,4.4,https://www.amazon.in/s?k=Adidas+Ultraboost+22
2289,Instant Pot Duo 7-in-1 - Variant 3418,Kitchen,8803,"Pressure cooker, slow cooker, rice cooker, steamer, saute, yogurt maker",77,4.5,https://www.amazon.in/s?k=Instant+Pot+Duo
2290,Blender Vitamix A2500 - Variant 1273,Kitchen,34301,"Variable speed control, 3 program settings, self-cleaning, 64oz container",32,4.6,https://www.amazon.in/s?k=Vitamix+A2500+Blender
2291,Jump Rope Speed - Variant 7941,Sports,1695,"Adjustable steel cable, ball bearing handles, suitable for all fitness levels",220,4.2,https://www.amazon.in/s?k=Speed+Jump+Rope+Adjustable
2292,Hiking Boots Merrell - Variant 5018,Shoes,10392,"Waterproof leather, Vibram outsole, air cushion heel, ankle support",59,4.8,https://www.amazon.in/s?k=Merrell+Hiking+Boots+Waterproof
2293,Blender Vitamix A2500 - Variant 9861,Kitchen,42784,"Variable speed control, 3 program settings, self-cleaning, 64oz container",21,5.0,https://www.amazon.in/s?k=Vitamix+A2500+Blender
2294,Instant Pot Duo 7-in-1 - Variant 1146,Kitchen,6087,"Pressure cooker, slow cooker, rice cooker, steamer, saute, yogurt maker",86,4.6,https://www.amazon.in/s?k=Instant+Pot+Duo
2295,Dumbbell Set Adjustable - Variant 4002,Sports,10827,"5-52.5 lbs per dumbbell, replaces 15 sets, fast adjust dial system",19,4.8,https://www.amazon.in/s?k=Adjustable+Dumbbell+Set
2296,New Balance 990v6 - Variant 7038,Shoes,16087,"Made in USA, premium suede and mesh upper, ENCAP midsole technology",38,4.3,https://www.amazon.in/s?k=New+Balance+990v6
2297,Running Shorts Nike - Variant 1699,Clothing,3328,"Dri-FIT fabric, 7-inch inseam, built-in brief, reflective details",57,4.5,https://www.amazon.in/s?k=Nike+Running+Shorts+DriFIT
2298,Instant Pot Duo 7-in-1 - Variant 2597,Kitchen,6585,"Pressure cooker, slow cooker, rice cooker, steamer, saute, yogurt maker",59,4.5,https://www.amazon.in/s?k=Instant+Pot+Duo
2299,Sunglasses Polarized - Variant 1480,Accessories,2652,"UV400 protection, polarized lenses, lightweight frame, unisex design",143,4.1,https://www.amazon.in/s?k=Polarized+Sunglasses+UV400
2300,Leather Wallet Slim - Variant 1456,Accessories,2267,"Genuine leather, RFID blocking, 8 card slots, minimalist design",164,4.4,https://www.amazon.in/s?k=Slim+Leather+Wallet+RFID
2301,Mechanical Keyboard RGB - Variant 6280,Electronics,5622,"TKL layout, Cherry MX switches, per-key RGB lighting, USB-C",58,4.3,https://www.amazon.in/s?k=Mechanical+Keyboard+RGB
2302,Dell 27inch Monitor - Variant 1175,Electronics,23564,"IPS panel, 165Hz refresh rate, 1ms response time, USB-C, FreeSync",24,4.8,https://www.amazon.in/s?k=Dell+27+inch+165Hz+Monitor
2303,Nike Air Max 270 - Variant 3322,Shoes,12644,"Lightweight running shoe with Air Max cushioning, great for daily use",36,4.3,https://www.amazon.in/s?k=Nike+Air+Max+270
2304,Sunglasses Polarized - Variant 4761,Accessories,2557,"UV400 protection, polarized lenses, lightweight frame, unisex design",80,3.8,https://www.amazon.in/s?k=Polarized+Sunglasses+UV400
2305,Air Fryer Ninja 6qt - Variant 3296,Kitchen,10850,"6-quart capacity, 4-in-1 functionality, up to 75% less fat, dishwasher safe",75,4.8,https://www.amazon.in/s?k=Ninja+Air+Fryer+6qt
2306,Nike Air Max 270 - Variant 5747,Shoes,9700,"Lightweight running shoe with Air Max cushioning, great for daily use",56,4.5,https://www.amazon.in/s?k=Nike+Air+Max+270
2307,Leather Wallet Slim - Variant 7488,Accessories,2433,"Genuine leather, RFID blocking, 8 card slots, minimalist design",126,4.4,https://www.amazon.in/s?k=Slim+Leather+Wallet+RFID
2308,Sunglasses Polarized - Variant 7297,Accessories,2780,"UV400 protection, polarized lenses, lightweight frame, unisex design",110,3.9,https://www.amazon.in/s?k=Polarized+Sunglasses+UV400
2309,Sony WH-1000XM5 - Variant 5406,Electronics,26176,"Industry-leading noise cancellation, 30hr battery, multipoint connection",20,5.0,https://www.amazon.in/s?k=Sony+WH-1000XM5
2310,Stand Mixer KitchenAid - Variant 8866,Kitchen,29882,"5-quart bowl, 10 speeds, 59 attachments compatible, tilt-head design",12,4.6,https://www.amazon.in/s?k=KitchenAid+Stand+Mixer+5qt
2311,Kindle Paperwhite - Variant 2637,Electronics,13087,"6.8-inch display, adjustable warm light, waterproof, 3 months free Kindle Unlimited",41,4.6,https://www.amazon.in/s?k=Kindle+Paperwhite+2024
2312,Atomic Habits Book - Variant 7233,Books,1400,James Clear's guide to building good habits and breaking bad ones,311,5.0,https://www.amazon.in/s?k=Atomic+Habits+James+Clear
2313,Luggage Samsonite 28inch - Variant 8878,Accessories,17646,"Hardside spinner, TSA lock, expandable, lightweight polycarbonate shell",15,4.9,https://www.amazon.in/s?k=Samsonite+28+inch+Hardside+Luggage
2314,Coffee Maker Drip - Variant 1575,Kitchen,3519,"12-cup programmable coffee maker, built-in grinder, thermal carafe",72,4.5,https://www.amazon.in/s?k=Drip+Coffee+Maker
2315,Levi's 501 Jeans - Variant 2277,Clothing,5097,"Classic straight fit jeans, durable denim, available in multiple washes",139,4.1,https://www.amazon.in/s?k=Levis+501+Jeans
2316,Air Fryer Ninja 6qt - Variant 2364,Kitchen,10605,"6-quart capacity, 4-in-1 functionality, up to 75% less fat, dishwasher safe",31,4.6,https://www.amazon.in/s?k=Ninja+Air+Fryer+6qt
2317,Rich Dad Poor Dad - Variant 8829,Books,956,"Robert Kiyosaki's personal finance classic, updated 25th anniversary edition",277,4.9,https://www.amazon.in/s?k=Rich+Dad+Poor+Dad+Kiyosaki
2318,Atomic Habits Workbook - Variant 9400,Books,1299,Companion workbook to Atomic Habits with exercises and habit trackers,136,4.4,https://www.amazon.in/s?k=Atomic+Habits+Workbook
2319,Atomic Habits Workbook - Variant 1531,Books,1232,Companion workbook to Atomic Habits with exercises and habit trackers,162,4.6,https://www.amazon.in/s?k=Atomic+Habits+Workbook
2320,The Alchemist Book - Variant 3707,Books,1331,Paulo Coelho's masterpiece about following your dreams and personal legend,252,4.6,https://www.amazon.in/s?k=The+Alchemist+Paulo+Coelho
2321,Levi's 501 Jeans - Variant 1506,Clothing,5165,"Classic straight fit jeans, durable denim, available in multiple washes",129,4.3,https://www.amazon.in/s?k=Levis+501+Jeans
2322,Rich Dad Poor Dad - Variant 3913,Books,1166,"Robert Kiyosaki's personal finance classic, updated 25th anniversary edition",175,4.4,https://www.amazon.in/s?k=Rich+Dad+Poor+Dad+Kiyosaki
2323,Sunglasses Polarized - Variant 5929,Accessories,2696,"UV400 protection, polarized lenses, lightweight frame, unisex design",67,3.9,https://www.amazon.in/s?k=Polarized+Sunglasses+UV400
2324,Levi's Denim Jacket - Variant 7957,Clothing,7741,"Classic trucker jacket, 100% cotton denim, multiple color options",50,4.6,https://www.amazon.in/s?k=Levis+Denim+Jacket+Trucker
2325,Face Wash CeraVe - Variant 5835,Beauty,1026,"Hydrating cleanser with ceramides and hyaluronic acid, 16oz, all skin types",207,4.7,https://www.amazon.in/s?k=CeraVe+Hydrating+Face+Wash
2326,Atomic Habits Workbook - Variant 7763,Books,1422,Companion workbook to Atomic Habits with exercises and habit trackers,130,4.7,https://www.amazon.in/s?k=Atomic+Habits+Workbook
2327,Rich Dad Poor Dad - Variant 3129,Books,995,"Robert Kiyosaki's personal finance classic, updated 25th anniversary edition",161,4.6,https://www.amazon.in/s?k=Rich+Dad+Poor+Dad+Kiyosaki
2328,iPad Air 11inch - Variant 6163,Electronics,43022,"M2 chip, 11-inch Liquid Retina display, Apple Pencil Pro support, 256GB",22,4.7,https://www.amazon.in/s?k=iPad+Air+M2+11inch
2329,iPad Air 11inch - Variant 7755,Electronics,44062,"M2 chip, 11-inch Liquid Retina display, Apple Pencil Pro support, 256GB",15,5.0,https://www.amazon.in/s?k=iPad+Air+M2+11inch
2330,New Balance 990v6 - Variant 5254,Shoes,13950,"Made in USA, premium suede and mesh upper, ENCAP midsole technology",30,4.6,https://www.amazon.in/s?k=New+Balance+990v6
2331,Nike Air Max 270 - Variant 8305,Shoes,12209,"Lightweight running shoe with Air Max cushioning, great for daily use",28,4.3,https://www.amazon.in/s?k=Nike+Air+Max+270
2332,Sony WH-1000XM5 - Variant 5478,Electronics,25058,"Industry-leading noise cancellation, 30hr battery, multipoint connection",32,5.0,https://www.amazon.in/s?k=Sony+WH-1000XM5
2333,Backpack Osprey 40L - Variant 9468,Accessories,13765,"40L travel pack, TSA-friendly, laptop sleeve, rain cover included",39,4.6,https://www.amazon.in/s?k=Osprey+40L+Backpack
2334,iPad Air 11inch - Variant 9559,Electronics,54498,"M2 chip, 11-inch Liquid Retina display, Apple Pencil Pro support, 256GB",28,4.8,https://www.amazon.in/s?k=iPad+Air+M2+11inch
2335,Jump Rope Speed - Variant 1045,Sports,1666,"Adjustable steel cable, ball bearing handles, suitable for all fitness levels",253,4.3,https://www.amazon.in/s?k=Speed+Jump+Rope+Adjustable
2336,Protein Powder Whey - Variant 6044,Health,5264,"25g protein per serving, chocolate flavor, 5lb bag, no artificial colors",38,4.5,https://www.amazon.in/s?k=Whey+Protein+Powder+Chocolate
2337,Hiking Boots Merrell - Variant 2711,Shoes,13382,"Waterproof leather, Vibram outsole, air cushion heel, ankle support",65,5.0,https://www.amazon.in/s?k=Merrell+Hiking+Boots+Waterproof
2338,Levi's Denim Jacket - Variant 6988,Clothing,8380,"Classic trucker jacket, 100% cotton denim, multiple color options",104,4.6,https://www.amazon.in/s?k=Levis+Denim+Jacket+Trucker
2339,Mechanical Keyboard RGB - Variant 5213,Electronics,6378,"TKL layout, Cherry MX switches, per-key RGB lighting, USB-C",42,4.6,https://www.amazon.in/s?k=Mechanical+Keyboard+RGB
2340,Protein Powder Whey - Variant 4627,Health,5137,"25g protein per serving, chocolate flavor, 5lb bag, no artificial colors",63,4.7,https://www.amazon.in/s?k=Whey+Protein+Powder+Chocolate
2341,Nike Air Max 270 - Variant 4926,Shoes,10277,"Lightweight running shoe with Air Max cushioning, great for daily use",58,4.3,https://www.amazon.in/s?k=Nike+Air+Max+270
2342,Webcam Logitech 4K - Variant 9571,Electronics,10918,"4K Ultra HD, auto-focus, built-in mic, works with Zoom and Teams",39,4.6,https://www.amazon.in/s?k=Logitech+4K+Webcam
2343,Levi's Denim Jacket - Variant 8581,Clothing,6012,"Classic trucker jacket, 100% cotton denim, multiple color options",48,4.6,https://www.amazon.in/s?k=Levis+Denim+Jacket+Trucker
2344,Face Wash CeraVe - Variant 5104,Beauty,1097,"Hydrating cleanser with ceramides and hyaluronic acid, 16oz, all skin types",240,4.7,https://www.amazon.in/s?k=CeraVe+Hydrating+Face+Wash
2345,Creatine Monohydrate - Variant 8131,Health,2738,"Micronized creatine, 5g per serving, unflavored, 60 servings, lab tested",75,4.4,https://www.amazon.in/s?k=Creatine+Monohydrate+Micronized
2346,Creatine Monohydrate - Variant 3923,Health,2190,"Micronized creatine, 5g per serving, unflavored, 60 servings, lab tested",138,4.6,https://www.amazon.in/s?k=Creatine+Monohydrate+Micronized
2347,Stand Mixer KitchenAid - Variant 7092,Kitchen,28270,"5-quart bowl, 10 speeds, 59 attachments compatible, tilt-head design",9,5.0,https://www.amazon.in/s?k=KitchenAid+Stand+Mixer+5qt
2348,Kindle Paperwhite - Variant 2551,Electronics,11719,"6.8-inch display, adjustable warm light, waterproof, 3 months free Kindle Unlimited",96,4.4,https://www.amazon.in/s?k=Kindle+Paperwhite+2024
2349,Mechanical Keyboard RGB - Variant 5451,Electronics,5534,"TKL layout, Cherry MX switches, per-key RGB lighting, USB-C",33,4.4,https://www.amazon.in/s?k=Mechanical+Keyboard+RGB
2350,Multivitamin Men's - Variant 6585,Health,1869,"23 essential vitamins and minerals, once daily, 90 tablets, no artificial colors",177,4.8,https://www.amazon.in/s?k=Mens+Multivitamin+Daily
2351,Hoodie Champion Reverse Weave - Variant 3515,Clothing,5405,"Heavyweight fleece, reverse weave construction, kangaroo pocket",70,4.7,https://www.amazon.in/s?k=Champion+Reverse+Weave+Hoodie
2352,Dumbbell Set Adjustable - Variant 5723,Sports,14065,"5-52.5 lbs per dumbbell, replaces 15 sets, fast adjust dial system",23,4.9,https://www.amazon.in/s?k=Adjustable+Dumbbell+Set
2353,Converse Chuck Taylor - Variant 6040,Shoes,5747,"Classic canvas high-top, rubber sole, available in 20+ colors",208,4.7,https://www.amazon.in/s?k=Converse+Chuck+Taylor+High+Top
2354,Running Shorts Nike - Variant 4746,Clothing,2420,"Dri-FIT fabric, 7-inch inseam, built-in brief, reflective details",119,4.5,https://www.amazon.in/s?k=Nike+Running+Shorts+DriFIT
2355,Dell 27inch Monitor - Variant 4787,Electronics,32193,"IPS panel, 165Hz refresh rate, 1ms response time, USB-C, FreeSync",26,4.7,https://www.amazon.in/s?k=Dell+27+inch+165Hz+Monitor
2356,Dumbbell Set Adjustable - Variant 8045,Sports,12727,"5-52.5 lbs per dumbbell, replaces 15 sets, fast adjust dial system",27,4.9,https://www.amazon.in/s?k=Adjustable+Dumbbell+Set
2357,Coffee Maker Drip - Variant 4018,Kitchen,4352,"12-cup programmable coffee maker, built-in grinder, thermal carafe",46,4.4,https://www.amazon.in/s?k=Drip+Coffee+Maker
2358,Instant Pot Duo 7-in-1 - Variant 3771,Kitchen,8138,"Pressure cooker, slow cooker, rice cooker, steamer, saute, yogurt maker",84,4.7,https://www.amazon.in/s?k=Instant+Pot+Duo
2359,Linen Shirt Uniqlo - Variant 2741,Clothing,3755,"100% linen, breathable summer fabric, relaxed fit, 8 color options",159,4.4,https://www.amazon.in/s?k=Linen+Shirt+Men+Uniqlo
2360,Vitamin C Serum - Variant 4692,Beauty,2214,"20% Vitamin C with hyaluronic acid, brightens skin, reduces dark spots",171,4.2,https://www.amazon.in/s?k=Vitamin+C+Serum+20+percent
2361,Omega-3 Fish Oil - Variant 3554,Health,1877,"1200mg EPA+DHA per serving, enteric coated, 90 softgels, no fishy aftertaste",131,4.6,https://www.amazon.in/s?k=Omega+3+Fish+Oil+1200mg
2362,Atomic Habits Book - Variant 8251,Books,1850,James Clear's guide to building good habits and breaking bad ones,251,5.0,https://www.amazon.in/s?k=Atomic+Habits+James+Clear
2363,Mechanical Keyboard RGB - Variant 2364,Electronics,7074,"TKL layout, Cherry MX switches, per-key RGB lighting, USB-C",47,4.5,https://www.amazon.in/s?k=Mechanical+Keyboard+RGB
2364,Atomic Habits Book - Variant 3108,Books,1569,James Clear's guide to building good habits and breaking bad ones,442,4.9,https://www.amazon.in/s?k=Atomic+Habits+James+Clear
2365,Sunscreen SPF 50 EltaMD - Variant 3810,Beauty,3353,"Broad spectrum UV protection, oil-free, dermatologist recommended, 3oz",95,4.8,https://www.amazon.in/s?k=EltaMD+Sunscreen+SPF+50
2366,Resistance Bands Set - Variant 3415,Sports,1532,"5 resistance levels, latex-free, includes door anchor and carry bag",186,4.7,https://www.amazon.in/s?k=Resistance+Bands+Set+5+levels
2367,Rich Dad Poor Dad - Variant 4505,Books,891,"Robert Kiyosaki's personal finance classic, updated 25th anniversary edition",297,4.8,https://www.amazon.in/s?k=Rich+Dad+Poor+Dad+Kiyosaki
2368,Sony WH-1000XM5 - Variant 8178,Electronics,27975,"Industry-leading noise cancellation, 30hr battery, multipoint connection",35,5.0,https://www.amazon.in/s?k=Sony+WH-1000XM5
2369,Atomic Habits Workbook - Variant 5787,Books,1530,Companion workbook to Atomic Habits with exercises and habit trackers,107,4.3,https://www.amazon.in/s?k=Atomic+Habits+Workbook
2370,Luggage Samsonite 28inch - Variant 7822,Accessories,14023,"Hardside spinner, TSA lock, expandable, lightweight polycarbonate shell",15,4.4,https://www.amazon.in/s?k=Samsonite+28+inch+Hardside+Luggage
2371,Wireless Mouse Logitech - Variant 4360,Electronics,3867,"MX Master 3, ergonomic design, 4000 DPI, multi-device support",63,4.4,https://www.amazon.in/s?k=Logitech+MX+Master+3
2372,Creatine Monohydrate - Variant 1307,Health,2431,"Micronized creatine, 5g per serving, unflavored, 60 servings, lab tested",111,4.6,https://www.amazon.in/s?k=Creatine+Monohydrate+Micronized
2373,Adidas Ultraboost 22 - Variant 9376,Shoes,13663,"Responsive Boost midsole, Primeknit upper, Continental rubber outsole",68,4.4,https://www.amazon.in/s?k=Adidas+Ultraboost+22
2374,Omega-3 Fish Oil - Variant 4500,Health,1777,"1200mg EPA+DHA per serving, enteric coated, 90 softgels, no fishy aftertaste",186,4.8,https://www.amazon.in/s?k=Omega+3+Fish+Oil+1200mg
2375,Dumbbell Set Adjustable - Variant 3690,Sports,14140,"5-52.5 lbs per dumbbell, replaces 15 sets, fast adjust dial system",30,5.0,https://www.amazon.in/s?k=Adjustable+Dumbbell+Set
2376,Converse Chuck Taylor - Variant 6409,Shoes,5417,"Classic canvas high-top, rubber sole, available in 20+ colors",246,4.4,https://www.amazon.in/s?k=Converse+Chuck+Taylor+High+Top
2377,Creatine Monohydrate - Variant 9670,Health,2648,"Micronized creatine, 5g per serving, unflavored, 60 servings, lab tested",134,4.4,https://www.amazon.in/s?k=Creatine+Monohydrate+Micronized
2378,Hoodie Champion Reverse Weave - Variant 5416,Clothing,5934,"Heavyweight fleece, reverse weave construction, kangaroo pocket",126,4.5,https://www.amazon.in/s?k=Champion+Reverse+Weave+Hoodie
2379,Linen Shirt Uniqlo - Variant 9637,Clothing,2895,"100% linen, breathable summer fabric, relaxed fit, 8 color options",237,4.4,https://www.amazon.in/s?k=Linen+Shirt+Men+Uniqlo
2380,Linen Shirt Uniqlo - Variant 8177,Clothing,3129,"100% linen, breathable summer fabric, relaxed fit, 8 color options",181,4.1,https://www.amazon.in/s?k=Linen+Shirt+Men+Uniqlo
2381,Omega-3 Fish Oil - Variant 8607,Health,1395,"1200mg EPA+DHA per serving, enteric coated, 90 softgels, no fishy aftertaste",245,4.3,https://www.amazon.in/s?k=Omega+3+Fish+Oil+1200mg
2382,Backpack Osprey 40L - Variant 3594,Accessories,11186,"40L travel pack, TSA-friendly, laptop sleeve, rain cover included",47,5.0,https://www.amazon.in/s?k=Osprey+40L+Backpack
2383,Sunglasses Polarized - Variant 1891,Accessories,2827,"UV400 protection, polarized lenses, lightweight frame, unisex design",117,3.9,https://www.amazon.in/s?k=Polarized+Sunglasses+UV400
2384,Resistance Bands Set - Variant 3009,Sports,1839,"5 resistance levels, latex-free, includes door anchor and carry bag",93,4.4,https://www.amazon.in/s?k=Resistance+Bands+Set+5+levels
2385,Luggage Samsonite 28inch - Variant 2234,Accessories,15296,"Hardside spinner, TSA lock, expandable, lightweight polycarbonate shell",25,4.7,https://www.amazon.in/s?k=Samsonite+28+inch+Hardside+Luggage
2386,Resistance Bands Set - Variant 6546,Sports,2213,"5 resistance levels, latex-free, includes door anchor and carry bag",107,4.8,https://www.amazon.in/s?k=Resistance+Bands+Set+5+levels
2387,Face Wash CeraVe - Variant 6592,Beauty,1264,"Hydrating cleanser with ceramides and hyaluronic acid, 16oz, all skin types",297,4.6,https://www.amazon.in/s?k=CeraVe+Hydrating+Face+Wash
2388,Retinol Night Cream - Variant 6521,Beauty,2444,"0.5% retinol with peptides, reduces fine lines, fragrance-free, 50ml",112,4.1,https://www.amazon.in/s?k=Retinol+Night+Cream+0.5+percent
2389,Blender Vitamix A2500 - Variant 2888,Kitchen,39651,"Variable speed control, 3 program settings, self-cleaning, 64oz container",20,4.7,https://www.amazon.in/s?k=Vitamix+A2500+Blender
2390,Dumbbell Set Adjustable - Variant 6559,Sports,13151,"5-52.5 lbs per dumbbell, replaces 15 sets, fast adjust dial system",27,4.5,https://www.amazon.in/s?k=Adjustable+Dumbbell+Set
2391,Levi's 501 Jeans - Variant 8622,Clothing,5415,"Classic straight fit jeans, durable denim, available in multiple washes",161,4.3,https://www.amazon.in/s?k=Levis+501+Jeans
2392,Instant Pot Duo 7-in-1 - Variant 2661,Kitchen,6215,"Pressure cooker, slow cooker, rice cooker, steamer, saute, yogurt maker",118,4.6,https://www.amazon.in/s?k=Instant+Pot+Duo
2393,Levi's 501 Jeans - Variant 2114,Clothing,4845,"Classic straight fit jeans, durable denim, available in multiple washes",90,4.4,https://www.amazon.in/s?k=Levis+501+Jeans
2394,Harry Potter Box Set - Variant 6090,Books,7353,"Complete 7-book hardcover collection, illustrated edition",28,5.0,https://www.amazon.in/s?k=Harry+Potter+Box+Set+Hardcover
2395,Instant Pot Duo 7-in-1 - Variant 4979,Kitchen,8628,"Pressure cooker, slow cooker, rice cooker, steamer, saute, yogurt maker",92,5.0,https://www.amazon.in/s?k=Instant+Pot+Duo
2396,Converse Chuck Taylor - Variant 9103,Shoes,4613,"Classic canvas high-top, rubber sole, available in 20+ colors",191,4.5,https://www.amazon.in/s?k=Converse+Chuck+Taylor+High+Top
2397,Omega-3 Fish Oil - Variant 9232,Health,1640,"1200mg EPA+DHA per serving, enteric coated, 90 softgels, no fishy aftertaste",176,4.5,https://www.amazon.in/s?k=Omega+3+Fish+Oil+1200mg
2398,Sony WH-1000XM5 - Variant 6391,Electronics,31741,"Industry-leading noise cancellation, 30hr battery, multipoint connection",29,5.0,https://www.amazon.in/s?k=Sony+WH-1000XM5
2399,Resistance Bands Set - Variant 6298,Sports,1916,"5 resistance levels, latex-free, includes door anchor and carry bag",117,4.6,https://www.amazon.in/s?k=Resistance+Bands+Set+5+levels
2400,Atomic Habits Book - Variant 8409,Books,1866,James Clear's guide to building good habits and breaking bad ones,439,4.8,https://www.amazon.in/s?k=Atomic+Habits+James+Clear
2401,Kindle Paperwhite - Variant 3564,Electronics,13729,"6.8-inch display, adjustable warm light, waterproof, 3 months free Kindle Unlimited",76,4.5,https://www.amazon.in/s?k=Kindle+Paperwhite+2024
2402,Mechanical Keyboard RGB - Variant 6777,Electronics,6197,"TKL layout, Cherry MX switches, per-key RGB lighting, USB-C",20,4.2,https://www.amazon.in/s?k=Mechanical+Keyboard+RGB
2403,Vitamin C Serum - Variant 4067,Beauty,2392,"20% Vitamin C with hyaluronic acid, brightens skin, reduces dark spots",144,4.3,https://www.amazon.in/s?k=Vitamin+C+Serum+20+percent
2404,Levi's Denim Jacket - Variant 7068,Clothing,8699,"Classic trucker jacket, 100% cotton denim, multiple color options",73,4.6,https://www.amazon.in/s?k=Levis+Denim+Jacket+Trucker
2405,Hoodie Champion Reverse Weave - Variant 3890,Clothing,4499,"Heavyweight fleece, reverse weave construction, kangaroo pocket",70,4.5,https://www.amazon.in/s?k=Champion+Reverse+Weave+Hoodie
2406,Vitamin C Serum - Variant 3128,Beauty,2226,"20% Vitamin C with hyaluronic acid, brightens skin, reduces dark spots",219,4.3,https://www.amazon.in/s?k=Vitamin+C+Serum+20+percent
2407,Sony WH-1000XM5 - Variant 9116,Electronics,29306,"Industry-leading noise cancellation, 30hr battery, multipoint connection",15,4.9,https://www.amazon.in/s?k=Sony+WH-1000XM5
2408,Samsung 4K Smart TV 55inch - Variant 6642,Electronics,64195,"Crystal UHD display, built-in Alexa, HDR10+, 3 HDMI ports",13,4.8,https://www.amazon.in/s?k=Samsung+4K+Smart+TV+55inch
2409,Protein Powder Whey - Variant 4986,Health,4865,"25g protein per serving, chocolate flavor, 5lb bag, no artificial colors",44,4.7,https://www.amazon.in/s?k=Whey+Protein+Powder+Chocolate
2410,iPad Air 11inch - Variant 6065,Electronics,46646,"M2 chip, 11-inch Liquid Retina display, Apple Pencil Pro support, 256GB",19,4.9,https://www.amazon.in/s?k=iPad+Air+M2+11inch
2411,Hoodie Champion Reverse Weave - Variant 4724,Clothing,5246,"Heavyweight fleece, reverse weave construction, kangaroo pocket",66,4.7,https://www.amazon.in/s?k=Champion+Reverse+Weave+Hoodie
2412,Linen Shirt Uniqlo - Variant 1925,Clothing,2937,"100% linen, breathable summer fabric, relaxed fit, 8 color options",176,4.2,https://www.amazon.in/s?k=Linen+Shirt+Men+Uniqlo
2413,The Alchemist Book - Variant 7807,Books,1172,Paulo Coelho's masterpiece about following your dreams and personal legend,295,4.9,https://www.amazon.in/s?k=The+Alchemist+Paulo+Coelho
2414,Adidas Ultraboost 22 - Variant 8452,Shoes,13832,"Responsive Boost midsole, Primeknit upper, Continental rubber outsole",75,4.8,https://www.amazon.in/s?k=Adidas+Ultraboost+22
2415,Adidas Ultraboost 22 - Variant 2317,Shoes,16708,"Responsive Boost midsole, Primeknit upper, Continental rubber outsole",80,4.8,https://www.amazon.in/s?k=Adidas+Ultraboost+22
2416,Hoodie Champion Reverse Weave - Variant 5997,Clothing,5334,"Heavyweight fleece, reverse weave construction, kangaroo pocket",99,4.5,https://www.amazon.in/s?k=Champion+Reverse+Weave+Hoodie
2417,Resistance Bands Set - Variant 3928,Sports,1802,"5 resistance levels, latex-free, includes door anchor and carry bag",127,4.6,https://www.amazon.in/s?k=Resistance+Bands+Set+5+levels
2418,Coffee Maker Drip - Variant 2186,Kitchen,3505,"12-cup programmable coffee maker, built-in grinder, thermal carafe",66,4.5,https://www.amazon.in/s?k=Drip+Coffee+Maker
2419,Webcam Logitech 4K - Variant 4841,Electronics,13498,"4K Ultra HD, auto-focus, built-in mic, works with Zoom and Teams",70,4.7,https://www.amazon.in/s?k=Logitech+4K+Webcam
2420,Kindle Paperwhite - Variant 6101,Electronics,9555,"6.8-inch display, adjustable warm light, waterproof, 3 months free Kindle Unlimited",89,4.9,https://www.amazon.in/s?k=Kindle+Paperwhite+2024
2421,Jump Rope Speed - Variant 8510,Sports,1354,"Adjustable steel cable, ball bearing handles, suitable for all fitness levels",175,4.7,https://www.amazon.in/s?k=Speed+Jump+Rope+Adjustable
2422,Dumbbell Set Adjustable - Variant 6386,Sports,11861,"5-52.5 lbs per dumbbell, replaces 15 sets, fast adjust dial system",34,4.6,https://www.amazon.in/s?k=Adjustable+Dumbbell+Set
2423,Harry Potter Box Set - Variant 4676,Books,5551,"Complete 7-book hardcover collection, illustrated edition",19,4.8,https://www.amazon.in/s?k=Harry+Potter+Box+Set+Hardcover
2424,Linen Shirt Uniqlo - Variant 5414,Clothing,2792,"100% linen, breathable summer fabric, relaxed fit, 8 color options",137,4.3,https://www.amazon.in/s?k=Linen+Shirt+Men+Uniqlo
2425,Omega-3 Fish Oil - Variant 6764,Health,1876,"1200mg EPA+DHA per serving, enteric coated, 90 softgels, no fishy aftertaste",117,4.4,https://www.amazon.in/s?k=Omega+3+Fish+Oil+1200mg
2426,Sunscreen SPF 50 EltaMD - Variant 9463,Beauty,3536,"Broad spectrum UV protection, oil-free, dermatologist recommended, 3oz",44,4.7,https://www.amazon.in/s?k=EltaMD+Sunscreen+SPF+50
2427,Leather Wallet Slim - Variant 6207,Accessories,1897,"Genuine leather, RFID blocking, 8 card slots, minimalist design",101,4.3,https://www.amazon.in/s?k=Slim+Leather+Wallet+RFID
2428,Sunscreen SPF 50 EltaMD - Variant 8594,Beauty,2716,"Broad spectrum UV protection, oil-free, dermatologist recommended, 3oz",43,4.7,https://www.amazon.in/s?k=EltaMD+Sunscreen+SPF+50
2429,Protein Powder Whey - Variant 7117,Health,3800,"25g protein per serving, chocolate flavor, 5lb bag, no artificial colors",42,4.6,https://www.amazon.in/s?k=Whey+Protein+Powder+Chocolate
2430,Mechanical Keyboard RGB - Variant 1079,Electronics,6348,"TKL layout, Cherry MX switches, per-key RGB lighting, USB-C",46,4.7,https://www.amazon.in/s?k=Mechanical+Keyboard+RGB
2431,Sony WH-1000XM5 - Variant 5215,Electronics,31480,"Industry-leading noise cancellation, 30hr battery, multipoint connection",19,4.8,https://www.amazon.in/s?k=Sony+WH-1000XM5
2432,Harry Potter Box Set - Variant 4468,Books,6971,"Complete 7-book hardcover collection, illustrated edition",21,4.6,https://www.amazon.in/s?k=Harry+Potter+Box+Set+Hardcover
2433,Multivitamin Men's - Variant 1961,Health,2132,"23 essential vitamins and minerals, once daily, 90 tablets, no artificial colors",184,4.3,https://www.amazon.in/s?k=Mens+Multivitamin+Daily
2434,Samsung 4K Smart TV 55inch - Variant 6350,Electronics,56524,"Crystal UHD display, built-in Alexa, HDR10+, 3 HDMI ports",21,4.4,https://www.amazon.in/s?k=Samsung+4K+Smart+TV+55inch
2435,Apple AirPods Pro - Variant 6168,Electronics,18365,"Active noise cancellation, transparency mode, spatial audio, wireless charging",21,5.0,https://www.amazon.in/s?k=Apple+AirPods+Pro
2436,Running Shorts Nike - Variant 1273,Clothing,2571,"Dri-FIT fabric, 7-inch inseam, built-in brief, reflective details",134,4.7,https://www.amazon.in/s?k=Nike+Running+Shorts+DriFIT
2437,Resistance Bands Set - Variant 5200,Sports,1581,"5 resistance levels, latex-free, includes door anchor and carry bag",127,4.5,https://www.amazon.in/s?k=Resistance+Bands+Set+5+levels
2438,Levi's Denim Jacket - Variant 6128,Clothing,8133,"Classic trucker jacket, 100% cotton denim, multiple color options",65,4.2,https://www.amazon.in/s?k=Levis+Denim+Jacket+Trucker
2439,Apple AirPods Pro - Variant 6731,Electronics,18288,"Active noise cancellation, transparency mode, spatial audio, wireless charging",19,4.6,https://www.amazon.in/s?k=Apple+AirPods+Pro
2440,Levi's Denim Jacket - Variant 7992,Clothing,8166,"Classic trucker jacket, 100% cotton denim, multiple color options",75,4.4,https://www.amazon.in/s?k=Levis+Denim+Jacket+Trucker
2441,Sunglasses Polarized - Variant 4567,Accessories,2989,"UV400 protection, polarized lenses, lightweight frame, unisex design",86,4.0,https://www.amazon.in/s?k=Polarized+Sunglasses+UV400
2442,Jump Rope Speed - Variant 7796,Sports,1794,"Adjustable steel cable, ball bearing handles, suitable for all fitness levels",205,4.5,https://www.amazon.in/s?k=Speed+Jump+Rope+Adjustable
2443,Sunscreen SPF 50 EltaMD - Variant 8919,Beauty,3242,"Broad spectrum UV protection, oil-free, dermatologist recommended, 3oz",116,4.9,https://www.amazon.in/s?k=EltaMD+Sunscreen+SPF+50
2444,Face Wash CeraVe - Variant 3680,Beauty,1278,"Hydrating cleanser with ceramides and hyaluronic acid, 16oz, all skin types",123,4.8,https://www.amazon.in/s?k=CeraVe+Hydrating+Face+Wash
2445,Backpack Osprey 40L - Variant 2692,Accessories,15327,"40L travel pack, TSA-friendly, laptop sleeve, rain cover included",32,5.0,https://www.amazon.in/s?k=Osprey+40L+Backpack
2446,Atomic Habits Workbook - Variant 7892,Books,1603,Companion workbook to Atomic Habits with exercises and habit trackers,169,4.3,https://www.amazon.in/s?k=Atomic+Habits+Workbook
2447,Omega-3 Fish Oil - Variant 9085,Health,1475,"1200mg EPA+DHA per serving, enteric coated, 90 softgels, no fishy aftertaste",251,4.8,https://www.amazon.in/s?k=Omega+3+Fish+Oil+1200mg
2448,Linen Shirt Uniqlo - Variant 3526,Clothing,2857,"100% linen, breathable summer fabric, relaxed fit, 8 color options",193,4.1,https://www.amazon.in/s?k=Linen+Shirt+Men+Uniqlo
2449,Omega-3 Fish Oil - Variant 9823,Health,1710,"1200mg EPA+DHA per serving, enteric coated, 90 softgels, no fishy aftertaste",269,4.8,https://www.amazon.in/s?k=Omega+3+Fish+Oil+1200mg
2450,Running Shorts Nike - Variant 2449,Clothing,3002,"Dri-FIT fabric, 7-inch inseam, built-in brief, reflective details",125,4.5,https://www.amazon.in/s?k=Nike+Running+Shorts+DriFIT
2451,Samsung 4K Smart TV 55inch - Variant 8373,Electronics,52017,"Crystal UHD display, built-in Alexa, HDR10+, 3 HDMI ports",16,4.8,https://www.amazon.in/s?k=Samsung+4K+Smart+TV+55inch
2452,Hoodie Champion Reverse Weave - Variant 8687,Clothing,6461,"Heavyweight fleece, reverse weave construction, kangaroo pocket",55,4.9,https://www.amazon.in/s?k=Champion+Reverse+Weave+Hoodie
2453,Jump Rope Speed - Variant 3019,Sports,1416,"Adjustable steel cable, ball bearing handles, suitable for all fitness levels",95,4.5,https://www.amazon.in/s?k=Speed+Jump+Rope+Adjustable
2454,Converse Chuck Taylor - Variant 7060,Shoes,4630,"Classic canvas high-top, rubber sole, available in 20+ colors",120,4.5,https://www.amazon.in/s?k=Converse+Chuck+Taylor+High+Top
2455,Harry Potter Box Set - Variant 1623,Books,7775,"Complete 7-book hardcover collection, illustrated edition",31,4.7,https://www.amazon.in/s?k=Harry+Potter+Box+Set+Hardcover
2456,New Balance 990v6 - Variant 5002,Shoes,13525,"Made in USA, premium suede and mesh upper, ENCAP midsole technology",22,4.5,https://www.amazon.in/s?k=New+Balance+990v6
2457,Sunglasses Polarized - Variant 8878,Accessories,2133,"UV400 protection, polarized lenses, lightweight frame, unisex design",84,3.8,https://www.amazon.in/s?k=Polarized+Sunglasses+UV400
2458,Instant Pot Duo 7-in-1 - Variant 4433,Kitchen,7721,"Pressure cooker, slow cooker, rice cooker, steamer, saute, yogurt maker",80,5.0,https://www.amazon.in/s?k=Instant+Pot+Duo
2459,Yoga Mat Premium - Variant 5244,Sports,3358,"Non-slip 6mm thick mat, eco-friendly TPE material, includes carry strap",48,4.2,https://www.amazon.in/s?k=Premium+Yoga+Mat
2460,Sunglasses Polarized - Variant 8066,Accessories,2494,"UV400 protection, polarized lenses, lightweight frame, unisex design",148,4.3,https://www.amazon.in/s?k=Polarized+Sunglasses+UV400
2461,Retinol Night Cream - Variant 8171,Beauty,2417,"0.5% retinol with peptides, reduces fine lines, fragrance-free, 50ml",114,4.3,https://www.amazon.in/s?k=Retinol+Night+Cream+0.5+percent
2462,iPad Air 11inch - Variant 3955,Electronics,58381,"M2 chip, 11-inch Liquid Retina display, Apple Pencil Pro support, 256GB",22,4.9,https://www.amazon.in/s?k=iPad+Air+M2+11inch
2463,Rich Dad Poor Dad - Variant 5734,Books,1250,"Robert Kiyosaki's personal finance classic, updated 25th anniversary edition",200,4.6,https://www.amazon.in/s?k=Rich+Dad+Poor+Dad+Kiyosaki
2464,Instant Pot Duo 7-in-1 - Variant 9000,Kitchen,7684,"Pressure cooker, slow cooker, rice cooker, steamer, saute, yogurt maker",40,4.4,https://www.amazon.in/s?k=Instant+Pot+Duo
2465,Luggage Samsonite 28inch - Variant 8604,Accessories,18575,"Hardside spinner, TSA lock, expandable, lightweight polycarbonate shell",14,4.7,https://www.amazon.in/s?k=Samsonite+28+inch+Hardside+Luggage
2466,Stand Mixer KitchenAid - Variant 4170,Kitchen,35863,"5-quart bowl, 10 speeds, 59 attachments compatible, tilt-head design",9,5.0,https://www.amazon.in/s?k=KitchenAid+Stand+Mixer+5qt
2467,Kindle Paperwhite - Variant 4123,Electronics,9427,"6.8-inch display, adjustable warm light, waterproof, 3 months free Kindle Unlimited",44,4.4,https://www.amazon.in/s?k=Kindle+Paperwhite+2024
2468,Yoga Mat Premium - Variant 9854,Sports,2416,"Non-slip 6mm thick mat, eco-friendly TPE material, includes carry strap",113,4.5,https://www.amazon.in/s?k=Premium+Yoga+Mat
2469,Converse Chuck Taylor - Variant 4264,Shoes,4854,"Classic canvas high-top, rubber sole, available in 20+ colors",145,4.8,https://www.amazon.in/s?k=Converse+Chuck+Taylor+High+Top
2470,Creatine Monohydrate - Variant 5651,Health,2115,"Micronized creatine, 5g per serving, unflavored, 60 servings, lab tested",73,4.8,https://www.amazon.in/s?k=Creatine+Monohydrate+Micronized
2471,Sunglasses Polarized - Variant 1920,Accessories,2004,"UV400 protection, polarized lenses, lightweight frame, unisex design",110,4.2,https://www.amazon.in/s?k=Polarized+Sunglasses+UV400
2472,Face Wash CeraVe - Variant 5377,Beauty,1437,"Hydrating cleanser with ceramides and hyaluronic acid, 16oz, all skin types",303,4.5,https://www.amazon.in/s?k=CeraVe+Hydrating+Face+Wash
2473,Air Fryer Ninja 6qt - Variant 1675,Kitchen,8196,"6-quart capacity, 4-in-1 functionality, up to 75% less fat, dishwasher safe",59,4.7,https://www.amazon.in/s?k=Ninja+Air+Fryer+6qt
2474,Atomic Habits Workbook - Variant 2327,Books,1194,Companion workbook to Atomic Habits with exercises and habit trackers,60,4.5,https://www.amazon.in/s?k=Atomic+Habits+Workbook
2475,Kindle Paperwhite - Variant 7667,Electronics,10345,"6.8-inch display, adjustable warm light, waterproof, 3 months free Kindle Unlimited",90,4.6,https://www.amazon.in/s?k=Kindle+Paperwhite+2024
2476,Sony WH-1000XM5 - Variant 6406,Electronics,25973,"Industry-leading noise cancellation, 30hr battery, multipoint connection",24,4.8,https://www.amazon.in/s?k=Sony+WH-1000XM5
2477,Yoga Mat Premium - Variant 3393,Sports,3262,"Non-slip 6mm thick mat, eco-friendly TPE material, includes carry strap",76,4.6,https://www.amazon.in/s?k=Premium+Yoga+Mat
2478,iPad Air 11inch - Variant 3838,Electronics,51753,"M2 chip, 11-inch Liquid Retina display, Apple Pencil Pro support, 256GB",19,4.8,https://www.amazon.in/s?k=iPad+Air+M2+11inch
2479,Protein Powder Whey - Variant 5630,Health,4021,"25g protein per serving, chocolate flavor, 5lb bag, no artificial colors",58,4.5,https://www.amazon.in/s?k=Whey+Protein+Powder+Chocolate
2480,Sunscreen SPF 50 EltaMD - Variant 4475,Beauty,2759,"Broad spectrum UV protection, oil-free, dermatologist recommended, 3oz",99,4.5,https://www.amazon.in/s?k=EltaMD+Sunscreen+SPF+50
2481,Jump Rope Speed - Variant 8951,Sports,1619,"Adjustable steel cable, ball bearing handles, suitable for all fitness levels",115,4.2,https://www.amazon.in/s?k=Speed+Jump+Rope+Adjustable
2482,Wireless Mouse Logitech - Variant 1918,Electronics,2795,"MX Master 3, ergonomic design, 4000 DPI, multi-device support",80,4.6,https://www.amazon.in/s?k=Logitech+MX+Master+3
2483,Jump Rope Speed - Variant 9887,Sports,1824,"Adjustable steel cable, ball bearing handles, suitable for all fitness levels",143,4.2,https://www.amazon.in/s?k=Speed+Jump+Rope+Adjustable
2484,Running Shorts Nike - Variant 8603,Clothing,3350,"Dri-FIT fabric, 7-inch inseam, built-in brief, reflective details",137,4.3,https://www.amazon.in/s?k=Nike+Running+Shorts+DriFIT
2485,Harry Potter Box Set - Variant 2014,Books,7702,"Complete 7-book hardcover collection, illustrated edition",26,5.0,https://www.amazon.in/s?k=Harry+Potter+Box+Set+Hardcover
2486,Harry Potter Box Set - Variant 7083,Books,7572,"Complete 7-book hardcover collection, illustrated edition",50,5.0,https://www.amazon.in/s?k=Harry+Potter+Box+Set+Hardcover
2487,Dell 27inch Monitor - Variant 6114,Electronics,31498,"IPS panel, 165Hz refresh rate, 1ms response time, USB-C, FreeSync",24,4.7,https://www.amazon.in/s?k=Dell+27+inch+165Hz+Monitor
2488,Face Wash CeraVe - Variant 3736,Beauty,1496,"Hydrating cleanser with ceramides and hyaluronic acid, 16oz, all skin types",258,4.7,https://www.amazon.in/s?k=CeraVe+Hydrating+Face+Wash
2489,New Balance 990v6 - Variant 1852,Shoes,16721,"Made in USA, premium suede and mesh upper, ENCAP midsole technology",33,4.3,https://www.amazon.in/s?k=New+Balance+990v6
2490,Atomic Habits Workbook - Variant 1113,Books,1286,Companion workbook to Atomic Habits with exercises and habit trackers,87,4.4,https://www.amazon.in/s?k=Atomic+Habits+Workbook
2491,The Alchemist Book - Variant 1465,Books,1422,Paulo Coelho's masterpiece about following your dreams and personal legend,124,4.9,https://www.amazon.in/s?k=The+Alchemist+Paulo+Coelho
2492,Resistance Bands Set - Variant 2415,Sports,2079,"5 resistance levels, latex-free, includes door anchor and carry bag",186,4.7,https://www.amazon.in/s?k=Resistance+Bands+Set+5+levels
2493,Linen Shirt Uniqlo - Variant 5272,Clothing,2875,"100% linen, breathable summer fabric, relaxed fit, 8 color options",175,4.6,https://www.amazon.in/s?k=Linen+Shirt+Men+Uniqlo
2494,Omega-3 Fish Oil - Variant 7882,Health,1822,"1200mg EPA+DHA per serving, enteric coated, 90 softgels, no fishy aftertaste",94,4.4,https://www.amazon.in/s?k=Omega+3+Fish+Oil+1200mg
2495,Atomic Habits Workbook - Variant 7152,Books,1430,Companion workbook to Atomic Habits with exercises and habit trackers,133,4.6,https://www.amazon.in/s?k=Atomic+Habits+Workbook
2496,Backpack Osprey 40L - Variant 9366,Accessories,11913,"40L travel pack, TSA-friendly, laptop sleeve, rain cover included",39,4.9,https://www.amazon.in/s?k=Osprey+40L+Backpack
2497,Resistance Bands Set - Variant 2844,Sports,1989,"5 resistance levels, latex-free, includes door anchor and carry bag",103,4.7,https://www.amazon.in/s?k=Resistance+Bands+Set+5+levels
2498,Stand Mixer KitchenAid - Variant 9018,Kitchen,25783,"5-quart bowl, 10 speeds, 59 attachments compatible, tilt-head design",17,4.7,https://www.amazon.in/s?k=KitchenAid+Stand+Mixer+5qt
2499,Levi's Denim Jacket - Variant 6209,Clothing,7943,"Classic trucker jacket, 100% cotton denim, multiple color options",69,4.2,https://www.amazon.in/s?k=Levis+Denim+Jacket+Trucker
2500,Sunglasses Polarized - Variant 3978,Accessories,2226,"UV400 protection, polarized lenses, lightweight frame, unisex design",121,3.9,https://www.amazon.in/s?k=Polarized+Sunglasses+UV400
2501,Protein Powder Whey - Variant 3541,Health,4788,"25g protein per serving, chocolate flavor, 5lb bag, no artificial colors",24,4.7,https://www.amazon.in/s?k=Whey+Protein+Powder+Chocolate
2502,iPad Air 11inch - Variant 2375,Electronics,42160,"M2 chip, 11-inch Liquid Retina display, Apple Pencil Pro support, 256GB",11,5.0,https://www.amazon.in/s?k=iPad+Air+M2+11inch
2503,Omega-3 Fish Oil - Variant 7928,Health,1728,"1200mg EPA+DHA per serving, enteric coated, 90 softgels, no fishy aftertaste",99,4.5,https://www.amazon.in/s?k=Omega+3+Fish+Oil+1200mg
2504,Creatine Monohydrate - Variant 7316,Health,2212,"Micronized creatine, 5g per serving, unflavored, 60 servings, lab tested",121,4.8,https://www.amazon.in/s?k=Creatine+Monohydrate+Micronized
2505,Levi's 501 Jeans - Variant 3877,Clothing,4024,"Classic straight fit jeans, durable denim, available in multiple washes",97,4.1,https://www.amazon.in/s?k=Levis+501+Jeans
2506,Leather Wallet Slim - Variant 7593,Accessories,2160,"Genuine leather, RFID blocking, 8 card slots, minimalist design",72,4.7,https://www.amazon.in/s?k=Slim+Leather+Wallet+RFID
2507,Levi's 501 Jeans - Variant 6992,Clothing,4140,"Classic straight fit jeans, durable denim, available in multiple washes",103,4.3,https://www.amazon.in/s?k=Levis+501+Jeans
2508,Stand Mixer KitchenAid - Variant 8373,Kitchen,25740,"5-quart bowl, 10 speeds, 59 attachments compatible, tilt-head design",11,4.7,https://www.amazon.in/s?k=KitchenAid+Stand+Mixer+5qt
2509,Adidas Ultraboost 22 - Variant 9366,Shoes,17914,"Responsive Boost midsole, Primeknit upper, Continental rubber outsole",35,4.4,https://www.amazon.in/s?k=Adidas+Ultraboost+22
2510,Protein Powder Whey - Variant 5624,Health,4763,"25g protein per serving, chocolate flavor, 5lb bag, no artificial colors",46,4.5,https://www.amazon.in/s?k=Whey+Protein+Powder+Chocolate
2511,iPad Air 11inch - Variant 3909,Electronics,57706,"M2 chip, 11-inch Liquid Retina display, Apple Pencil Pro support, 256GB",20,4.7,https://www.amazon.in/s?k=iPad+Air+M2+11inch
2512,Hiking Boots Merrell - Variant 3882,Shoes,9930,"Waterproof leather, Vibram outsole, air cushion heel, ankle support",42,5.0,https://www.amazon.in/s?k=Merrell+Hiking+Boots+Waterproof
2513,Dumbbell Set Adjustable - Variant 2351,Sports,14525,"5-52.5 lbs per dumbbell, replaces 15 sets, fast adjust dial system",28,4.9,https://www.amazon.in/s?k=Adjustable+Dumbbell+Set
2514,Protein Powder Whey - Variant 5824,Health,4804,"25g protein per serving, chocolate flavor, 5lb bag, no artificial colors",22,4.5,https://www.amazon.in/s?k=Whey+Protein+Powder+Chocolate
2515,Webcam Logitech 4K - Variant 8287,Electronics,14522,"4K Ultra HD, auto-focus, built-in mic, works with Zoom and Teams",49,4.2,https://www.amazon.in/s?k=Logitech+4K+Webcam
2516,Yoga Mat Premium - Variant 1047,Sports,2991,"Non-slip 6mm thick mat, eco-friendly TPE material, includes carry strap",53,4.3,https://www.amazon.in/s?k=Premium+Yoga+Mat
2517,Running Shorts Nike - Variant 8658,Clothing,3042,"Dri-FIT fabric, 7-inch inseam, built-in brief, reflective details",63,4.4,https://www.amazon.in/s?k=Nike+Running+Shorts+DriFIT
2518,Rich Dad Poor Dad - Variant 6859,Books,1216,"Robert Kiyosaki's personal finance classic, updated 25th anniversary edition",232,4.4,https://www.amazon.in/s?k=Rich+Dad+Poor+Dad+Kiyosaki
2519,Sunglasses Polarized - Variant 2856,Accessories,2458,"UV400 protection, polarized lenses, lightweight frame, unisex design",115,3.9,https://www.amazon.in/s?k=Polarized+Sunglasses+UV400
2520,Creatine Monohydrate - Variant 4718,Health,2996,"Micronized creatine, 5g per serving, unflavored, 60 servings, lab tested",64,4.8,https://www.amazon.in/s?k=Creatine+Monohydrate+Micronized
2521,Dumbbell Set Adjustable - Variant 2486,Sports,10324,"5-52.5 lbs per dumbbell, replaces 15 sets, fast adjust dial system",26,5.0,https://www.amazon.in/s?k=Adjustable+Dumbbell+Set
2522,Air Fryer Ninja 6qt - Variant 6690,Kitchen,10826,"6-quart capacity, 4-in-1 functionality, up to 75% less fat, dishwasher safe",39,4.6,https://www.amazon.in/s?k=Ninja+Air+Fryer+6qt
2523,Dell 27inch Monitor - Variant 7017,Electronics,26245,"IPS panel, 165Hz refresh rate, 1ms response time, USB-C, FreeSync",10,4.9,https://www.amazon.in/s?k=Dell+27+inch+165Hz+Monitor
2524,Resistance Bands Set - Variant 4283,Sports,1837,"5 resistance levels, latex-free, includes door anchor and carry bag",76,4.6,https://www.amazon.in/s?k=Resistance+Bands+Set+5+levels
2525,Mechanical Keyboard RGB - Variant 8815,Electronics,6656,"TKL layout, Cherry MX switches, per-key RGB lighting, USB-C",49,4.8,https://www.amazon.in/s?k=Mechanical+Keyboard+RGB
2526,Dumbbell Set Adjustable - Variant 7473,Sports,11881,"5-52.5 lbs per dumbbell, replaces 15 sets, fast adjust dial system",20,4.7,https://www.amazon.in/s?k=Adjustable+Dumbbell+Set
2527,Adidas Ultraboost 22 - Variant 1936,Shoes,15168,"Responsive Boost midsole, Primeknit upper, Continental rubber outsole",84,4.3,https://www.amazon.in/s?k=Adidas+Ultraboost+22
2528,iPad Air 11inch - Variant 5903,Electronics,48098,"M2 chip, 11-inch Liquid Retina display, Apple Pencil Pro support, 256GB",24,4.5,https://www.amazon.in/s?k=iPad+Air+M2+11inch
2529,Harry Potter Box Set - Variant 5213,Books,7947,"Complete 7-book hardcover collection, illustrated edition",40,5.0,https://www.amazon.in/s?k=Harry+Potter+Box+Set+Hardcover
2530,Sunscreen SPF 50 EltaMD - Variant 7724,Beauty,2783,"Broad spectrum UV protection, oil-free, dermatologist recommended, 3oz",70,4.8,https://www.amazon.in/s?k=EltaMD+Sunscreen+SPF+50
2531,Face Wash CeraVe - Variant 7969,Beauty,1321,"Hydrating cleanser with ceramides and hyaluronic acid, 16oz, all skin types",243,4.6,https://www.amazon.in/s?k=CeraVe+Hydrating+Face+Wash
2532,Adidas Ultraboost 22 - Variant 7026,Shoes,14543,"Responsive Boost midsole, Primeknit upper, Continental rubber outsole",44,4.4,https://www.amazon.in/s?k=Adidas+Ultraboost+22
2533,Creatine Monohydrate - Variant 7747,Health,2581,"Micronized creatine, 5g per serving, unflavored, 60 servings, lab tested",146,4.5,https://www.amazon.in/s?k=Creatine+Monohydrate+Micronized
2534,Leather Wallet Slim - Variant 9553,Accessories,2100,"Genuine leather, RFID blocking, 8 card slots, minimalist design",166,4.4,https://www.amazon.in/s?k=Slim+Leather+Wallet+RFID
2535,Mechanical Keyboard RGB - Variant 1159,Electronics,5909,"TKL layout, Cherry MX switches, per-key RGB lighting, USB-C",47,4.5,https://www.amazon.in/s?k=Mechanical+Keyboard+RGB
2536,Backpack Osprey 40L - Variant 2268,Accessories,11992,"40L travel pack, TSA-friendly, laptop sleeve, rain cover included",45,5.0,https://www.amazon.in/s?k=Osprey+40L+Backpack
2537,Creatine Monohydrate - Variant 8579,Health,2538,"Micronized creatine, 5g per serving, unflavored, 60 servings, lab tested",83,4.6,https://www.amazon.in/s?k=Creatine+Monohydrate+Micronized
2538,Levi's 501 Jeans - Variant 1971,Clothing,5015,"Classic straight fit jeans, durable denim, available in multiple washes",68,4.2,https://www.amazon.in/s?k=Levis+501+Jeans
2539,Backpack Osprey 40L - Variant 3315,Accessories,12896,"40L travel pack, TSA-friendly, laptop sleeve, rain cover included",24,4.6,https://www.amazon.in/s?k=Osprey+40L+Backpack
2540,Instant Pot Duo 7-in-1 - Variant 3083,Kitchen,7114,"Pressure cooker, slow cooker, rice cooker, steamer, saute, yogurt maker",67,4.6,https://www.amazon.in/s?k=Instant+Pot+Duo
2541,Sunscreen SPF 50 EltaMD - Variant 2721,Beauty,3798,"Broad spectrum UV protection, oil-free, dermatologist recommended, 3oz",118,4.9,https://www.amazon.in/s?k=EltaMD+Sunscreen+SPF+50
2542,Rich Dad Poor Dad - Variant 2693,Books,1232,"Robert Kiyosaki's personal finance classic, updated 25th anniversary edition",149,4.9,https://www.amazon.in/s?k=Rich+Dad+Poor+Dad+Kiyosaki
2543,Instant Pot Duo 7-in-1 - Variant 8587,Kitchen,6689,"Pressure cooker, slow cooker, rice cooker, steamer, saute, yogurt maker",64,4.5,https://www.amazon.in/s?k=Instant+Pot+Duo
2544,Backpack Osprey 40L - Variant 7645,Accessories,14618,"40L travel pack, TSA-friendly, laptop sleeve, rain cover included",42,5.0,https://www.amazon.in/s?k=Osprey+40L+Backpack
2545,iPad Air 11inch - Variant 5835,Electronics,39998,"M2 chip, 11-inch Liquid Retina display, Apple Pencil Pro support, 256GB",26,5.0,https://www.amazon.in/s?k=iPad+Air+M2+11inch
2546,Atomic Habits Book - Variant 3918,Books,1503,James Clear's guide to building good habits and breaking bad ones,173,5.0,https://www.amazon.in/s?k=Atomic+Habits+James+Clear
2547,Harry Potter Box Set - Variant 9594,Books,7478,"Complete 7-book hardcover collection, illustrated edition",18,5.0,https://www.amazon.in/s?k=Harry+Potter+Box+Set+Hardcover
2548,The Alchemist Book - Variant 8325,Books,1493,Paulo Coelho's masterpiece about following your dreams and personal legend,108,5.0,https://www.amazon.in/s?k=The+Alchemist+Paulo+Coelho
2549,The Alchemist Book - Variant 2694,Books,1157,Paulo Coelho's masterpiece about following your dreams and personal legend,256,5.0,https://www.amazon.in/s?k=The+Alchemist+Paulo+Coelho
2550,Kindle Paperwhite - Variant 6365,Electronics,9501,"6.8-inch display, adjustable warm light, waterproof, 3 months free Kindle Unlimited",97,5.0,https://www.amazon.in/s?k=Kindle+Paperwhite+2024
2551,Sony WH-1000XM5 - Variant 8588,Electronics,32889,"Industry-leading noise cancellation, 30hr battery, multipoint connection",13,4.8,https://www.amazon.in/s?k=Sony+WH-1000XM5
2552,Blender Vitamix A2500 - Variant 4376,Kitchen,41892,"Variable speed control, 3 program settings, self-cleaning, 64oz container",28,4.6,https://www.amazon.in/s?k=Vitamix+A2500+Blender
2553,Hoodie Champion Reverse Weave - Variant 8309,Clothing,5968,"Heavyweight fleece, reverse weave construction, kangaroo pocket",90,4.3,https://www.amazon.in/s?k=Champion+Reverse+Weave+Hoodie
2554,Backpack Osprey 40L - Variant 5053,Accessories,12150,"40L travel pack, TSA-friendly, laptop sleeve, rain cover included",22,4.8,https://www.amazon.in/s?k=Osprey+40L+Backpack
2555,Instant Pot Duo 7-in-1 - Variant 9430,Kitchen,8299,"Pressure cooker, slow cooker, rice cooker, steamer, saute, yogurt maker",66,4.8,https://www.amazon.in/s?k=Instant+Pot+Duo
2556,Webcam Logitech 4K - Variant 3561,Electronics,12642,"4K Ultra HD, auto-focus, built-in mic, works with Zoom and Teams",48,4.2,https://www.amazon.in/s?k=Logitech+4K+Webcam
2557,Luggage Samsonite 28inch - Variant 8894,Accessories,14502,"Hardside spinner, TSA lock, expandable, lightweight polycarbonate shell",34,4.9,https://www.amazon.in/s?k=Samsonite+28+inch+Hardside+Luggage
2558,iPad Air 11inch - Variant 3278,Electronics,47184,"M2 chip, 11-inch Liquid Retina display, Apple Pencil Pro support, 256GB",13,5.0,https://www.amazon.in/s?k=iPad+Air+M2+11inch
2559,Harry Potter Box Set - Variant 2070,Books,6452,"Complete 7-book hardcover collection, illustrated edition",26,4.8,https://www.amazon.in/s?k=Harry+Potter+Box+Set+Hardcover
2560,Sunglasses Polarized - Variant 6261,Accessories,2385,"UV400 protection, polarized lenses, lightweight frame, unisex design",59,4.2,https://www.amazon.in/s?k=Polarized+Sunglasses+UV400
2561,Kindle Paperwhite - Variant 5098,Electronics,11503,"6.8-inch display, adjustable warm light, waterproof, 3 months free Kindle Unlimited",91,4.9,https://www.amazon.in/s?k=Kindle+Paperwhite+2024
2562,Sunscreen SPF 50 EltaMD - Variant 1657,Beauty,3038,"Broad spectrum UV protection, oil-free, dermatologist recommended, 3oz",67,5.0,https://www.amazon.in/s?k=EltaMD+Sunscreen+SPF+50
2563,Webcam Logitech 4K - Variant 3899,Electronics,14360,"4K Ultra HD, auto-focus, built-in mic, works with Zoom and Teams",39,4.3,https://www.amazon.in/s?k=Logitech+4K+Webcam
2564,The Alchemist Book - Variant 7281,Books,1444,Paulo Coelho's masterpiece about following your dreams and personal legend,222,5.0,https://www.amazon.in/s?k=The+Alchemist+Paulo+Coelho
2565,Sony WH-1000XM5 - Variant 3625,Electronics,31829,"Industry-leading noise cancellation, 30hr battery, multipoint connection",15,4.7,https://www.amazon.in/s?k=Sony+WH-1000XM5
2566,Vitamin C Serum - Variant 7431,Beauty,2079,"20% Vitamin C with hyaluronic acid, brightens skin, reduces dark spots",80,4.3,https://www.amazon.in/s?k=Vitamin+C+Serum+20+percent
2567,Retinol Night Cream - Variant 8341,Beauty,2465,"0.5% retinol with peptides, reduces fine lines, fragrance-free, 50ml",94,4.2,https://www.amazon.in/s?k=Retinol+Night+Cream+0.5+percent
2568,Yoga Mat Premium - Variant 5639,Sports,3173,"Non-slip 6mm thick mat, eco-friendly TPE material, includes carry strap",109,4.2,https://www.amazon.in/s?k=Premium+Yoga+Mat
2569,Protein Powder Whey - Variant 4402,Health,5220,"25g protein per serving, chocolate flavor, 5lb bag, no artificial colors",56,4.7,https://www.amazon.in/s?k=Whey+Protein+Powder+Chocolate
2570,Omega-3 Fish Oil - Variant 4025,Health,1850,"1200mg EPA+DHA per serving, enteric coated, 90 softgels, no fishy aftertaste",202,4.4,https://www.amazon.in/s?k=Omega+3+Fish+Oil+1200mg
2571,Webcam Logitech 4K - Variant 4582,Electronics,14373,"4K Ultra HD, auto-focus, built-in mic, works with Zoom and Teams",32,4.7,https://www.amazon.in/s?k=Logitech+4K+Webcam
2572,Webcam Logitech 4K - Variant 8799,Electronics,13582,"4K Ultra HD, auto-focus, built-in mic, works with Zoom and Teams",33,4.5,https://www.amazon.in/s?k=Logitech+4K+Webcam
2573,Linen Shirt Uniqlo - Variant 3947,Clothing,3088,"100% linen, breathable summer fabric, relaxed fit, 8 color options",230,4.3,https://www.amazon.in/s?k=Linen+Shirt+Men+Uniqlo
2574,The Alchemist Book - Variant 8312,Books,1179,Paulo Coelho's masterpiece about following your dreams and personal legend,184,4.9,https://www.amazon.in/s?k=The+Alchemist+Paulo+Coelho
2575,Retinol Night Cream - Variant 4966,Beauty,3222,"0.5% retinol with peptides, reduces fine lines, fragrance-free, 50ml",110,4.3,https://www.amazon.in/s?k=Retinol+Night+Cream+0.5+percent
2576,Jump Rope Speed - Variant 8105,Sports,1425,"Adjustable steel cable, ball bearing handles, suitable for all fitness levels",258,4.3,https://www.amazon.in/s?k=Speed+Jump+Rope+Adjustable
2577,Instant Pot Duo 7-in-1 - Variant 6943,Kitchen,6778,"Pressure cooker, slow cooker, rice cooker, steamer, saute, yogurt maker",53,4.8,https://www.amazon.in/s?k=Instant+Pot+Duo
2578,Resistance Bands Set - Variant 8866,Sports,1932,"5 resistance levels, latex-free, includes door anchor and carry bag",152,4.6,https://www.amazon.in/s?k=Resistance+Bands+Set+5+levels
2579,Omega-3 Fish Oil - Variant 8563,Health,1371,"1200mg EPA+DHA per serving, enteric coated, 90 softgels, no fishy aftertaste",117,4.4,https://www.amazon.in/s?k=Omega+3+Fish+Oil+1200mg
2580,Kindle Paperwhite - Variant 4252,Electronics,11445,"6.8-inch display, adjustable warm light, waterproof, 3 months free Kindle Unlimited",86,4.6,https://www.amazon.in/s?k=Kindle+Paperwhite+2024
2581,Rich Dad Poor Dad - Variant 7404,Books,948,"Robert Kiyosaki's personal finance classic, updated 25th anniversary edition",189,4.4,https://www.amazon.in/s?k=Rich+Dad+Poor+Dad+Kiyosaki
2582,Levi's 501 Jeans - Variant 5668,Clothing,5665,"Classic straight fit jeans, durable denim, available in multiple washes",166,4.2,https://www.amazon.in/s?k=Levis+501+Jeans
2583,Levi's 501 Jeans - Variant 7808,Clothing,4213,"Classic straight fit jeans, durable denim, available in multiple washes",171,4.4,https://www.amazon.in/s?k=Levis+501+Jeans
2584,Omega-3 Fish Oil - Variant 5262,Health,1836,"1200mg EPA+DHA per serving, enteric coated, 90 softgels, no fishy aftertaste",268,4.6,https://www.amazon.in/s?k=Omega+3+Fish+Oil+1200mg
2585,Jump Rope Speed - Variant 9366,Sports,1554,"Adjustable steel cable, ball bearing handles, suitable for all fitness levels",160,4.7,https://www.amazon.in/s?k=Speed+Jump+Rope+Adjustable
2586,Running Shorts Nike - Variant 4372,Clothing,3075,"Dri-FIT fabric, 7-inch inseam, built-in brief, reflective details",116,4.7,https://www.amazon.in/s?k=Nike+Running+Shorts+DriFIT
2587,Webcam Logitech 4K - Variant 8000,Electronics,10628,"4K Ultra HD, auto-focus, built-in mic, works with Zoom and Teams",48,4.8,https://www.amazon.in/s?k=Logitech+4K+Webcam
2588,Samsung 4K Smart TV 55inch - Variant 6075,Electronics,64768,"Crystal UHD display, built-in Alexa, HDR10+, 3 HDMI ports",16,4.8,https://www.amazon.in/s?k=Samsung+4K+Smart+TV+55inch
2589,Atomic Habits Book - Variant 9091,Books,1603,James Clear's guide to building good habits and breaking bad ones,382,5.0,https://www.amazon.in/s?k=Atomic+Habits+James+Clear
2590,Rich Dad Poor Dad - Variant 8480,Books,1208,"Robert Kiyosaki's personal finance classic, updated 25th anniversary edition",221,4.6,https://www.amazon.in/s?k=Rich+Dad+Poor+Dad+Kiyosaki
2591,Dell 27inch Monitor - Variant 2271,Electronics,24714,"IPS panel, 165Hz refresh rate, 1ms response time, USB-C, FreeSync",11,4.5,https://www.amazon.in/s?k=Dell+27+inch+165Hz+Monitor
2592,Levi's Denim Jacket - Variant 1956,Clothing,6566,"Classic trucker jacket, 100% cotton denim, multiple color options",100,4.4,https://www.amazon.in/s?k=Levis+Denim+Jacket+Trucker
2593,Hiking Boots Merrell - Variant 6727,Shoes,10396,"Waterproof leather, Vibram outsole, air cushion heel, ankle support",66,4.5,https://www.amazon.in/s?k=Merrell+Hiking+Boots+Waterproof
2594,Rich Dad Poor Dad - Variant 4738,Books,1097,"Robert Kiyosaki's personal finance classic, updated 25th anniversary edition",311,4.5,https://www.amazon.in/s?k=Rich+Dad+Poor+Dad+Kiyosaki
2595,Creatine Monohydrate - Variant 1058,Health,2465,"Micronized creatine, 5g per serving, unflavored, 60 servings, lab tested",68,4.5,https://www.amazon.in/s?k=Creatine+Monohydrate+Micronized
2596,Vitamin C Serum - Variant 1553,Beauty,2054,"20% Vitamin C with hyaluronic acid, brightens skin, reduces dark spots",221,4.2,https://www.amazon.in/s?k=Vitamin+C+Serum+20+percent
2597,Blender Vitamix A2500 - Variant 5279,Kitchen,32395,"Variable speed control, 3 program settings, self-cleaning, 64oz container",16,4.5,https://www.amazon.in/s?k=Vitamix+A2500+Blender
2598,Stand Mixer KitchenAid - Variant 9727,Kitchen,35082,"5-quart bowl, 10 speeds, 59 attachments compatible, tilt-head design",6,4.7,https://www.amazon.in/s?k=KitchenAid+Stand+Mixer+5qt
2599,Dumbbell Set Adjustable - Variant 4711,Sports,11580,"5-52.5 lbs per dumbbell, replaces 15 sets, fast adjust dial system",41,4.9,https://www.amazon.in/s?k=Adjustable+Dumbbell+Set
2600,Wireless Mouse Logitech - Variant 6291,Electronics,3260,"MX Master 3, ergonomic design, 4000 DPI, multi-device support",66,4.6,https://www.amazon.in/s?k=Logitech+MX+Master+3
2601,Sunscreen SPF 50 EltaMD - Variant 2993,Beauty,2710,"Broad spectrum UV protection, oil-free, dermatologist recommended, 3oz",68,5.0,https://www.amazon.in/s?k=EltaMD+Sunscreen+SPF+50
2602,Kindle Paperwhite - Variant 4729,Electronics,10611,"6.8-inch display, adjustable warm light, waterproof, 3 months free Kindle Unlimited",79,4.6,https://www.amazon.in/s?k=Kindle+Paperwhite+2024
2603,Webcam Logitech 4K - Variant 4656,Electronics,11314,"4K Ultra HD, auto-focus, built-in mic, works with Zoom and Teams",28,4.5,https://www.amazon.in/s?k=Logitech+4K+Webcam
2604,Sunglasses Polarized - Variant 2928,Accessories,2517,"UV400 protection, polarized lenses, lightweight frame, unisex design",98,3.8,https://www.amazon.in/s?k=Polarized+Sunglasses+UV400
2605,Atomic Habits Book - Variant 6413,Books,1764,James Clear's guide to building good habits and breaking bad ones,167,5.0,https://www.amazon.in/s?k=Atomic+Habits+James+Clear
2606,Apple AirPods Pro - Variant 5101,Electronics,20273,"Active noise cancellation, transparency mode, spatial audio, wireless charging",28,5.0,https://www.amazon.in/s?k=Apple+AirPods+Pro
2607,Kindle Paperwhite - Variant 6653,Electronics,11787,"6.8-inch display, adjustable warm light, waterproof, 3 months free Kindle Unlimited",64,4.6,https://www.amazon.in/s?k=Kindle+Paperwhite+2024
2608,Stand Mixer KitchenAid - Variant 2398,Kitchen,35431,"5-quart bowl, 10 speeds, 59 attachments compatible, tilt-head design",13,4.9,https://www.amazon.in/s?k=KitchenAid+Stand+Mixer+5qt
2609,Running Shorts Nike - Variant 7166,Clothing,3470,"Dri-FIT fabric, 7-inch inseam, built-in brief, reflective details",52,4.6,https://www.amazon.in/s?k=Nike+Running+Shorts+DriFIT
2610,Linen Shirt Uniqlo - Variant 5293,Clothing,3219,"100% linen, breathable summer fabric, relaxed fit, 8 color options",165,4.1,https://www.amazon.in/s?k=Linen+Shirt+Men+Uniqlo
2611,Converse Chuck Taylor - Variant 1767,Shoes,5561,"Classic canvas high-top, rubber sole, available in 20+ colors",277,4.6,https://www.amazon.in/s?k=Converse+Chuck+Taylor+High+Top
2612,Atomic Habits Book - Variant 7459,Books,1416,James Clear's guide to building good habits and breaking bad ones,207,4.9,https://www.amazon.in/s?k=Atomic+Habits+James+Clear
2613,Converse Chuck Taylor - Variant 9819,Shoes,4651,"Classic canvas high-top, rubber sole, available in 20+ colors",127,4.4,https://www.amazon.in/s?k=Converse+Chuck+Taylor+High+Top
2614,Nike Air Max 270 - Variant 6750,Shoes,9355,"Lightweight running shoe with Air Max cushioning, great for daily use",48,4.8,https://www.amazon.in/s?k=Nike+Air+Max+270
2615,Atomic Habits Workbook - Variant 5291,Books,1613,Companion workbook to Atomic Habits with exercises and habit trackers,142,4.7,https://www.amazon.in/s?k=Atomic+Habits+Workbook
2616,Creatine Monohydrate - Variant 8674,Health,2868,"Micronized creatine, 5g per serving, unflavored, 60 servings, lab tested",62,4.9,https://www.amazon.in/s?k=Creatine+Monohydrate+Micronized
2617,Yoga Mat Premium - Variant 7259,Sports,3256,"Non-slip 6mm thick mat, eco-friendly TPE material, includes carry strap",114,4.7,https://www.amazon.in/s?k=Premium+Yoga+Mat
2618,Sony WH-1000XM5 - Variant 1519,Electronics,34095,"Industry-leading noise cancellation, 30hr battery, multipoint connection",28,5.0,https://www.amazon.in/s?k=Sony+WH-1000XM5
2619,Vitamin C Serum - Variant 7528,Beauty,2210,"20% Vitamin C with hyaluronic acid, brightens skin, reduces dark spots",133,4.1,https://www.amazon.in/s?k=Vitamin+C+Serum+20+percent
2620,Jump Rope Speed - Variant 3844,Sports,1541,"Adjustable steel cable, ball bearing handles, suitable for all fitness levels",169,4.4,https://www.amazon.in/s?k=Speed+Jump+Rope+Adjustable
2621,Dumbbell Set Adjustable - Variant 7492,Sports,12022,"5-52.5 lbs per dumbbell, replaces 15 sets, fast adjust dial system",31,4.6,https://www.amazon.in/s?k=Adjustable+Dumbbell+Set
2622,New Balance 990v6 - Variant 1047,Shoes,16969,"Made in USA, premium suede and mesh upper, ENCAP midsole technology",19,4.6,https://www.amazon.in/s?k=New+Balance+990v6
2623,Vitamin C Serum - Variant 9892,Beauty,2509,"20% Vitamin C with hyaluronic acid, brightens skin, reduces dark spots",207,4.4,https://www.amazon.in/s?k=Vitamin+C+Serum+20+percent
2624,Apple AirPods Pro - Variant 2081,Electronics,19632,"Active noise cancellation, transparency mode, spatial audio, wireless charging",39,5.0,https://www.amazon.in/s?k=Apple+AirPods+Pro
2625,Luggage Samsonite 28inch - Variant 9129,Accessories,14919,"Hardside spinner, TSA lock, expandable, lightweight polycarbonate shell",39,4.6,https://www.amazon.in/s?k=Samsonite+28+inch+Hardside+Luggage
2626,Webcam Logitech 4K - Variant 7541,Electronics,11584,"4K Ultra HD, auto-focus, built-in mic, works with Zoom and Teams",66,4.6,https://www.amazon.in/s?k=Logitech+4K+Webcam
2627,Rich Dad Poor Dad - Variant 5008,Books,895,"Robert Kiyosaki's personal finance classic, updated 25th anniversary edition",143,4.8,https://www.amazon.in/s?k=Rich+Dad+Poor+Dad+Kiyosaki
2628,Coffee Maker Drip - Variant 1608,Kitchen,4500,"12-cup programmable coffee maker, built-in grinder, thermal carafe",72,4.6,https://www.amazon.in/s?k=Drip+Coffee+Maker
2629,Backpack Osprey 40L - Variant 1596,Accessories,13553,"40L travel pack, TSA-friendly, laptop sleeve, rain cover included",23,5.0,https://www.amazon.in/s?k=Osprey+40L+Backpack
2630,Rich Dad Poor Dad - Variant 5892,Books,919,"Robert Kiyosaki's personal finance classic, updated 25th anniversary edition",316,4.4,https://www.amazon.in/s?k=Rich+Dad+Poor+Dad+Kiyosaki
2631,Sunglasses Polarized - Variant 3698,Accessories,2248,"UV400 protection, polarized lenses, lightweight frame, unisex design",110,4.0,https://www.amazon.in/s?k=Polarized+Sunglasses+UV400
2632,Sony WH-1000XM5 - Variant 9925,Electronics,28929,"Industry-leading noise cancellation, 30hr battery, multipoint connection",34,5.0,https://www.amazon.in/s?k=Sony+WH-1000XM5
2633,Protein Powder Whey - Variant 9301,Health,5346,"25g protein per serving, chocolate flavor, 5lb bag, no artificial colors",32,4.4,https://www.amazon.in/s?k=Whey+Protein+Powder+Chocolate
2634,Blender Vitamix A2500 - Variant 4812,Kitchen,32210,"Variable speed control, 3 program settings, self-cleaning, 64oz container",24,4.7,https://www.amazon.in/s?k=Vitamix+A2500+Blender
2635,Running Shorts Nike - Variant 1165,Clothing,2381,"Dri-FIT fabric, 7-inch inseam, built-in brief, reflective details",139,4.1,https://www.amazon.in/s?k=Nike+Running+Shorts+DriFIT
2636,Samsung 4K Smart TV 55inch - Variant 5908,Electronics,50215,"Crystal UHD display, built-in Alexa, HDR10+, 3 HDMI ports",17,4.4,https://www.amazon.in/s?k=Samsung+4K+Smart+TV+55inch
2637,Webcam Logitech 4K - Variant 8786,Electronics,12337,"4K Ultra HD, auto-focus, built-in mic, works with Zoom and Teams",42,4.8,https://www.amazon.in/s?k=Logitech+4K+Webcam
2638,Nike Air Max 270 - Variant 8122,Shoes,8801,"Lightweight running shoe with Air Max cushioning, great for daily use",52,4.4,https://www.amazon.in/s?k=Nike+Air+Max+270
2639,Vitamin C Serum - Variant 4038,Beauty,2463,"20% Vitamin C with hyaluronic acid, brightens skin, reduces dark spots",85,4.5,https://www.amazon.in/s?k=Vitamin+C+Serum+20+percent
2640,Atomic Habits Book - Variant 6498,Books,1713,James Clear's guide to building good habits and breaking bad ones,354,5.0,https://www.amazon.in/s?k=Atomic+Habits+James+Clear
2641,The Alchemist Book - Variant 5598,Books,1085,Paulo Coelho's masterpiece about following your dreams and personal legend,280,4.9,https://www.amazon.in/s?k=The+Alchemist+Paulo+Coelho
2642,Converse Chuck Taylor - Variant 2475,Shoes,6145,"Classic canvas high-top, rubber sole, available in 20+ colors",152,4.4,https://www.amazon.in/s?k=Converse+Chuck+Taylor+High+Top
2643,Mechanical Keyboard RGB - Variant 7196,Electronics,7782,"TKL layout, Cherry MX switches, per-key RGB lighting, USB-C",49,4.3,https://www.amazon.in/s?k=Mechanical+Keyboard+RGB
2644,Vitamin C Serum - Variant 4794,Beauty,2067,"20% Vitamin C with hyaluronic acid, brightens skin, reduces dark spots",216,4.1,https://www.amazon.in/s?k=Vitamin+C+Serum+20+percent
2645,Linen Shirt Uniqlo - Variant 6511,Clothing,2745,"100% linen, breathable summer fabric, relaxed fit, 8 color options",202,4.5,https://www.amazon.in/s?k=Linen+Shirt+Men+Uniqlo
2646,Mechanical Keyboard RGB - Variant 5559,Electronics,5528,"TKL layout, Cherry MX switches, per-key RGB lighting, USB-C",29,4.5,https://www.amazon.in/s?k=Mechanical+Keyboard+RGB
2647,Luggage Samsonite 28inch - Variant 3303,Accessories,15256,"Hardside spinner, TSA lock, expandable, lightweight polycarbonate shell",26,4.6,https://www.amazon.in/s?k=Samsonite+28+inch+Hardside+Luggage
2648,Resistance Bands Set - Variant 9795,Sports,1632,"5 resistance levels, latex-free, includes door anchor and carry bag",151,4.4,https://www.amazon.in/s?k=Resistance+Bands+Set+5+levels
2649,Yoga Mat Premium - Variant 9583,Sports,2710,"Non-slip 6mm thick mat, eco-friendly TPE material, includes carry strap",133,4.4,https://www.amazon.in/s?k=Premium+Yoga+Mat
2650,The Alchemist Book - Variant 7176,Books,1008,Paulo Coelho's masterpiece about following your dreams and personal legend,206,4.9,https://www.amazon.in/s?k=The+Alchemist+Paulo+Coelho
2651,Retinol Night Cream - Variant 3597,Beauty,2237,"0.5% retinol with peptides, reduces fine lines, fragrance-free, 50ml",114,4.6,https://www.amazon.in/s?k=Retinol+Night+Cream+0.5+percent
2652,Hoodie Champion Reverse Weave - Variant 4752,Clothing,4520,"Heavyweight fleece, reverse weave construction, kangaroo pocket",57,4.4,https://www.amazon.in/s?k=Champion+Reverse+Weave+Hoodie
2653,Sunglasses Polarized - Variant 6143,Accessories,2197,"UV400 protection, polarized lenses, lightweight frame, unisex design",62,4.0,https://www.amazon.in/s?k=Polarized+Sunglasses+UV400
2654,Vitamin C Serum - Variant 8329,Beauty,2469,"20% Vitamin C with hyaluronic acid, brightens skin, reduces dark spots",119,3.9,https://www.amazon.in/s?k=Vitamin+C+Serum+20+percent
2655,Running Shorts Nike - Variant 8759,Clothing,3443,"Dri-FIT fabric, 7-inch inseam, built-in brief, reflective details",71,4.4,https://www.amazon.in/s?k=Nike+Running+Shorts+DriFIT
2656,Leather Wallet Slim - Variant 7819,Accessories,2256,"Genuine leather, RFID blocking, 8 card slots, minimalist design",203,4.4,https://www.amazon.in/s?k=Slim+Leather+Wallet+RFID
2657,Nike Air Max 270 - Variant 5823,Shoes,12319,"Lightweight running shoe with Air Max cushioning, great for daily use",73,4.4,https://www.amazon.in/s?k=Nike+Air+Max+270
2658,Dell 27inch Monitor - Variant 9940,Electronics,28151,"IPS panel, 165Hz refresh rate, 1ms response time, USB-C, FreeSync",17,4.4,https://www.amazon.in/s?k=Dell+27+inch+165Hz+Monitor
2659,Levi's Denim Jacket - Variant 2526,Clothing,8207,"Classic trucker jacket, 100% cotton denim, multiple color options",107,4.3,https://www.amazon.in/s?k=Levis+Denim+Jacket+Trucker
2660,Harry Potter Box Set - Variant 1840,Books,6417,"Complete 7-book hardcover collection, illustrated edition",33,4.8,https://www.amazon.in/s?k=Harry+Potter+Box+Set+Hardcover
2661,Instant Pot Duo 7-in-1 - Variant 4829,Kitchen,7999,"Pressure cooker, slow cooker, rice cooker, steamer, saute, yogurt maker",71,4.6,https://www.amazon.in/s?k=Instant+Pot+Duo
2662,New Balance 990v6 - Variant 1826,Shoes,15882,"Made in USA, premium suede and mesh upper, ENCAP midsole technology",47,4.4,https://www.amazon.in/s?k=New+Balance+990v6
2663,Vitamin C Serum - Variant 9559,Beauty,2151,"20% Vitamin C with hyaluronic acid, brightens skin, reduces dark spots",86,4.3,https://www.amazon.in/s?k=Vitamin+C+Serum+20+percent
2664,Levi's 501 Jeans - Variant 8058,Clothing,5991,"Classic straight fit jeans, durable denim, available in multiple washes",153,4.3,https://www.amazon.in/s?k=Levis+501+Jeans
2665,Nike Air Max 270 - Variant 1274,Shoes,11109,"Lightweight running shoe with Air Max cushioning, great for daily use",56,4.4,https://www.amazon.in/s?k=Nike+Air+Max+270
2666,Adidas Ultraboost 22 - Variant 7925,Shoes,18571,"Responsive Boost midsole, Primeknit upper, Continental rubber outsole",65,4.9,https://www.amazon.in/s?k=Adidas+Ultraboost+22
2667,Rich Dad Poor Dad - Variant 9304,Books,1076,"Robert Kiyosaki's personal finance classic, updated 25th anniversary edition",257,4.6,https://www.amazon.in/s?k=Rich+Dad+Poor+Dad+Kiyosaki
2668,Instant Pot Duo 7-in-1 - Variant 9285,Kitchen,7600,"Pressure cooker, slow cooker, rice cooker, steamer, saute, yogurt maker",83,4.5,https://www.amazon.in/s?k=Instant+Pot+Duo
2669,Retinol Night Cream - Variant 7291,Beauty,3108,"0.5% retinol with peptides, reduces fine lines, fragrance-free, 50ml",103,4.2,https://www.amazon.in/s?k=Retinol+Night+Cream+0.5+percent
2670,Luggage Samsonite 28inch - Variant 6596,Accessories,14992,"Hardside spinner, TSA lock, expandable, lightweight polycarbonate shell",19,4.4,https://www.amazon.in/s?k=Samsonite+28+inch+Hardside+Luggage
2671,Atomic Habits Workbook - Variant 4745,Books,1361,Companion workbook to Atomic Habits with exercises and habit trackers,82,4.2,https://www.amazon.in/s?k=Atomic+Habits+Workbook
2672,Yoga Mat Premium - Variant 4191,Sports,2884,"Non-slip 6mm thick mat, eco-friendly TPE material, includes carry strap",110,4.6,https://www.amazon.in/s?k=Premium+Yoga+Mat
2673,Levi's 501 Jeans - Variant 5466,Clothing,4330,"Classic straight fit jeans, durable denim, available in multiple washes",85,4.5,https://www.amazon.in/s?k=Levis+501+Jeans
2674,Hiking Boots Merrell - Variant 1413,Shoes,11480,"Waterproof leather, Vibram outsole, air cushion heel, ankle support",50,5.0,https://www.amazon.in/s?k=Merrell+Hiking+Boots+Waterproof
2675,Leather Wallet Slim - Variant 1211,Accessories,2471,"Genuine leather, RFID blocking, 8 card slots, minimalist design",73,4.6,https://www.amazon.in/s?k=Slim+Leather+Wallet+RFID
2676,Coffee Maker Drip - Variant 8046,Kitchen,4383,"12-cup programmable coffee maker, built-in grinder, thermal carafe",41,4.2,https://www.amazon.in/s?k=Drip+Coffee+Maker
2677,Dell 27inch Monitor - Variant 3705,Electronics,31258,"IPS panel, 165Hz refresh rate, 1ms response time, USB-C, FreeSync",11,4.9,https://www.amazon.in/s?k=Dell+27+inch+165Hz+Monitor
2678,Retinol Night Cream - Variant 1576,Beauty,3024,"0.5% retinol with peptides, reduces fine lines, fragrance-free, 50ml",66,4.2,https://www.amazon.in/s?k=Retinol+Night+Cream+0.5+percent
2679,Adidas Ultraboost 22 - Variant 5893,Shoes,13453,"Responsive Boost midsole, Primeknit upper, Continental rubber outsole",59,4.7,https://www.amazon.in/s?k=Adidas+Ultraboost+22
2680,The Alchemist Book - Variant 7790,Books,1033,Paulo Coelho's masterpiece about following your dreams and personal legend,216,4.7,https://www.amazon.in/s?k=The+Alchemist+Paulo+Coelho
2681,Jump Rope Speed - Variant 5359,Sports,1708,"Adjustable steel cable, ball bearing handles, suitable for all fitness levels",117,4.6,https://www.amazon.in/s?k=Speed+Jump+Rope+Adjustable
2682,Omega-3 Fish Oil - Variant 3806,Health,1789,"1200mg EPA+DHA per serving, enteric coated, 90 softgels, no fishy aftertaste",174,4.7,https://www.amazon.in/s?k=Omega+3+Fish+Oil+1200mg
2683,iPad Air 11inch - Variant 5243,Electronics,41739,"M2 chip, 11-inch Liquid Retina display, Apple Pencil Pro support, 256GB",21,4.7,https://www.amazon.in/s?k=iPad+Air+M2+11inch
2684,Wireless Mouse Logitech - Variant 6313,Electronics,3203,"MX Master 3, ergonomic design, 4000 DPI, multi-device support",44,4.7,https://www.amazon.in/s?k=Logitech+MX+Master+3
2685,Samsung 4K Smart TV 55inch - Variant 4661,Electronics,50762,"Crystal UHD display, built-in Alexa, HDR10+, 3 HDMI ports",19,4.9,https://www.amazon.in/s?k=Samsung+4K+Smart+TV+55inch
2686,Face Wash CeraVe - Variant 1504,Beauty,1349,"Hydrating cleanser with ceramides and hyaluronic acid, 16oz, all skin types",289,4.7,https://www.amazon.in/s?k=CeraVe+Hydrating+Face+Wash
2687,Coffee Maker Drip - Variant 5715,Kitchen,4850,"12-cup programmable coffee maker, built-in grinder, thermal carafe",70,4.2,https://www.amazon.in/s?k=Drip+Coffee+Maker
2688,Converse Chuck Taylor - Variant 8227,Shoes,6444,"Classic canvas high-top, rubber sole, available in 20+ colors",169,4.5,https://www.amazon.in/s?k=Converse+Chuck+Taylor+High+Top
2689,Converse Chuck Taylor - Variant 4296,Shoes,5320,"Classic canvas high-top, rubber sole, available in 20+ colors",205,4.3,https://www.amazon.in/s?k=Converse+Chuck+Taylor+High+Top
2690,Omega-3 Fish Oil - Variant 2725,Health,1439,"1200mg EPA+DHA per serving, enteric coated, 90 softgels, no fishy aftertaste",138,4.6,https://www.amazon.in/s?k=Omega+3+Fish+Oil+1200mg
2691,Vitamin C Serum - Variant 8670,Beauty,1853,"20% Vitamin C with hyaluronic acid, brightens skin, reduces dark spots",148,4.3,https://www.amazon.in/s?k=Vitamin+C+Serum+20+percent
2692,Leather Wallet Slim - Variant 9580,Accessories,1703,"Genuine leather, RFID blocking, 8 card slots, minimalist design",90,4.2,https://www.amazon.in/s?k=Slim+Leather+Wallet+RFID
2693,Backpack Osprey 40L - Variant 9114,Accessories,15166,"40L travel pack, TSA-friendly, laptop sleeve, rain cover included",33,4.6,https://www.amazon.in/s?k=Osprey+40L+Backpack
2694,Face Wash CeraVe - Variant 2203,Beauty,1448,"Hydrating cleanser with ceramides and hyaluronic acid, 16oz, all skin types",179,4.5,https://www.amazon.in/s?k=CeraVe+Hydrating+Face+Wash
2695,Backpack Osprey 40L - Variant 3089,Accessories,14179,"40L travel pack, TSA-friendly, laptop sleeve, rain cover included",45,4.9,https://www.amazon.in/s?k=Osprey+40L+Backpack
2696,Luggage Samsonite 28inch - Variant 5182,Accessories,13925,"Hardside spinner, TSA lock, expandable, lightweight polycarbonate shell",37,4.6,https://www.amazon.in/s?k=Samsonite+28+inch+Hardside+Luggage
2697,Protein Powder Whey - Variant 2035,Health,5107,"25g protein per serving, chocolate flavor, 5lb bag, no artificial colors",26,4.3,https://www.amazon.in/s?k=Whey+Protein+Powder+Chocolate
2698,iPad Air 11inch - Variant 5134,Electronics,50056,"M2 chip, 11-inch Liquid Retina display, Apple Pencil Pro support, 256GB",20,5.0,https://www.amazon.in/s?k=iPad+Air+M2+11inch
2699,Retinol Night Cream - Variant 7924,Beauty,2553,"0.5% retinol with peptides, reduces fine lines, fragrance-free, 50ml",82,4.3,https://www.amazon.in/s?k=Retinol+Night+Cream+0.5+percent
2700,Apple AirPods Pro - Variant 5043,Electronics,24688,"Active noise cancellation, transparency mode, spatial audio, wireless charging",21,4.8,https://www.amazon.in/s?k=Apple+AirPods+Pro
2701,Leather Wallet Slim - Variant 4678,Accessories,1788,"Genuine leather, RFID blocking, 8 card slots, minimalist design",86,4.4,https://www.amazon.in/s?k=Slim+Leather+Wallet+RFID
2702,Blender Vitamix A2500 - Variant 3835,Kitchen,38964,"Variable speed control, 3 program settings, self-cleaning, 64oz container",26,5.0,https://www.amazon.in/s?k=Vitamix+A2500+Blender
2703,Adidas Ultraboost 22 - Variant 2788,Shoes,18667,"Responsive Boost midsole, Primeknit upper, Continental rubber outsole",76,4.8,https://www.amazon.in/s?k=Adidas+Ultraboost+22
2704,Dumbbell Set Adjustable - Variant 3799,Sports,11571,"5-52.5 lbs per dumbbell, replaces 15 sets, fast adjust dial system",18,4.8,https://www.amazon.in/s?k=Adjustable+Dumbbell+Set
2705,Harry Potter Box Set - Variant 4753,Books,5819,"Complete 7-book hardcover collection, illustrated edition",49,5.0,https://www.amazon.in/s?k=Harry+Potter+Box+Set+Hardcover
2706,Dumbbell Set Adjustable - Variant 3678,Sports,12887,"5-52.5 lbs per dumbbell, replaces 15 sets, fast adjust dial system",43,4.5,https://www.amazon.in/s?k=Adjustable+Dumbbell+Set
2707,Apple AirPods Pro - Variant 3899,Electronics,23116,"Active noise cancellation, transparency mode, spatial audio, wireless charging",40,4.6,https://www.amazon.in/s?k=Apple+AirPods+Pro
2708,Hiking Boots Merrell - Variant 4433,Shoes,10776,"Waterproof leather, Vibram outsole, air cushion heel, ankle support",40,4.9,https://www.amazon.in/s?k=Merrell+Hiking+Boots+Waterproof
2709,Face Wash CeraVe - Variant 3001,Beauty,1028,"Hydrating cleanser with ceramides and hyaluronic acid, 16oz, all skin types",212,4.8,https://www.amazon.in/s?k=CeraVe+Hydrating+Face+Wash
2710,Levi's 501 Jeans - Variant 1712,Clothing,5073,"Classic straight fit jeans, durable denim, available in multiple washes",128,4.5,https://www.amazon.in/s?k=Levis+501+Jeans
2711,Jump Rope Speed - Variant 4246,Sports,1792,"Adjustable steel cable, ball bearing handles, suitable for all fitness levels",134,4.5,https://www.amazon.in/s?k=Speed+Jump+Rope+Adjustable
2712,Sunglasses Polarized - Variant 5354,Accessories,2238,"UV400 protection, polarized lenses, lightweight frame, unisex design",77,3.8,https://www.amazon.in/s?k=Polarized+Sunglasses+UV400
2713,Atomic Habits Book - Variant 9544,Books,1506,James Clear's guide to building good habits and breaking bad ones,188,4.9,https://www.amazon.in/s?k=Atomic+Habits+James+Clear
2714,Dell 27inch Monitor - Variant 1707,Electronics,26687,"IPS panel, 165Hz refresh rate, 1ms response time, USB-C, FreeSync",13,5.0,https://www.amazon.in/s?k=Dell+27+inch+165Hz+Monitor
2715,Blender Vitamix A2500 - Variant 2718,Kitchen,37189,"Variable speed control, 3 program settings, self-cleaning, 64oz container",26,5.0,https://www.amazon.in/s?k=Vitamix+A2500+Blender
2716,Dell 27inch Monitor - Variant 2545,Electronics,32588,"IPS panel, 165Hz refresh rate, 1ms response time, USB-C, FreeSync",14,4.6,https://www.amazon.in/s?k=Dell+27+inch+165Hz+Monitor
2717,Sunglasses Polarized - Variant 7983,Accessories,2849,"UV400 protection, polarized lenses, lightweight frame, unisex design",60,3.9,https://www.amazon.in/s?k=Polarized+Sunglasses+UV400
2718,Linen Shirt Uniqlo - Variant 5570,Clothing,2826,"100% linen, breathable summer fabric, relaxed fit, 8 color options",224,4.3,https://www.amazon.in/s?k=Linen+Shirt+Men+Uniqlo
2719,Adidas Ultraboost 22 - Variant 7798,Shoes,18173,"Responsive Boost midsole, Primeknit upper, Continental rubber outsole",30,4.5,https://www.amazon.in/s?k=Adidas+Ultraboost+22
2720,Retinol Night Cream - Variant 7591,Beauty,2577,"0.5% retinol with peptides, reduces fine lines, fragrance-free, 50ml",60,4.5,https://www.amazon.in/s?k=Retinol+Night+Cream+0.5+percent
2721,Running Shorts Nike - Variant 8109,Clothing,2528,"Dri-FIT fabric, 7-inch inseam, built-in brief, reflective details",74,4.7,https://www.amazon.in/s?k=Nike+Running+Shorts+DriFIT
2722,Blender Vitamix A2500 - Variant 1772,Kitchen,36071,"Variable speed control, 3 program settings, self-cleaning, 64oz container",27,4.5,https://www.amazon.in/s?k=Vitamix+A2500+Blender
2723,Levi's 501 Jeans - Variant 5566,Clothing,4292,"Classic straight fit jeans, durable denim, available in multiple washes",60,4.4,https://www.amazon.in/s?k=Levis+501+Jeans
2724,Adidas Ultraboost 22 - Variant 3202,Shoes,14096,"Responsive Boost midsole, Primeknit upper, Continental rubber outsole",67,4.6,https://www.amazon.in/s?k=Adidas+Ultraboost+22
2725,Backpack Osprey 40L - Variant 1880,Accessories,13884,"40L travel pack, TSA-friendly, laptop sleeve, rain cover included",31,5.0,https://www.amazon.in/s?k=Osprey+40L+Backpack
2726,Sony WH-1000XM5 - Variant 4309,Electronics,34172,"Industry-leading noise cancellation, 30hr battery, multipoint connection",21,4.9,https://www.amazon.in/s?k=Sony+WH-1000XM5
2727,Luggage Samsonite 28inch - Variant 4451,Accessories,19532,"Hardside spinner, TSA lock, expandable, lightweight polycarbonate shell",20,4.7,https://www.amazon.in/s?k=Samsonite+28+inch+Hardside+Luggage
2728,Adidas Ultraboost 22 - Variant 3036,Shoes,15751,"Responsive Boost midsole, Primeknit upper, Continental rubber outsole",75,4.5,https://www.amazon.in/s?k=Adidas+Ultraboost+22
2729,Running Shorts Nike - Variant 3915,Clothing,2509,"Dri-FIT fabric, 7-inch inseam, built-in brief, reflective details",78,4.6,https://www.amazon.in/s?k=Nike+Running+Shorts+DriFIT
2730,Luggage Samsonite 28inch - Variant 4461,Accessories,16682,"Hardside spinner, TSA lock, expandable, lightweight polycarbonate shell",15,4.8,https://www.amazon.in/s?k=Samsonite+28+inch+Hardside+Luggage
2731,Atomic Habits Workbook - Variant 4737,Books,1420,Companion workbook to Atomic Habits with exercises and habit trackers,171,4.5,https://www.amazon.in/s?k=Atomic+Habits+Workbook
2732,Dumbbell Set Adjustable - Variant 2027,Sports,10122,"5-52.5 lbs per dumbbell, replaces 15 sets, fast adjust dial system",34,4.6,https://www.amazon.in/s?k=Adjustable+Dumbbell+Set
2733,Converse Chuck Taylor - Variant 5645,Shoes,5185,"Classic canvas high-top, rubber sole, available in 20+ colors",138,4.6,https://www.amazon.in/s?k=Converse+Chuck+Taylor+High+Top
2734,Vitamin C Serum - Variant 3154,Beauty,2257,"20% Vitamin C with hyaluronic acid, brightens skin, reduces dark spots",157,4.5,https://www.amazon.in/s?k=Vitamin+C+Serum+20+percent
2735,Samsung 4K Smart TV 55inch - Variant 4704,Electronics,66266,"Crystal UHD display, built-in Alexa, HDR10+, 3 HDMI ports",12,4.7,https://www.amazon.in/s?k=Samsung+4K+Smart+TV+55inch
2736,iPad Air 11inch - Variant 7936,Electronics,56639,"M2 chip, 11-inch Liquid Retina display, Apple Pencil Pro support, 256GB",28,5.0,https://www.amazon.in/s?k=iPad+Air+M2+11inch
2737,Creatine Monohydrate - Variant 4570,Health,2311,"Micronized creatine, 5g per serving, unflavored, 60 servings, lab tested",97,4.6,https://www.amazon.in/s?k=Creatine+Monohydrate+Micronized
2738,Converse Chuck Taylor - Variant 5072,Shoes,4487,"Classic canvas high-top, rubber sole, available in 20+ colors",188,4.3,https://www.amazon.in/s?k=Converse+Chuck+Taylor+High+Top
2739,Dell 27inch Monitor - Variant 7714,Electronics,23688,"IPS panel, 165Hz refresh rate, 1ms response time, USB-C, FreeSync",16,4.7,https://www.amazon.in/s?k=Dell+27+inch+165Hz+Monitor
2740,Sony WH-1000XM5 - Variant 8647,Electronics,31839,"Industry-leading noise cancellation, 30hr battery, multipoint connection",30,4.6,https://www.amazon.in/s?k=Sony+WH-1000XM5
2741,Coffee Maker Drip - Variant 5042,Kitchen,3404,"12-cup programmable coffee maker, built-in grinder, thermal carafe",56,4.5,https://www.amazon.in/s?k=Drip+Coffee+Maker
2742,Apple AirPods Pro - Variant 8131,Electronics,22248,"Active noise cancellation, transparency mode, spatial audio, wireless charging",20,5.0,https://www.amazon.in/s?k=Apple+AirPods+Pro
2743,Wireless Mouse Logitech - Variant 1838,Electronics,2731,"MX Master 3, ergonomic design, 4000 DPI, multi-device support",50,4.4,https://www.amazon.in/s?k=Logitech+MX+Master+3
2744,Rich Dad Poor Dad - Variant 5466,Books,1252,"Robert Kiyosaki's personal finance classic, updated 25th anniversary edition",242,4.7,https://www.amazon.in/s?k=Rich+Dad+Poor+Dad+Kiyosaki
2745,Stand Mixer KitchenAid - Variant 3689,Kitchen,27443,"5-quart bowl, 10 speeds, 59 attachments compatible, tilt-head design",11,4.9,https://www.amazon.in/s?k=KitchenAid+Stand+Mixer+5qt
2746,Blender Vitamix A2500 - Variant 6442,Kitchen,36112,"Variable speed control, 3 program settings, self-cleaning, 64oz container",30,4.8,https://www.amazon.in/s?k=Vitamix+A2500+Blender
2747,Luggage Samsonite 28inch - Variant 7460,Accessories,16479,"Hardside spinner, TSA lock, expandable, lightweight polycarbonate shell",21,4.7,https://www.amazon.in/s?k=Samsonite+28+inch+Hardside+Luggage
2748,Face Wash CeraVe - Variant 4758,Beauty,1325,"Hydrating cleanser with ceramides and hyaluronic acid, 16oz, all skin types",146,4.8,https://www.amazon.in/s?k=CeraVe+Hydrating+Face+Wash
2749,Vitamin C Serum - Variant 3438,Beauty,2144,"20% Vitamin C with hyaluronic acid, brightens skin, reduces dark spots",125,3.9,https://www.amazon.in/s?k=Vitamin+C+Serum+20+percent
2750,Levi's Denim Jacket - Variant 3195,Clothing,7667,"Classic trucker jacket, 100% cotton denim, multiple color options",110,4.5,https://www.amazon.in/s?k=Levis+Denim+Jacket+Trucker
2751,Jump Rope Speed - Variant 9868,Sports,1339,"Adjustable steel cable, ball bearing handles, suitable for all fitness levels",228,4.5,https://www.amazon.in/s?k=Speed+Jump+Rope+Adjustable
2752,Hoodie Champion Reverse Weave - Variant 8033,Clothing,6430,"Heavyweight fleece, reverse weave construction, kangaroo pocket",82,4.8,https://www.amazon.in/s?k=Champion+Reverse+Weave+Hoodie
2753,Hoodie Champion Reverse Weave - Variant 9762,Clothing,6127,"Heavyweight fleece, reverse weave construction, kangaroo pocket",102,4.5,https://www.amazon.in/s?k=Champion+Reverse+Weave+Hoodie
2754,Jump Rope Speed - Variant 3642,Sports,1786,"Adjustable steel cable, ball bearing handles, suitable for all fitness levels",174,4.5,https://www.amazon.in/s?k=Speed+Jump+Rope+Adjustable
2755,New Balance 990v6 - Variant 4336,Shoes,16941,"Made in USA, premium suede and mesh upper, ENCAP midsole technology",50,4.4,https://www.amazon.in/s?k=New+Balance+990v6
2756,Face Wash CeraVe - Variant 9517,Beauty,1466,"Hydrating cleanser with ceramides and hyaluronic acid, 16oz, all skin types",314,4.7,https://www.amazon.in/s?k=CeraVe+Hydrating+Face+Wash
2757,Leather Wallet Slim - Variant 3860,Accessories,1729,"Genuine leather, RFID blocking, 8 card slots, minimalist design",177,4.2,https://www.amazon.in/s?k=Slim+Leather+Wallet+RFID
2758,Jump Rope Speed - Variant 4960,Sports,1651,"Adjustable steel cable, ball bearing handles, suitable for all fitness levels",160,4.5,https://www.amazon.in/s?k=Speed+Jump+Rope+Adjustable
2759,Jump Rope Speed - Variant 6577,Sports,1740,"Adjustable steel cable, ball bearing handles, suitable for all fitness levels",95,4.2,https://www.amazon.in/s?k=Speed+Jump+Rope+Adjustable
2760,Samsung 4K Smart TV 55inch - Variant 6834,Electronics,68745,"Crystal UHD display, built-in Alexa, HDR10+, 3 HDMI ports",17,4.4,https://www.amazon.in/s?k=Samsung+4K+Smart+TV+55inch
2761,Yoga Mat Premium - Variant 4647,Sports,2794,"Non-slip 6mm thick mat, eco-friendly TPE material, includes carry strap",104,4.5,https://www.amazon.in/s?k=Premium+Yoga+Mat
2762,Retinol Night Cream - Variant 3425,Beauty,2296,"0.5% retinol with peptides, reduces fine lines, fragrance-free, 50ml",59,4.1,https://www.amazon.in/s?k=Retinol+Night+Cream+0.5+percent
2763,Stand Mixer KitchenAid - Variant 9278,Kitchen,25846,"5-quart bowl, 10 speeds, 59 attachments compatible, tilt-head design",11,4.6,https://www.amazon.in/s?k=KitchenAid+Stand+Mixer+5qt
2764,Kindle Paperwhite - Variant 3687,Electronics,9758,"6.8-inch display, adjustable warm light, waterproof, 3 months free Kindle Unlimited",53,5.0,https://www.amazon.in/s?k=Kindle+Paperwhite+2024
2765,Dell 27inch Monitor - Variant 1645,Electronics,27127,"IPS panel, 165Hz refresh rate, 1ms response time, USB-C, FreeSync",11,4.9,https://www.amazon.in/s?k=Dell+27+inch+165Hz+Monitor
2766,Face Wash CeraVe - Variant 1821,Beauty,1350,"Hydrating cleanser with ceramides and hyaluronic acid, 16oz, all skin types",242,4.8,https://www.amazon.in/s?k=CeraVe+Hydrating+Face+Wash
2767,Multivitamin Men's - Variant 6493,Health,1690,"23 essential vitamins and minerals, once daily, 90 tablets, no artificial colors",122,4.5,https://www.amazon.in/s?k=Mens+Multivitamin+Daily
2768,iPad Air 11inch - Variant 7669,Electronics,51465,"M2 chip, 11-inch Liquid Retina display, Apple Pencil Pro support, 256GB",17,4.8,https://www.amazon.in/s?k=iPad+Air+M2+11inch
2769,Vitamin C Serum - Variant 3966,Beauty,2101,"20% Vitamin C with hyaluronic acid, brightens skin, reduces dark spots",107,4.5,https://www.amazon.in/s?k=Vitamin+C+Serum+20+percent
2770,Omega-3 Fish Oil - Variant 8219,Health,1793,"1200mg EPA+DHA per serving, enteric coated, 90 softgels, no fishy aftertaste",222,4.8,https://www.amazon.in/s?k=Omega+3+Fish+Oil+1200mg
2771,Sunglasses Polarized - Variant 3570,Accessories,2325,"UV400 protection, polarized lenses, lightweight frame, unisex design",87,4.1,https://www.amazon.in/s?k=Polarized+Sunglasses+UV400
2772,The Alchemist Book - Variant 4458,Books,1305,Paulo Coelho's masterpiece about following your dreams and personal legend,193,4.9,https://www.amazon.in/s?k=The+Alchemist+Paulo+Coelho
2773,Face Wash CeraVe - Variant 4931,Beauty,1370,"Hydrating cleanser with ceramides and hyaluronic acid, 16oz, all skin types",226,4.5,https://www.amazon.in/s?k=CeraVe+Hydrating+Face+Wash
2774,Mechanical Keyboard RGB - Variant 8318,Electronics,5501,"TKL layout, Cherry MX switches, per-key RGB lighting, USB-C",59,4.5,https://www.amazon.in/s?k=Mechanical+Keyboard+RGB
2775,Hoodie Champion Reverse Weave - Variant 7706,Clothing,6012,"Heavyweight fleece, reverse weave construction, kangaroo pocket",50,4.5,https://www.amazon.in/s?k=Champion+Reverse+Weave+Hoodie
2776,New Balance 990v6 - Variant 3007,Shoes,16268,"Made in USA, premium suede and mesh upper, ENCAP midsole technology",26,4.4,https://www.amazon.in/s?k=New+Balance+990v6
2777,Blender Vitamix A2500 - Variant 5241,Kitchen,38152,"Variable speed control, 3 program settings, self-cleaning, 64oz container",29,5.0,https://www.amazon.in/s?k=Vitamix+A2500+Blender
2778,Levi's Denim Jacket - Variant 6358,Clothing,8608,"Classic trucker jacket, 100% cotton denim, multiple color options",73,4.7,https://www.amazon.in/s?k=Levis+Denim+Jacket+Trucker
2779,Apple AirPods Pro - Variant 6867,Electronics,21257,"Active noise cancellation, transparency mode, spatial audio, wireless charging",22,4.8,https://www.amazon.in/s?k=Apple+AirPods+Pro
2780,Running Shorts Nike - Variant 1166,Clothing,3258,"Dri-FIT fabric, 7-inch inseam, built-in brief, reflective details",136,4.1,https://www.amazon.in/s?k=Nike+Running+Shorts+DriFIT
2781,Sunscreen SPF 50 EltaMD - Variant 9461,Beauty,2751,"Broad spectrum UV protection, oil-free, dermatologist recommended, 3oz",82,5.0,https://www.amazon.in/s?k=EltaMD+Sunscreen+SPF+50
2782,Backpack Osprey 40L - Variant 1738,Accessories,11753,"40L travel pack, TSA-friendly, laptop sleeve, rain cover included",23,4.6,https://www.amazon.in/s?k=Osprey+40L+Backpack
2783,Adidas Ultraboost 22 - Variant 6015,Shoes,13696,"Responsive Boost midsole, Primeknit upper, Continental rubber outsole",50,4.8,https://www.amazon.in/s?k=Adidas+Ultraboost+22
2784,Wireless Mouse Logitech - Variant 9937,Electronics,2877,"MX Master 3, ergonomic design, 4000 DPI, multi-device support",102,4.6,https://www.amazon.in/s?k=Logitech+MX+Master+3
2785,Hiking Boots Merrell - Variant 4930,Shoes,11874,"Waterproof leather, Vibram outsole, air cushion heel, ankle support",38,4.8,https://www.amazon.in/s?k=Merrell+Hiking+Boots+Waterproof
2786,Stand Mixer KitchenAid - Variant 8702,Kitchen,26297,"5-quart bowl, 10 speeds, 59 attachments compatible, tilt-head design",17,4.6,https://www.amazon.in/s?k=KitchenAid+Stand+Mixer+5qt
2787,Omega-3 Fish Oil - Variant 2173,Health,1942,"1200mg EPA+DHA per serving, enteric coated, 90 softgels, no fishy aftertaste",151,4.8,https://www.amazon.in/s?k=Omega+3+Fish+Oil+1200mg
2788,Hoodie Champion Reverse Weave - Variant 3797,Clothing,4705,"Heavyweight fleece, reverse weave construction, kangaroo pocket",49,4.6,https://www.amazon.in/s?k=Champion+Reverse+Weave+Hoodie
2789,Nike Air Max 270 - Variant 4774,Shoes,12349,"Lightweight running shoe with Air Max cushioning, great for daily use",65,4.4,https://www.amazon.in/s?k=Nike+Air+Max+270
2790,Sunglasses Polarized - Variant 5830,Accessories,2497,"UV400 protection, polarized lenses, lightweight frame, unisex design",94,4.0,https://www.amazon.in/s?k=Polarized+Sunglasses+UV400
2791,Backpack Osprey 40L - Variant 2532,Accessories,15383,"40L travel pack, TSA-friendly, laptop sleeve, rain cover included",44,4.9,https://www.amazon.in/s?k=Osprey+40L+Backpack
2792,Blender Vitamix A2500 - Variant 5238,Kitchen,41755,"Variable speed control, 3 program settings, self-cleaning, 64oz container",14,5.0,https://www.amazon.in/s?k=Vitamix+A2500+Blender
2793,Protein Powder Whey - Variant 3264,Health,4380,"25g protein per serving, chocolate flavor, 5lb bag, no artificial colors",49,4.5,https://www.amazon.in/s?k=Whey+Protein+Powder+Chocolate
2794,Face Wash CeraVe - Variant 5829,Beauty,1346,"Hydrating cleanser with ceramides and hyaluronic acid, 16oz, all skin types",182,4.9,https://www.amazon.in/s?k=CeraVe+Hydrating+Face+Wash
2795,Air Fryer Ninja 6qt - Variant 2328,Kitchen,11124,"6-quart capacity, 4-in-1 functionality, up to 75% less fat, dishwasher safe",31,4.8,https://www.amazon.in/s?k=Ninja+Air+Fryer+6qt
2796,Kindle Paperwhite - Variant 5680,Electronics,11946,"6.8-inch display, adjustable warm light, waterproof, 3 months free Kindle Unlimited",83,4.9,https://www.amazon.in/s?k=Kindle+Paperwhite+2024
2797,Mechanical Keyboard RGB - Variant 8344,Electronics,6479,"TKL layout, Cherry MX switches, per-key RGB lighting, USB-C",56,4.4,https://www.amazon.in/s?k=Mechanical+Keyboard+RGB
2798,Webcam Logitech 4K - Variant 9645,Electronics,14405,"4K Ultra HD, auto-focus, built-in mic, works with Zoom and Teams",42,4.5,https://www.amazon.in/s?k=Logitech+4K+Webcam
2799,iPad Air 11inch - Variant 1809,Electronics,51310,"M2 chip, 11-inch Liquid Retina display, Apple Pencil Pro support, 256GB",14,4.9,https://www.amazon.in/s?k=iPad+Air+M2+11inch
2800,Sunscreen SPF 50 EltaMD - Variant 4682,Beauty,3172,"Broad spectrum UV protection, oil-free, dermatologist recommended, 3oz",78,4.8,https://www.amazon.in/s?k=EltaMD+Sunscreen+SPF+50
2801,Levi's 501 Jeans - Variant 1878,Clothing,5456,"Classic straight fit jeans, durable denim, available in multiple washes",141,4.4,https://www.amazon.in/s?k=Levis+501+Jeans
2802,The Alchemist Book - Variant 8039,Books,1233,Paulo Coelho's masterpiece about following your dreams and personal legend,198,5.0,https://www.amazon.in/s?k=The+Alchemist+Paulo+Coelho
2803,Converse Chuck Taylor - Variant 4597,Shoes,6149,"Classic canvas high-top, rubber sole, available in 20+ colors",265,4.5,https://www.amazon.in/s?k=Converse+Chuck+Taylor+High+Top
2804,Retinol Night Cream - Variant 5848,Beauty,2837,"0.5% retinol with peptides, reduces fine lines, fragrance-free, 50ml",119,4.1,https://www.amazon.in/s?k=Retinol+Night+Cream+0.5+percent
2805,Apple AirPods Pro - Variant 9105,Electronics,23114,"Active noise cancellation, transparency mode, spatial audio, wireless charging",36,4.6,https://www.amazon.in/s?k=Apple+AirPods+Pro
2806,Instant Pot Duo 7-in-1 - Variant 9562,Kitchen,8415,"Pressure cooker, slow cooker, rice cooker, steamer, saute, yogurt maker",56,4.8,https://www.amazon.in/s?k=Instant+Pot+Duo
2807,Levi's 501 Jeans - Variant 6006,Clothing,4806,"Classic straight fit jeans, durable denim, available in multiple washes",62,4.2,https://www.amazon.in/s?k=Levis+501+Jeans
2808,Apple AirPods Pro - Variant 9586,Electronics,17677,"Active noise cancellation, transparency mode, spatial audio, wireless charging",21,4.8,https://www.amazon.in/s?k=Apple+AirPods+Pro
2809,Dumbbell Set Adjustable - Variant 2866,Sports,14613,"5-52.5 lbs per dumbbell, replaces 15 sets, fast adjust dial system",43,4.9,https://www.amazon.in/s?k=Adjustable+Dumbbell+Set
2810,Coffee Maker Drip - Variant 7705,Kitchen,4201,"12-cup programmable coffee maker, built-in grinder, thermal carafe",73,4.6,https://www.amazon.in/s?k=Drip+Coffee+Maker
2811,Coffee Maker Drip - Variant 7752,Kitchen,4432,"12-cup programmable coffee maker, built-in grinder, thermal carafe",70,4.1,https://www.amazon.in/s?k=Drip+Coffee+Maker
2812,Leather Wallet Slim - Variant 4407,Accessories,2489,"Genuine leather, RFID blocking, 8 card slots, minimalist design",158,4.4,https://www.amazon.in/s?k=Slim+Leather+Wallet+RFID
2813,Running Shorts Nike - Variant 2895,Clothing,3269,"Dri-FIT fabric, 7-inch inseam, built-in brief, reflective details",82,4.2,https://www.amazon.in/s?k=Nike+Running+Shorts+DriFIT
2814,Harry Potter Box Set - Variant 2889,Books,5621,"Complete 7-book hardcover collection, illustrated edition",42,5.0,https://www.amazon.in/s?k=Harry+Potter+Box+Set+Hardcover
2815,Hiking Boots Merrell - Variant 7688,Shoes,11680,"Waterproof leather, Vibram outsole, air cushion heel, ankle support",67,4.5,https://www.amazon.in/s?k=Merrell+Hiking+Boots+Waterproof
2816,Creatine Monohydrate - Variant 6366,Health,2503,"Micronized creatine, 5g per serving, unflavored, 60 servings, lab tested",140,4.6,https://www.amazon.in/s?k=Creatine+Monohydrate+Micronized
2817,Levi's 501 Jeans - Variant 4057,Clothing,4012,"Classic straight fit jeans, durable denim, available in multiple washes",91,4.4,https://www.amazon.in/s?k=Levis+501+Jeans
2818,The Alchemist Book - Variant 4016,Books,1208,Paulo Coelho's masterpiece about following your dreams and personal legend,281,4.9,https://www.amazon.in/s?k=The+Alchemist+Paulo+Coelho
2819,Hoodie Champion Reverse Weave - Variant 1106,Clothing,6524,"Heavyweight fleece, reverse weave construction, kangaroo pocket",57,4.5,https://www.amazon.in/s?k=Champion+Reverse+Weave+Hoodie
2820,Multivitamin Men's - Variant 3582,Health,2250,"23 essential vitamins and minerals, once daily, 90 tablets, no artificial colors",158,4.6,https://www.amazon.in/s?k=Mens+Multivitamin+Daily
2821,Dell 27inch Monitor - Variant 1280,Electronics,25577,"IPS panel, 165Hz refresh rate, 1ms response time, USB-C, FreeSync",21,4.9,https://www.amazon.in/s?k=Dell+27+inch+165Hz+Monitor
2822,iPad Air 11inch - Variant 8463,Electronics,44514,"M2 chip, 11-inch Liquid Retina display, Apple Pencil Pro support, 256GB",13,4.5,https://www.amazon.in/s?k=iPad+Air+M2+11inch
2823,Sunscreen SPF 50 EltaMD - Variant 4255,Beauty,3606,"Broad spectrum UV protection, oil-free, dermatologist recommended, 3oz",101,4.5,https://www.amazon.in/s?k=EltaMD+Sunscreen+SPF+50
2824,Sunscreen SPF 50 EltaMD - Variant 4694,Beauty,3289,"Broad spectrum UV protection, oil-free, dermatologist recommended, 3oz",108,4.7,https://www.amazon.in/s?k=EltaMD+Sunscreen+SPF+50
2825,Backpack Osprey 40L - Variant 3858,Accessories,12736,"40L travel pack, TSA-friendly, laptop sleeve, rain cover included",45,5.0,https://www.amazon.in/s?k=Osprey+40L+Backpack
2826,Retinol Night Cream - Variant 3113,Beauty,2787,"0.5% retinol with peptides, reduces fine lines, fragrance-free, 50ml",136,4.1,https://www.amazon.in/s?k=Retinol+Night+Cream+0.5+percent
2827,Mechanical Keyboard RGB - Variant 5198,Electronics,7352,"TKL layout, Cherry MX switches, per-key RGB lighting, USB-C",36,4.7,https://www.amazon.in/s?k=Mechanical+Keyboard+RGB
2828,Wireless Mouse Logitech - Variant 6503,Electronics,3269,"MX Master 3, ergonomic design, 4000 DPI, multi-device support",62,4.9,https://www.amazon.in/s?k=Logitech+MX+Master+3
2829,Atomic Habits Workbook - Variant 4849,Books,1124,Companion workbook to Atomic Habits with exercises and habit trackers,117,4.5,https://www.amazon.in/s?k=Atomic+Habits+Workbook
2830,Rich Dad Poor Dad - Variant 5490,Books,952,"Robert Kiyosaki's personal finance classic, updated 25th anniversary edition",205,4.9,https://www.amazon.in/s?k=Rich+Dad+Poor+Dad+Kiyosaki
2831,Kindle Paperwhite - Variant 8971,Electronics,10647,"6.8-inch display, adjustable warm light, waterproof, 3 months free Kindle Unlimited",94,4.4,https://www.amazon.in/s?k=Kindle+Paperwhite+2024
2832,iPad Air 11inch - Variant 7036,Electronics,47246,"M2 chip, 11-inch Liquid Retina display, Apple Pencil Pro support, 256GB",28,4.7,https://www.amazon.in/s?k=iPad+Air+M2+11inch
2833,The Alchemist Book - Variant 6459,Books,1208,Paulo Coelho's masterpiece about following your dreams and personal legend,178,5.0,https://www.amazon.in/s?k=The+Alchemist+Paulo+Coelho
2834,Dumbbell Set Adjustable - Variant 3371,Sports,12474,"5-52.5 lbs per dumbbell, replaces 15 sets, fast adjust dial system",31,4.6,https://www.amazon.in/s?k=Adjustable+Dumbbell+Set
2835,Stand Mixer KitchenAid - Variant 2686,Kitchen,35332,"5-quart bowl, 10 speeds, 59 attachments compatible, tilt-head design",16,5.0,https://www.amazon.in/s?k=KitchenAid+Stand+Mixer+5qt
2836,Atomic Habits Book - Variant 1501,Books,1711,James Clear's guide to building good habits and breaking bad ones,384,5.0,https://www.amazon.in/s?k=Atomic+Habits+James+Clear
2837,iPad Air 11inch - Variant 1753,Electronics,57081,"M2 chip, 11-inch Liquid Retina display, Apple Pencil Pro support, 256GB",21,4.9,https://www.amazon.in/s?k=iPad+Air+M2+11inch
2838,Coffee Maker Drip - Variant 5259,Kitchen,3676,"12-cup programmable coffee maker, built-in grinder, thermal carafe",42,4.3,https://www.amazon.in/s?k=Drip+Coffee+Maker
2839,Multivitamin Men's - Variant 3140,Health,1834,"23 essential vitamins and minerals, once daily, 90 tablets, no artificial colors",126,4.2,https://www.amazon.in/s?k=Mens+Multivitamin+Daily
2840,The Alchemist Book - Variant 8024,Books,1294,Paulo Coelho's masterpiece about following your dreams and personal legend,234,4.8,https://www.amazon.in/s?k=The+Alchemist+Paulo+Coelho
2841,Webcam Logitech 4K - Variant 1343,Electronics,10947,"4K Ultra HD, auto-focus, built-in mic, works with Zoom and Teams",62,4.5,https://www.amazon.in/s?k=Logitech+4K+Webcam
2842,Adidas Ultraboost 22 - Variant 7180,Shoes,18774,"Responsive Boost midsole, Primeknit upper, Continental rubber outsole",78,4.9,https://www.amazon.in/s?k=Adidas+Ultraboost+22
2843,Omega-3 Fish Oil - Variant 8700,Health,1794,"1200mg EPA+DHA per serving, enteric coated, 90 softgels, no fishy aftertaste",200,4.8,https://www.amazon.in/s?k=Omega+3+Fish+Oil+1200mg
2844,Wireless Mouse Logitech - Variant 9262,Electronics,3310,"MX Master 3, ergonomic design, 4000 DPI, multi-device support",96,4.8,https://www.amazon.in/s?k=Logitech+MX+Master+3
2845,iPad Air 11inch - Variant 9620,Electronics,42166,"M2 chip, 11-inch Liquid Retina display, Apple Pencil Pro support, 256GB",18,4.9,https://www.amazon.in/s?k=iPad+Air+M2+11inch
2846,Luggage Samsonite 28inch - Variant 9284,Accessories,19685,"Hardside spinner, TSA lock, expandable, lightweight polycarbonate shell",25,4.8,https://www.amazon.in/s?k=Samsonite+28+inch+Hardside+Luggage
2847,Levi's 501 Jeans - Variant 1595,Clothing,4716,"Classic straight fit jeans, durable denim, available in multiple washes",150,4.2,https://www.amazon.in/s?k=Levis+501+Jeans
2848,Atomic Habits Workbook - Variant 4281,Books,1346,Companion workbook to Atomic Habits with exercises and habit trackers,141,4.3,https://www.amazon.in/s?k=Atomic+Habits+Workbook
2849,Omega-3 Fish Oil - Variant 7135,Health,1960,"1200mg EPA+DHA per serving, enteric coated, 90 softgels, no fishy aftertaste",178,4.3,https://www.amazon.in/s?k=Omega+3+Fish+Oil+1200mg
2850,Blender Vitamix A2500 - Variant 5386,Kitchen,36761,"Variable speed control, 3 program settings, self-cleaning, 64oz container",12,5.0,https://www.amazon.in/s?k=Vitamix+A2500+Blender
2851,Nike Air Max 270 - Variant 6910,Shoes,12808,"Lightweight running shoe with Air Max cushioning, great for daily use",66,4.8,https://www.amazon.in/s?k=Nike+Air+Max+270
2852,Hoodie Champion Reverse Weave - Variant 2066,Clothing,6111,"Heavyweight fleece, reverse weave construction, kangaroo pocket",94,4.6,https://www.amazon.in/s?k=Champion+Reverse+Weave+Hoodie
2853,Apple AirPods Pro - Variant 1216,Electronics,21640,"Active noise cancellation, transparency mode, spatial audio, wireless charging",16,4.8,https://www.amazon.in/s?k=Apple+AirPods+Pro
2854,Sunscreen SPF 50 EltaMD - Variant 2540,Beauty,2649,"Broad spectrum UV protection, oil-free, dermatologist recommended, 3oz",84,4.9,https://www.amazon.in/s?k=EltaMD+Sunscreen+SPF+50
2855,New Balance 990v6 - Variant 6090,Shoes,18144,"Made in USA, premium suede and mesh upper, ENCAP midsole technology",32,4.5,https://www.amazon.in/s?k=New+Balance+990v6
2856,Air Fryer Ninja 6qt - Variant 2508,Kitchen,8458,"6-quart capacity, 4-in-1 functionality, up to 75% less fat, dishwasher safe",67,4.6,https://www.amazon.in/s?k=Ninja+Air+Fryer+6qt
2857,Multivitamin Men's - Variant 2711,Health,2098,"23 essential vitamins and minerals, once daily, 90 tablets, no artificial colors",129,4.3,https://www.amazon.in/s?k=Mens+Multivitamin+Daily
2858,Sony WH-1000XM5 - Variant 7446,Electronics,24078,"Industry-leading noise cancellation, 30hr battery, multipoint connection",33,4.6,https://www.amazon.in/s?k=Sony+WH-1000XM5
2859,iPad Air 11inch - Variant 9976,Electronics,44969,"M2 chip, 11-inch Liquid Retina display, Apple Pencil Pro support, 256GB",26,4.8,https://www.amazon.in/s?k=iPad+Air+M2+11inch
2860,Mechanical Keyboard RGB - Variant 2036,Electronics,5616,"TKL layout, Cherry MX switches, per-key RGB lighting, USB-C",34,4.6,https://www.amazon.in/s?k=Mechanical+Keyboard+RGB
2861,Yoga Mat Premium - Variant 3281,Sports,2970,"Non-slip 6mm thick mat, eco-friendly TPE material, includes carry strap",75,4.6,https://www.amazon.in/s?k=Premium+Yoga+Mat
2862,Air Fryer Ninja 6qt - Variant 2655,Kitchen,11892,"6-quart capacity, 4-in-1 functionality, up to 75% less fat, dishwasher safe",70,4.9,https://www.amazon.in/s?k=Ninja+Air+Fryer+6qt
2863,Converse Chuck Taylor - Variant 5273,Shoes,5513,"Classic canvas high-top, rubber sole, available in 20+ colors",207,4.6,https://www.amazon.in/s?k=Converse+Chuck+Taylor+High+Top
2864,Rich Dad Poor Dad - Variant 7217,Books,1205,"Robert Kiyosaki's personal finance classic, updated 25th anniversary edition",196,4.8,https://www.amazon.in/s?k=Rich+Dad+Poor+Dad+Kiyosaki
2865,Multivitamin Men's - Variant 8256,Health,1876,"23 essential vitamins and minerals, once daily, 90 tablets, no artificial colors",183,4.6,https://www.amazon.in/s?k=Mens+Multivitamin+Daily
2866,Resistance Bands Set - Variant 9221,Sports,1734,"5 resistance levels, latex-free, includes door anchor and carry bag",86,4.6,https://www.amazon.in/s?k=Resistance+Bands+Set+5+levels
2867,Apple AirPods Pro - Variant 5549,Electronics,20658,"Active noise cancellation, transparency mode, spatial audio, wireless charging",15,4.9,https://www.amazon.in/s?k=Apple+AirPods+Pro
2868,Multivitamin Men's - Variant 6340,Health,2216,"23 essential vitamins and minerals, once daily, 90 tablets, no artificial colors",110,4.7,https://www.amazon.in/s?k=Mens+Multivitamin+Daily
2869,Yoga Mat Premium - Variant 5672,Sports,2846,"Non-slip 6mm thick mat, eco-friendly TPE material, includes carry strap",85,4.6,https://www.amazon.in/s?k=Premium+Yoga+Mat
2870,iPad Air 11inch - Variant 1599,Electronics,40270,"M2 chip, 11-inch Liquid Retina display, Apple Pencil Pro support, 256GB",12,4.6,https://www.amazon.in/s?k=iPad+Air+M2+11inch
2871,Dumbbell Set Adjustable - Variant 2473,Sports,11374,"5-52.5 lbs per dumbbell, replaces 15 sets, fast adjust dial system",33,4.9,https://www.amazon.in/s?k=Adjustable+Dumbbell+Set
2872,Hiking Boots Merrell - Variant 6361,Shoes,9877,"Waterproof leather, Vibram outsole, air cushion heel, ankle support",23,5.0,https://www.amazon.in/s?k=Merrell+Hiking+Boots+Waterproof
2873,Converse Chuck Taylor - Variant 9734,Shoes,5977,"Classic canvas high-top, rubber sole, available in 20+ colors",214,4.5,https://www.amazon.in/s?k=Converse+Chuck+Taylor+High+Top
2874,Face Wash CeraVe - Variant 6118,Beauty,1129,"Hydrating cleanser with ceramides and hyaluronic acid, 16oz, all skin types",328,4.5,https://www.amazon.in/s?k=CeraVe+Hydrating+Face+Wash
2875,Mechanical Keyboard RGB - Variant 5407,Electronics,7754,"TKL layout, Cherry MX switches, per-key RGB lighting, USB-C",33,4.6,https://www.amazon.in/s?k=Mechanical+Keyboard+RGB
2876,Hoodie Champion Reverse Weave - Variant 5163,Clothing,6274,"Heavyweight fleece, reverse weave construction, kangaroo pocket",102,4.4,https://www.amazon.in/s?k=Champion+Reverse+Weave+Hoodie
2877,Yoga Mat Premium - Variant 3655,Sports,2536,"Non-slip 6mm thick mat, eco-friendly TPE material, includes carry strap",129,4.7,https://www.amazon.in/s?k=Premium+Yoga+Mat
2878,Apple AirPods Pro - Variant 3383,Electronics,20696,"Active noise cancellation, transparency mode, spatial audio, wireless charging",41,4.6,https://www.amazon.in/s?k=Apple+AirPods+Pro
2879,Hoodie Champion Reverse Weave - Variant 7417,Clothing,4793,"Heavyweight fleece, reverse weave construction, kangaroo pocket",71,4.4,https://www.amazon.in/s?k=Champion+Reverse+Weave+Hoodie
2880,Coffee Maker Drip - Variant 6351,Kitchen,4806,"12-cup programmable coffee maker, built-in grinder, thermal carafe",49,4.5,https://www.amazon.in/s?k=Drip+Coffee+Maker
2881,Omega-3 Fish Oil - Variant 4660,Health,1493,"1200mg EPA+DHA per serving, enteric coated, 90 softgels, no fishy aftertaste",196,4.3,https://www.amazon.in/s?k=Omega+3+Fish+Oil+1200mg
2882,Retinol Night Cream - Variant 7823,Beauty,3191,"0.5% retinol with peptides, reduces fine lines, fragrance-free, 50ml",92,4.3,https://www.amazon.in/s?k=Retinol+Night+Cream+0.5+percent
2883,New Balance 990v6 - Variant 3455,Shoes,14709,"Made in USA, premium suede and mesh upper, ENCAP midsole technology",43,4.7,https://www.amazon.in/s?k=New+Balance+990v6
2884,Protein Powder Whey - Variant 9639,Health,4670,"25g protein per serving, chocolate flavor, 5lb bag, no artificial colors",43,4.8,https://www.amazon.in/s?k=Whey+Protein+Powder+Chocolate
2885,Levi's Denim Jacket - Variant 8275,Clothing,8637,"Classic trucker jacket, 100% cotton denim, multiple color options",102,4.4,https://www.amazon.in/s?k=Levis+Denim+Jacket+Trucker
2886,Blender Vitamix A2500 - Variant 9605,Kitchen,42705,"Variable speed control, 3 program settings, self-cleaning, 64oz container",13,4.9,https://www.amazon.in/s?k=Vitamix+A2500+Blender
2887,Kindle Paperwhite - Variant 4620,Electronics,9909,"6.8-inch display, adjustable warm light, waterproof, 3 months free Kindle Unlimited",68,5.0,https://www.amazon.in/s?k=Kindle+Paperwhite+2024
2888,Protein Powder Whey - Variant 2822,Health,5009,"25g protein per serving, chocolate flavor, 5lb bag, no artificial colors",39,4.6,https://www.amazon.in/s?k=Whey+Protein+Powder+Chocolate
2889,Atomic Habits Workbook - Variant 5876,Books,1500,Companion workbook to Atomic Habits with exercises and habit trackers,175,4.8,https://www.amazon.in/s?k=Atomic+Habits+Workbook
2890,Stand Mixer KitchenAid - Variant 3422,Kitchen,25653,"5-quart bowl, 10 speeds, 59 attachments compatible, tilt-head design",6,4.9,https://www.amazon.in/s?k=KitchenAid+Stand+Mixer+5qt
2891,Linen Shirt Uniqlo - Variant 5574,Clothing,3421,"100% linen, breathable summer fabric, relaxed fit, 8 color options",108,4.4,https://www.amazon.in/s?k=Linen+Shirt+Men+Uniqlo
2892,Converse Chuck Taylor - Variant 2797,Shoes,5580,"Classic canvas high-top, rubber sole, available in 20+ colors",250,4.2,https://www.amazon.in/s?k=Converse+Chuck+Taylor+High+Top
2893,Creatine Monohydrate - Variant 7408,Health,2902,"Micronized creatine, 5g per serving, unflavored, 60 servings, lab tested",139,4.3,https://www.amazon.in/s?k=Creatine+Monohydrate+Micronized
2894,Atomic Habits Workbook - Variant 9686,Books,1322,Companion workbook to Atomic Habits with exercises and habit trackers,161,4.3,https://www.amazon.in/s?k=Atomic+Habits+Workbook
2895,Adidas Ultraboost 22 - Variant 1094,Shoes,17964,"Responsive Boost midsole, Primeknit upper, Continental rubber outsole",38,4.8,https://www.amazon.in/s?k=Adidas+Ultraboost+22
2896,Dell 27inch Monitor - Variant 5903,Electronics,29442,"IPS panel, 165Hz refresh rate, 1ms response time, USB-C, FreeSync",10,4.9,https://www.amazon.in/s?k=Dell+27+inch+165Hz+Monitor
2897,Webcam Logitech 4K - Variant 8581,Electronics,12628,"4K Ultra HD, auto-focus, built-in mic, works with Zoom and Teams",67,4.3,https://www.amazon.in/s?k=Logitech+4K+Webcam
2898,Dell 27inch Monitor - Variant 2858,Electronics,29941,"IPS panel, 165Hz refresh rate, 1ms response time, USB-C, FreeSync",12,5.0,https://www.amazon.in/s?k=Dell+27+inch+165Hz+Monitor
2899,Mechanical Keyboard RGB - Variant 2584,Electronics,5619,"TKL layout, Cherry MX switches, per-key RGB lighting, USB-C",31,4.4,https://www.amazon.in/s?k=Mechanical+Keyboard+RGB
2900,Resistance Bands Set - Variant 8985,Sports,1711,"5 resistance levels, latex-free, includes door anchor and carry bag",187,4.7,https://www.amazon.in/s?k=Resistance+Bands+Set+5+levels
2901,The Alchemist Book - Variant 3618,Books,1091,Paulo Coelho's masterpiece about following your dreams and personal legend,137,5.0,https://www.amazon.in/s?k=The+Alchemist+Paulo+Coelho
2902,Adidas Ultraboost 22 - Variant 5867,Shoes,14893,"Responsive Boost midsole, Primeknit upper, Continental rubber outsole",64,4.5,https://www.amazon.in/s?k=Adidas+Ultraboost+22
2903,Vitamin C Serum - Variant 9420,Beauty,1815,"20% Vitamin C with hyaluronic acid, brightens skin, reduces dark spots",165,4.0,https://www.amazon.in/s?k=Vitamin+C+Serum+20+percent
2904,Wireless Mouse Logitech - Variant 7425,Electronics,3315,"MX Master 3, ergonomic design, 4000 DPI, multi-device support",80,4.7,https://www.amazon.in/s?k=Logitech+MX+Master+3
2905,Atomic Habits Book - Variant 5655,Books,1379,James Clear's guide to building good habits and breaking bad ones,272,4.6,https://www.amazon.in/s?k=Atomic+Habits+James+Clear
2906,Yoga Mat Premium - Variant 6939,Sports,3307,"Non-slip 6mm thick mat, eco-friendly TPE material, includes carry strap",114,4.5,https://www.amazon.in/s?k=Premium+Yoga+Mat
2907,Hoodie Champion Reverse Weave - Variant 7677,Clothing,6448,"Heavyweight fleece, reverse weave construction, kangaroo pocket",73,4.8,https://www.amazon.in/s?k=Champion+Reverse+Weave+Hoodie
2908,Hiking Boots Merrell - Variant 3197,Shoes,12179,"Waterproof leather, Vibram outsole, air cushion heel, ankle support",52,5.0,https://www.amazon.in/s?k=Merrell+Hiking+Boots+Waterproof
2909,Atomic Habits Book - Variant 7363,Books,1389,James Clear's guide to building good habits and breaking bad ones,439,5.0,https://www.amazon.in/s?k=Atomic+Habits+James+Clear
2910,Sunglasses Polarized - Variant 4281,Accessories,2127,"UV400 protection, polarized lenses, lightweight frame, unisex design",102,4.4,https://www.amazon.in/s?k=Polarized+Sunglasses+UV400
2911,Apple AirPods Pro - Variant 2721,Electronics,21446,"Active noise cancellation, transparency mode, spatial audio, wireless charging",17,4.6,https://www.amazon.in/s?k=Apple+AirPods+Pro
2912,Jump Rope Speed - Variant 5186,Sports,1597,"Adjustable steel cable, ball bearing handles, suitable for all fitness levels",247,4.7,https://www.amazon.in/s?k=Speed+Jump+Rope+Adjustable
2913,Protein Powder Whey - Variant 8969,Health,4259,"25g protein per serving, chocolate flavor, 5lb bag, no artificial colors",50,4.3,https://www.amazon.in/s?k=Whey+Protein+Powder+Chocolate
2914,New Balance 990v6 - Variant 8370,Shoes,15004,"Made in USA, premium suede and mesh upper, ENCAP midsole technology",38,4.6,https://www.amazon.in/s?k=New+Balance+990v6
2915,Mechanical Keyboard RGB - Variant 7570,Electronics,7125,"TKL layout, Cherry MX switches, per-key RGB lighting, USB-C",40,4.2,https://www.amazon.in/s?k=Mechanical+Keyboard+RGB
2916,Webcam Logitech 4K - Variant 4200,Electronics,10451,"4K Ultra HD, auto-focus, built-in mic, works with Zoom and Teams",64,4.4,https://www.amazon.in/s?k=Logitech+4K+Webcam
2917,Face Wash CeraVe - Variant 6021,Beauty,1463,"Hydrating cleanser with ceramides and hyaluronic acid, 16oz, all skin types",149,4.6,https://www.amazon.in/s?k=CeraVe+Hydrating+Face+Wash
2918,Face Wash CeraVe - Variant 1491,Beauty,1432,"Hydrating cleanser with ceramides and hyaluronic acid, 16oz, all skin types",168,4.5,https://www.amazon.in/s?k=CeraVe+Hydrating+Face+Wash
2919,Face Wash CeraVe - Variant 5725,Beauty,1048,"Hydrating cleanser with ceramides and hyaluronic acid, 16oz, all skin types",237,4.4,https://www.amazon.in/s?k=CeraVe+Hydrating+Face+Wash
2920,Sunglasses Polarized - Variant 9832,Accessories,2049,"UV400 protection, polarized lenses, lightweight frame, unisex design",108,4.2,https://www.amazon.in/s?k=Polarized+Sunglasses+UV400
2921,Levi's 501 Jeans - Variant 7490,Clothing,4712,"Classic straight fit jeans, durable denim, available in multiple washes",71,4.4,https://www.amazon.in/s?k=Levis+501+Jeans
2922,Levi's 501 Jeans - Variant 7057,Clothing,5756,"Classic straight fit jeans, durable denim, available in multiple washes",95,4.3,https://www.amazon.in/s?k=Levis+501+Jeans
2923,Luggage Samsonite 28inch - Variant 5551,Accessories,16524,"Hardside spinner, TSA lock, expandable, lightweight polycarbonate shell",20,4.7,https://www.amazon.in/s?k=Samsonite+28+inch+Hardside+Luggage
2924,New Balance 990v6 - Variant 2916,Shoes,18238,"Made in USA, premium suede and mesh upper, ENCAP midsole technology",21,4.7,https://www.amazon.in/s?k=New+Balance+990v6
2925,Mechanical Keyboard RGB - Variant 1092,Electronics,6959,"TKL layout, Cherry MX switches, per-key RGB lighting, USB-C",38,4.4,https://www.amazon.in/s?k=Mechanical+Keyboard+RGB
2926,Luggage Samsonite 28inch - Variant 8158,Accessories,17527,"Hardside spinner, TSA lock, expandable, lightweight polycarbonate shell",22,4.7,https://www.amazon.in/s?k=Samsonite+28+inch+Hardside+Luggage
2927,Face Wash CeraVe - Variant 2153,Beauty,1420,"Hydrating cleanser with ceramides and hyaluronic acid, 16oz, all skin types",223,4.5,https://www.amazon.in/s?k=CeraVe+Hydrating+Face+Wash
2928,Levi's 501 Jeans - Variant 1725,Clothing,4224,"Classic straight fit jeans, durable denim, available in multiple washes",149,4.2,https://www.amazon.in/s?k=Levis+501+Jeans
2929,Linen Shirt Uniqlo - Variant 4390,Clothing,3329,"100% linen, breathable summer fabric, relaxed fit, 8 color options",203,4.0,https://www.amazon.in/s?k=Linen+Shirt+Men+Uniqlo
2930,Apple AirPods Pro - Variant 2803,Electronics,23392,"Active noise cancellation, transparency mode, spatial audio, wireless charging",23,5.0,https://www.amazon.in/s?k=Apple+AirPods+Pro
2931,Samsung 4K Smart TV 55inch - Variant 1161,Electronics,60817,"Crystal UHD display, built-in Alexa, HDR10+, 3 HDMI ports",9,4.6,https://www.amazon.in/s?k=Samsung+4K+Smart+TV+55inch
2932,Face Wash CeraVe - Variant 3477,Beauty,1339,"Hydrating cleanser with ceramides and hyaluronic acid, 16oz, all skin types",270,4.6,https://www.amazon.in/s?k=CeraVe+Hydrating+Face+Wash
2933,Face Wash CeraVe - Variant 8810,Beauty,1124,"Hydrating cleanser with ceramides and hyaluronic acid, 16oz, all skin types",261,4.7,https://www.amazon.in/s?k=CeraVe+Hydrating+Face+Wash
2934,Harry Potter Box Set - Variant 7988,Books,5353,"Complete 7-book hardcover collection, illustrated edition",44,5.0,https://www.amazon.in/s?k=Harry+Potter+Box+Set+Hardcover
2935,Jump Rope Speed - Variant 1177,Sports,1799,"Adjustable steel cable, ball bearing handles, suitable for all fitness levels",247,4.1,https://www.amazon.in/s?k=Speed+Jump+Rope+Adjustable
2936,Resistance Bands Set - Variant 6720,Sports,2022,"5 resistance levels, latex-free, includes door anchor and carry bag",120,4.6,https://www.amazon.in/s?k=Resistance+Bands+Set+5+levels
2937,Harry Potter Box Set - Variant 6322,Books,7297,"Complete 7-book hardcover collection, illustrated edition",25,5.0,https://www.amazon.in/s?k=Harry+Potter+Box+Set+Hardcover
2938,The Alchemist Book - Variant 4581,Books,1094,Paulo Coelho's masterpiece about following your dreams and personal legend,114,4.6,https://www.amazon.in/s?k=The+Alchemist+Paulo+Coelho
2939,New Balance 990v6 - Variant 9333,Shoes,16089,"Made in USA, premium suede and mesh upper, ENCAP midsole technology",27,4.5,https://www.amazon.in/s?k=New+Balance+990v6
2940,Protein Powder Whey - Variant 7087,Health,5400,"25g protein per serving, chocolate flavor, 5lb bag, no artificial colors",53,4.4,https://www.amazon.in/s?k=Whey+Protein+Powder+Chocolate
2941,Running Shorts Nike - Variant 9756,Clothing,3232,"Dri-FIT fabric, 7-inch inseam, built-in brief, reflective details",64,4.4,https://www.amazon.in/s?k=Nike+Running+Shorts+DriFIT
2942,Hiking Boots Merrell - Variant 9058,Shoes,13877,"Waterproof leather, Vibram outsole, air cushion heel, ankle support",34,4.8,https://www.amazon.in/s?k=Merrell+Hiking+Boots+Waterproof
2943,Vitamin C Serum - Variant 6626,Beauty,1743,"20% Vitamin C with hyaluronic acid, brightens skin, reduces dark spots",106,4.5,https://www.amazon.in/s?k=Vitamin+C+Serum+20+percent
2944,Sony WH-1000XM5 - Variant 3249,Electronics,33771,"Industry-leading noise cancellation, 30hr battery, multipoint connection",21,4.7,https://www.amazon.in/s?k=Sony+WH-1000XM5
2945,Samsung 4K Smart TV 55inch - Variant 7690,Electronics,54288,"Crystal UHD display, built-in Alexa, HDR10+, 3 HDMI ports",11,4.6,https://www.amazon.in/s?k=Samsung+4K+Smart+TV+55inch
2946,The Alchemist Book - Variant 5467,Books,1053,Paulo Coelho's masterpiece about following your dreams and personal legend,112,4.9,https://www.amazon.in/s?k=The+Alchemist+Paulo+Coelho
2947,Levi's 501 Jeans - Variant 1465,Clothing,4282,"Classic straight fit jeans, durable denim, available in multiple washes",175,4.3,https://www.amazon.in/s?k=Levis+501+Jeans
2948,Wireless Mouse Logitech - Variant 8988,Electronics,3833,"MX Master 3, ergonomic design, 4000 DPI, multi-device support",86,4.6,https://www.amazon.in/s?k=Logitech+MX+Master+3
2949,Hoodie Champion Reverse Weave - Variant 6549,Clothing,5363,"Heavyweight fleece, reverse weave construction, kangaroo pocket",94,4.9,https://www.amazon.in/s?k=Champion+Reverse+Weave+Hoodie
2950,Hiking Boots Merrell - Variant 4722,Shoes,11442,"Waterproof leather, Vibram outsole, air cushion heel, ankle support",54,4.9,https://www.amazon.in/s?k=Merrell+Hiking+Boots+Waterproof
2951,Nike Air Max 270 - Variant 2068,Shoes,11363,"Lightweight running shoe with Air Max cushioning, great for daily use",53,4.3,https://www.amazon.in/s?k=Nike+Air+Max+270
2952,Sunglasses Polarized - Variant 9691,Accessories,2697,"UV400 protection, polarized lenses, lightweight frame, unisex design",102,4.4,https://www.amazon.in/s?k=Polarized+Sunglasses+UV400
2953,Protein Powder Whey - Variant 6531,Health,4544,"25g protein per serving, chocolate flavor, 5lb bag, no artificial colors",62,4.5,https://www.amazon.in/s?k=Whey+Protein+Powder+Chocolate
2954,Creatine Monohydrate - Variant 4121,Health,2528,"Micronized creatine, 5g per serving, unflavored, 60 servings, lab tested",145,4.4,https://www.amazon.in/s?k=Creatine+Monohydrate+Micronized
2955,Jump Rope Speed - Variant 1942,Sports,1745,"Adjustable steel cable, ball bearing handles, suitable for all fitness levels",241,4.3,https://www.amazon.in/s?k=Speed+Jump+Rope+Adjustable
2956,Air Fryer Ninja 6qt - Variant 4234,Kitchen,9496,"6-quart capacity, 4-in-1 functionality, up to 75% less fat, dishwasher safe",68,4.5,https://www.amazon.in/s?k=Ninja+Air+Fryer+6qt
2957,Dumbbell Set Adjustable - Variant 9500,Sports,13725,"5-52.5 lbs per dumbbell, replaces 15 sets, fast adjust dial system",24,4.5,https://www.amazon.in/s?k=Adjustable+Dumbbell+Set
2958,Kindle Paperwhite - Variant 8769,Electronics,12728,"6.8-inch display, adjustable warm light, waterproof, 3 months free Kindle Unlimited",87,5.0,https://www.amazon.in/s?k=Kindle+Paperwhite+2024
2959,Face Wash CeraVe - Variant 1446,Beauty,1109,"Hydrating cleanser with ceramides and hyaluronic acid, 16oz, all skin types",193,4.5,https://www.amazon.in/s?k=CeraVe+Hydrating+Face+Wash
2960,Vitamin C Serum - Variant 3611,Beauty,2368,"20% Vitamin C with hyaluronic acid, brightens skin, reduces dark spots",126,4.1,https://www.amazon.in/s?k=Vitamin+C+Serum+20+percent
2961,Levi's 501 Jeans - Variant 8186,Clothing,5753,"Classic straight fit jeans, durable denim, available in multiple washes",159,4.2,https://www.amazon.in/s?k=Levis+501+Jeans
2962,Apple AirPods Pro - Variant 7162,Electronics,23708,"Active noise cancellation, transparency mode, spatial audio, wireless charging",21,4.7,https://www.amazon.in/s?k=Apple+AirPods+Pro
2963,New Balance 990v6 - Variant 6460,Shoes,14857,"Made in USA, premium suede and mesh upper, ENCAP midsole technology",30,4.5,https://www.amazon.in/s?k=New+Balance+990v6
2964,Face Wash CeraVe - Variant 9347,Beauty,1431,"Hydrating cleanser with ceramides and hyaluronic acid, 16oz, all skin types",237,4.5,https://www.amazon.in/s?k=CeraVe+Hydrating+Face+Wash
2965,Leather Wallet Slim - Variant 5328,Accessories,1850,"Genuine leather, RFID blocking, 8 card slots, minimalist design",148,4.4,https://www.amazon.in/s?k=Slim+Leather+Wallet+RFID
2966,Vitamin C Serum - Variant 9271,Beauty,2387,"20% Vitamin C with hyaluronic acid, brightens skin, reduces dark spots",124,4.1,https://www.amazon.in/s?k=Vitamin+C+Serum+20+percent
2967,Linen Shirt Uniqlo - Variant 2781,Clothing,3672,"100% linen, breathable summer fabric, relaxed fit, 8 color options",95,4.3,https://www.amazon.in/s?k=Linen+Shirt+Men+Uniqlo
2968,Nike Air Max 270 - Variant 4844,Shoes,12831,"Lightweight running shoe with Air Max cushioning, great for daily use",74,4.6,https://www.amazon.in/s?k=Nike+Air+Max+270
2969,Multivitamin Men's - Variant 8382,Health,1826,"23 essential vitamins and minerals, once daily, 90 tablets, no artificial colors",130,4.4,https://www.amazon.in/s?k=Mens+Multivitamin+Daily
2970,Atomic Habits Workbook - Variant 6339,Books,1542,Companion workbook to Atomic Habits with exercises and habit trackers,119,4.8,https://www.amazon.in/s?k=Atomic+Habits+Workbook
2971,Vitamin C Serum - Variant 1573,Beauty,2097,"20% Vitamin C with hyaluronic acid, brightens skin, reduces dark spots",111,4.4,https://www.amazon.in/s?k=Vitamin+C+Serum+20+percent
2972,Dumbbell Set Adjustable - Variant 2206,Sports,13075,"5-52.5 lbs per dumbbell, replaces 15 sets, fast adjust dial system",30,4.8,https://www.amazon.in/s?k=Adjustable+Dumbbell+Set
2973,Nike Air Max 270 - Variant 4836,Shoes,12560,"Lightweight running shoe with Air Max cushioning, great for daily use",54,4.7,https://www.amazon.in/s?k=Nike+Air+Max+270
2974,Instant Pot Duo 7-in-1 - Variant 4087,Kitchen,7519,"Pressure cooker, slow cooker, rice cooker, steamer, saute, yogurt maker",40,5.0,https://www.amazon.in/s?k=Instant+Pot+Duo
2975,Instant Pot Duo 7-in-1 - Variant 6845,Kitchen,8701,"Pressure cooker, slow cooker, rice cooker, steamer, saute, yogurt maker",78,4.7,https://www.amazon.in/s?k=Instant+Pot+Duo
2976,Linen Shirt Uniqlo - Variant 9705,Clothing,2912,"100% linen, breathable summer fabric, relaxed fit, 8 color options",225,4.0,https://www.amazon.in/s?k=Linen+Shirt+Men+Uniqlo
2977,Yoga Mat Premium - Variant 1837,Sports,3519,"Non-slip 6mm thick mat, eco-friendly TPE material, includes carry strap",56,4.3,https://www.amazon.in/s?k=Premium+Yoga+Mat
2978,Leather Wallet Slim - Variant 5678,Accessories,2425,"Genuine leather, RFID blocking, 8 card slots, minimalist design",156,4.3,https://www.amazon.in/s?k=Slim+Leather+Wallet+RFID
2979,New Balance 990v6 - Variant 2602,Shoes,14137,"Made in USA, premium suede and mesh upper, ENCAP midsole technology",17,4.5,https://www.amazon.in/s?k=New+Balance+990v6
2980,Multivitamin Men's - Variant 7295,Health,2117,"23 essential vitamins and minerals, once daily, 90 tablets, no artificial colors",84,4.4,https://www.amazon.in/s?k=Mens+Multivitamin+Daily
2981,Running Shorts Nike - Variant 8146,Clothing,2514,"Dri-FIT fabric, 7-inch inseam, built-in brief, reflective details",97,4.2,https://www.amazon.in/s?k=Nike+Running+Shorts+DriFIT
2982,Converse Chuck Taylor - Variant 1747,Shoes,6365,"Classic canvas high-top, rubber sole, available in 20+ colors",188,4.7,https://www.amazon.in/s?k=Converse+Chuck+Taylor+High+Top
2983,Levi's Denim Jacket - Variant 8197,Clothing,6227,"Classic trucker jacket, 100% cotton denim, multiple color options",60,4.3,https://www.amazon.in/s?k=Levis+Denim+Jacket+Trucker
2984,Converse Chuck Taylor - Variant 9849,Shoes,5244,"Classic canvas high-top, rubber sole, available in 20+ colors",132,4.6,https://www.amazon.in/s?k=Converse+Chuck+Taylor+High+Top
2985,Dumbbell Set Adjustable - Variant 8869,Sports,10926,"5-52.5 lbs per dumbbell, replaces 15 sets, fast adjust dial system",38,5.0,https://www.amazon.in/s?k=Adjustable+Dumbbell+Set
2986,Omega-3 Fish Oil - Variant 8322,Health,1864,"1200mg EPA+DHA per serving, enteric coated, 90 softgels, no fishy aftertaste",161,4.8,https://www.amazon.in/s?k=Omega+3+Fish+Oil+1200mg
2987,Backpack Osprey 40L - Variant 2962,Accessories,12143,"40L travel pack, TSA-friendly, laptop sleeve, rain cover included",23,4.6,https://www.amazon.in/s?k=Osprey+40L+Backpack
2988,Vitamin C Serum - Variant 5847,Beauty,2416,"20% Vitamin C with hyaluronic acid, brightens skin, reduces dark spots",192,4.4,https://www.amazon.in/s?k=Vitamin+C+Serum+20+percent
2989,Hiking Boots Merrell - Variant 3124,Shoes,11073,"Waterproof leather, Vibram outsole, air cushion heel, ankle support",67,4.7,https://www.amazon.in/s?k=Merrell+Hiking+Boots+Waterproof
2990,Wireless Mouse Logitech - Variant 6784,Electronics,2665,"MX Master 3, ergonomic design, 4000 DPI, multi-device support",43,4.5,https://www.amazon.in/s?k=Logitech+MX+Master+3
2991,Levi's Denim Jacket - Variant 2581,Clothing,8527,"Classic trucker jacket, 100% cotton denim, multiple color options",74,4.5,https://www.amazon.in/s?k=Levis+Denim+Jacket+Trucker
2992,Samsung 4K Smart TV 55inch - Variant 7972,Electronics,49735,"Crystal UHD display, built-in Alexa, HDR10+, 3 HDMI ports",20,4.3,https://www.amazon.in/s?k=Samsung+4K+Smart+TV+55inch
2993,Wireless Mouse Logitech - Variant 9596,Electronics,3084,"MX Master 3, ergonomic design, 4000 DPI, multi-device support",61,4.7,https://www.amazon.in/s?k=Logitech+MX+Master+3
2994,Yoga Mat Premium - Variant 1920,Sports,2693,"Non-slip 6mm thick mat, eco-friendly TPE material, includes carry strap",67,4.4,https://www.amazon.in/s?k=Premium+Yoga+Mat
2995,Coffee Maker Drip - Variant 7600,Kitchen,4538,"12-cup programmable coffee maker, built-in grinder, thermal carafe",68,4.5,https://www.amazon.in/s?k=Drip+Coffee+Maker
2996,Apple AirPods Pro - Variant 8732,Electronics,17100,"Active noise cancellation, transparency mode, spatial audio, wireless charging",43,4.7,https://www.amazon.in/s?k=Apple+AirPods+Pro
2997,Air Fryer Ninja 6qt - Variant 7465,Kitchen,8564,"6-quart capacity, 4-in-1 functionality, up to 75% less fat, dishwasher safe",65,4.7,https://www.amazon.in/s?k=Ninja+Air+Fryer+6qt
2998,Wireless Mouse Logitech - Variant 9429,Electronics,3801,"MX Master 3, ergonomic design, 4000 DPI, multi-device support",51,4.5,https://www.amazon.in/s?k=Logitech+MX+Master+3
2999,Kindle Paperwhite - Variant 1906,Electronics,13975,"6.8-inch display, adjustable warm light, waterproof, 3 months free Kindle Unlimited",76,4.8,https://www.amazon.in/s?k=Kindle+Paperwhite+2024
3000,Levi's 501 Jeans - Variant 7729,Clothing,5429,"Classic straight fit jeans, durable denim, available in multiple washes",173,4.2,https://www.amazon.in/s?k=Levis+501+Jeans
3001,Atomic Habits Workbook - Variant 7585,Books,1210,Companion workbook to Atomic Habits with exercises and habit trackers,99,4.2,https://www.amazon.in/s?k=Atomic+Habits+Workbook
3002,Hiking Boots Merrell - Variant 6584,Shoes,12935,"Waterproof leather, Vibram outsole, air cushion heel, ankle support",46,4.5,https://www.amazon.in/s?k=Merrell+Hiking+Boots+Waterproof
3003,Dell 27inch Monitor - Variant 2465,Electronics,29115,"IPS panel, 165Hz refresh rate, 1ms response time, USB-C, FreeSync",23,4.5,https://www.amazon.in/s?k=Dell+27+inch+165Hz+Monitor
3004,Nike Air Max 270 - Variant 3923,Shoes,12934,"Lightweight running shoe with Air Max cushioning, great for daily use",42,4.7,https://www.amazon.in/s?k=Nike+Air+Max+270
3005,Jump Rope Speed - Variant 9293,Sports,1284,"Adjustable steel cable, ball bearing handles, suitable for all fitness levels",240,4.6,https://www.amazon.in/s?k=Speed+Jump+Rope+Adjustable
3006,Omega-3 Fish Oil - Variant 5917,Health,1687,"1200mg EPA+DHA per serving, enteric coated, 90 softgels, no fishy aftertaste",242,4.7,https://www.amazon.in/s?k=Omega+3+Fish+Oil+1200mg
3007,Backpack Osprey 40L - Variant 1339,Accessories,13209,"40L travel pack, TSA-friendly, laptop sleeve, rain cover included",36,4.5,https://www.amazon.in/s?k=Osprey+40L+Backpack
3008,Blender Vitamix A2500 - Variant 2255,Kitchen,30452,"Variable speed control, 3 program settings, self-cleaning, 64oz container",17,4.7,https://www.amazon.in/s?k=Vitamix+A2500+Blender
3009,Linen Shirt Uniqlo - Variant 3812,Clothing,3410,"100% linen, breathable summer fabric, relaxed fit, 8 color options",186,4.4,https://www.amazon.in/s?k=Linen+Shirt+Men+Uniqlo
3010,Sunscreen SPF 50 EltaMD - Variant 9481,Beauty,3286,"Broad spectrum UV protection, oil-free, dermatologist recommended, 3oz",46,4.9,https://www.amazon.in/s?k=EltaMD+Sunscreen+SPF+50
3011,Hoodie Champion Reverse Weave - Variant 8466,Clothing,5281,"Heavyweight fleece, reverse weave construction, kangaroo pocket",44,4.7,https://www.amazon.in/s?k=Champion+Reverse+Weave+Hoodie
3012,Hiking Boots Merrell - Variant 1179,Shoes,13417,"Waterproof leather, Vibram outsole, air cushion heel, ankle support",40,4.6,https://www.amazon.in/s?k=Merrell+Hiking+Boots+Waterproof
3013,Sony WH-1000XM5 - Variant 8614,Electronics,24245,"Industry-leading noise cancellation, 30hr battery, multipoint connection",26,5.0,https://www.amazon.in/s?k=Sony+WH-1000XM5
3014,Multivitamin Men's - Variant 9588,Health,2212,"23 essential vitamins and minerals, once daily, 90 tablets, no artificial colors",105,4.5,https://www.amazon.in/s?k=Mens+Multivitamin+Daily
3015,Jump Rope Speed - Variant 5083,Sports,1497,"Adjustable steel cable, ball bearing handles, suitable for all fitness levels",177,4.7,https://www.amazon.in/s?k=Speed+Jump+Rope+Adjustable
3016,Luggage Samsonite 28inch - Variant 9281,Accessories,18204,"Hardside spinner, TSA lock, expandable, lightweight polycarbonate shell",34,4.3,https://www.amazon.in/s?k=Samsonite+28+inch+Hardside+Luggage
3017,Hiking Boots Merrell - Variant 1509,Shoes,10232,"Waterproof leather, Vibram outsole, air cushion heel, ankle support",27,4.7,https://www.amazon.in/s?k=Merrell+Hiking+Boots+Waterproof
3018,Face Wash CeraVe - Variant 2216,Beauty,1347,"Hydrating cleanser with ceramides and hyaluronic acid, 16oz, all skin types",299,4.7,https://www.amazon.in/s?k=CeraVe+Hydrating+Face+Wash
3019,Running Shorts Nike - Variant 4167,Clothing,3034,"Dri-FIT fabric, 7-inch inseam, built-in brief, reflective details",110,4.6,https://www.amazon.in/s?k=Nike+Running+Shorts+DriFIT
3020,Running Shorts Nike - Variant 2145,Clothing,2923,"Dri-FIT fabric, 7-inch inseam, built-in brief, reflective details",63,4.5,https://www.amazon.in/s?k=Nike+Running+Shorts+DriFIT
3021,Sunglasses Polarized - Variant 4516,Accessories,2523,"UV400 protection, polarized lenses, lightweight frame, unisex design",120,4.3,https://www.amazon.in/s?k=Polarized+Sunglasses+UV400
3022,Instant Pot Duo 7-in-1 - Variant 2622,Kitchen,8672,"Pressure cooker, slow cooker, rice cooker, steamer, saute, yogurt maker",59,4.5,https://www.amazon.in/s?k=Instant+Pot+Duo
3023,Face Wash CeraVe - Variant 5801,Beauty,1391,"Hydrating cleanser with ceramides and hyaluronic acid, 16oz, all skin types",165,4.9,https://www.amazon.in/s?k=CeraVe+Hydrating+Face+Wash
3024,Instant Pot Duo 7-in-1 - Variant 8059,Kitchen,7548,"Pressure cooker, slow cooker, rice cooker, steamer, saute, yogurt maker",94,4.4,https://www.amazon.in/s?k=Instant+Pot+Duo
3025,Omega-3 Fish Oil - Variant 2277,Health,1531,"1200mg EPA+DHA per serving, enteric coated, 90 softgels, no fishy aftertaste",251,4.5,https://www.amazon.in/s?k=Omega+3+Fish+Oil+1200mg
3026,Coffee Maker Drip - Variant 6651,Kitchen,4330,"12-cup programmable coffee maker, built-in grinder, thermal carafe",62,4.1,https://www.amazon.in/s?k=Drip+Coffee+Maker
3027,Yoga Mat Premium - Variant 9700,Sports,2469,"Non-slip 6mm thick mat, eco-friendly TPE material, includes carry strap",56,4.5,https://www.amazon.in/s?k=Premium+Yoga+Mat
3028,Levi's 501 Jeans - Variant 8326,Clothing,4068,"Classic straight fit jeans, durable denim, available in multiple washes",145,4.5,https://www.amazon.in/s?k=Levis+501+Jeans
3029,Protein Powder Whey - Variant 1198,Health,4127,"25g protein per serving, chocolate flavor, 5lb bag, no artificial colors",25,4.5,https://www.amazon.in/s?k=Whey+Protein+Powder+Chocolate
3030,Mechanical Keyboard RGB - Variant 3551,Electronics,7873,"TKL layout, Cherry MX switches, per-key RGB lighting, USB-C",39,4.6,https://www.amazon.in/s?k=Mechanical+Keyboard+RGB
3031,Hoodie Champion Reverse Weave - Variant 5080,Clothing,5496,"Heavyweight fleece, reverse weave construction, kangaroo pocket",59,4.6,https://www.amazon.in/s?k=Champion+Reverse+Weave+Hoodie
3032,Coffee Maker Drip - Variant 9797,Kitchen,3622,"12-cup programmable coffee maker, built-in grinder, thermal carafe",33,4.3,https://www.amazon.in/s?k=Drip+Coffee+Maker
3033,Apple AirPods Pro - Variant 8666,Electronics,18644,"Active noise cancellation, transparency mode, spatial audio, wireless charging",23,4.7,https://www.amazon.in/s?k=Apple+AirPods+Pro
3034,Face Wash CeraVe - Variant 6016,Beauty,1023,"Hydrating cleanser with ceramides and hyaluronic acid, 16oz, all skin types",194,4.6,https://www.amazon.in/s?k=CeraVe+Hydrating+Face+Wash
3035,Resistance Bands Set - Variant 3130,Sports,2159,"5 resistance levels, latex-free, includes door anchor and carry bag",145,4.4,https://www.amazon.in/s?k=Resistance+Bands+Set+5+levels
3036,Converse Chuck Taylor - Variant 1766,Shoes,6132,"Classic canvas high-top, rubber sole, available in 20+ colors",297,4.4,https://www.amazon.in/s?k=Converse+Chuck+Taylor+High+Top
3037,Levi's Denim Jacket - Variant 4562,Clothing,6098,"Classic trucker jacket, 100% cotton denim, multiple color options",87,4.1,https://www.amazon.in/s?k=Levis+Denim+Jacket+Trucker
3038,iPad Air 11inch - Variant 4135,Electronics,59351,"M2 chip, 11-inch Liquid Retina display, Apple Pencil Pro support, 256GB",24,4.8,https://www.amazon.in/s?k=iPad+Air+M2+11inch
3039,Leather Wallet Slim - Variant 9333,Accessories,1845,"Genuine leather, RFID blocking, 8 card slots, minimalist design",209,4.2,https://www.amazon.in/s?k=Slim+Leather+Wallet+RFID
3040,Backpack Osprey 40L - Variant 4436,Accessories,14544,"40L travel pack, TSA-friendly, laptop sleeve, rain cover included",22,4.8,https://www.amazon.in/s?k=Osprey+40L+Backpack
3041,Creatine Monohydrate - Variant 8599,Health,2963,"Micronized creatine, 5g per serving, unflavored, 60 servings, lab tested",142,4.7,https://www.amazon.in/s?k=Creatine+Monohydrate+Micronized
3042,Air Fryer Ninja 6qt - Variant 8989,Kitchen,10746,"6-quart capacity, 4-in-1 functionality, up to 75% less fat, dishwasher safe",58,4.9,https://www.amazon.in/s?k=Ninja+Air+Fryer+6qt
3043,Retinol Night Cream - Variant 6790,Beauty,3202,"0.5% retinol with peptides, reduces fine lines, fragrance-free, 50ml",119,4.2,https://www.amazon.in/s?k=Retinol+Night+Cream+0.5+percent
3044,Webcam Logitech 4K - Variant 9321,Electronics,14933,"4K Ultra HD, auto-focus, built-in mic, works with Zoom and Teams",57,4.5,https://www.amazon.in/s?k=Logitech+4K+Webcam
3045,Webcam Logitech 4K - Variant 8384,Electronics,14059,"4K Ultra HD, auto-focus, built-in mic, works with Zoom and Teams",37,4.6,https://www.amazon.in/s?k=Logitech+4K+Webcam
3046,Hiking Boots Merrell - Variant 6992,Shoes,13821,"Waterproof leather, Vibram outsole, air cushion heel, ankle support",24,5.0,https://www.amazon.in/s?k=Merrell+Hiking+Boots+Waterproof
3047,Yoga Mat Premium - Variant 8224,Sports,2801,"Non-slip 6mm thick mat, eco-friendly TPE material, includes carry strap",121,4.6,https://www.amazon.in/s?k=Premium+Yoga+Mat
3048,Dumbbell Set Adjustable - Variant 3246,Sports,14109,"5-52.5 lbs per dumbbell, replaces 15 sets, fast adjust dial system",25,4.5,https://www.amazon.in/s?k=Adjustable+Dumbbell+Set
3049,Multivitamin Men's - Variant 2912,Health,1717,"23 essential vitamins and minerals, once daily, 90 tablets, no artificial colors",137,4.5,https://www.amazon.in/s?k=Mens+Multivitamin+Daily
3050,Nike Air Max 270 - Variant 8223,Shoes,10038,"Lightweight running shoe with Air Max cushioning, great for daily use",63,4.3,https://www.amazon.in/s?k=Nike+Air+Max+270
3051,Adidas Ultraboost 22 - Variant 2213,Shoes,14844,"Responsive Boost midsole, Primeknit upper, Continental rubber outsole",79,4.4,https://www.amazon.in/s?k=Adidas+Ultraboost+22
3052,Apple AirPods Pro - Variant 7921,Electronics,24817,"Active noise cancellation, transparency mode, spatial audio, wireless charging",34,4.9,https://www.amazon.in/s?k=Apple+AirPods+Pro
3053,Sunscreen SPF 50 EltaMD - Variant 5122,Beauty,3234,"Broad spectrum UV protection, oil-free, dermatologist recommended, 3oz",126,4.6,https://www.amazon.in/s?k=EltaMD+Sunscreen+SPF+50
3054,Adidas Ultraboost 22 - Variant 2677,Shoes,13298,"Responsive Boost midsole, Primeknit upper, Continental rubber outsole",35,4.7,https://www.amazon.in/s?k=Adidas+Ultraboost+22
3055,Wireless Mouse Logitech - Variant 3843,Electronics,3253,"MX Master 3, ergonomic design, 4000 DPI, multi-device support",88,4.8,https://www.amazon.in/s?k=Logitech+MX+Master+3
3056,Nike Air Max 270 - Variant 9783,Shoes,10545,"Lightweight running shoe with Air Max cushioning, great for daily use",44,4.5,https://www.amazon.in/s?k=Nike+Air+Max+270
3057,Vitamin C Serum - Variant 9823,Beauty,1809,"20% Vitamin C with hyaluronic acid, brightens skin, reduces dark spots",138,4.1,https://www.amazon.in/s?k=Vitamin+C+Serum+20+percent
3058,Converse Chuck Taylor - Variant 7539,Shoes,4664,"Classic canvas high-top, rubber sole, available in 20+ colors",272,4.2,https://www.amazon.in/s?k=Converse+Chuck+Taylor+High+Top
3059,Mechanical Keyboard RGB - Variant 5939,Electronics,6413,"TKL layout, Cherry MX switches, per-key RGB lighting, USB-C",55,4.6,https://www.amazon.in/s?k=Mechanical+Keyboard+RGB
3060,Luggage Samsonite 28inch - Variant 5251,Accessories,17705,"Hardside spinner, TSA lock, expandable, lightweight polycarbonate shell",20,4.8,https://www.amazon.in/s?k=Samsonite+28+inch+Hardside+Luggage
3061,Air Fryer Ninja 6qt - Variant 9006,Kitchen,8522,"6-quart capacity, 4-in-1 functionality, up to 75% less fat, dishwasher safe",80,4.6,https://www.amazon.in/s?k=Ninja+Air+Fryer+6qt
3062,Kindle Paperwhite - Variant 3855,Electronics,12044,"6.8-inch display, adjustable warm light, waterproof, 3 months free Kindle Unlimited",73,5.0,https://www.amazon.in/s?k=Kindle+Paperwhite+2024
3063,Instant Pot Duo 7-in-1 - Variant 5736,Kitchen,6008,"Pressure cooker, slow cooker, rice cooker, steamer, saute, yogurt maker",67,4.9,https://www.amazon.in/s?k=Instant+Pot+Duo
3064,Coffee Maker Drip - Variant 1572,Kitchen,4131,"12-cup programmable coffee maker, built-in grinder, thermal carafe",60,4.4,https://www.amazon.in/s?k=Drip+Coffee+Maker
3065,Omega-3 Fish Oil - Variant 7863,Health,1377,"1200mg EPA+DHA per serving, enteric coated, 90 softgels, no fishy aftertaste",209,4.4,https://www.amazon.in/s?k=Omega+3+Fish+Oil+1200mg
3066,Dell 27inch Monitor - Variant 5755,Electronics,31496,"IPS panel, 165Hz refresh rate, 1ms response time, USB-C, FreeSync",14,5.0,https://www.amazon.in/s?k=Dell+27+inch+165Hz+Monitor
3067,Nike Air Max 270 - Variant 3377,Shoes,11944,"Lightweight running shoe with Air Max cushioning, great for daily use",38,4.6,https://www.amazon.in/s?k=Nike+Air+Max+270
3068,Sunscreen SPF 50 EltaMD - Variant 5557,Beauty,2665,"Broad spectrum UV protection, oil-free, dermatologist recommended, 3oz",54,4.9,https://www.amazon.in/s?k=EltaMD+Sunscreen+SPF+50
3069,Jump Rope Speed - Variant 2101,Sports,1517,"Adjustable steel cable, ball bearing handles, suitable for all fitness levels",114,4.2,https://www.amazon.in/s?k=Speed+Jump+Rope+Adjustable
3070,Luggage Samsonite 28inch - Variant 3315,Accessories,14515,"Hardside spinner, TSA lock, expandable, lightweight polycarbonate shell",36,4.6,https://www.amazon.in/s?k=Samsonite+28+inch+Hardside+Luggage
3071,Omega-3 Fish Oil - Variant 1269,Health,1383,"1200mg EPA+DHA per serving, enteric coated, 90 softgels, no fishy aftertaste",105,4.3,https://www.amazon.in/s?k=Omega+3+Fish+Oil+1200mg
3072,Hoodie Champion Reverse Weave - Variant 6670,Clothing,5125,"Heavyweight fleece, reverse weave construction, kangaroo pocket",61,4.8,https://www.amazon.in/s?k=Champion+Reverse+Weave+Hoodie
3073,New Balance 990v6 - Variant 6099,Shoes,17802,"Made in USA, premium suede and mesh upper, ENCAP midsole technology",41,4.8,https://www.amazon.in/s?k=New+Balance+990v6
3074,Webcam Logitech 4K - Variant 4052,Electronics,11964,"4K Ultra HD, auto-focus, built-in mic, works with Zoom and Teams",72,4.6,https://www.amazon.in/s?k=Logitech+4K+Webcam
3075,Mechanical Keyboard RGB - Variant 3755,Electronics,6427,"TKL layout, Cherry MX switches, per-key RGB lighting, USB-C",36,4.7,https://www.amazon.in/s?k=Mechanical+Keyboard+RGB
3076,Creatine Monohydrate - Variant 1764,Health,2125,"Micronized creatine, 5g per serving, unflavored, 60 servings, lab tested",97,4.4,https://www.amazon.in/s?k=Creatine+Monohydrate+Micronized
3077,Face Wash CeraVe - Variant 2332,Beauty,1407,"Hydrating cleanser with ceramides and hyaluronic acid, 16oz, all skin types",110,4.7,https://www.amazon.in/s?k=CeraVe+Hydrating+Face+Wash
3078,Dell 27inch Monitor - Variant 7638,Electronics,28990,"IPS panel, 165Hz refresh rate, 1ms response time, USB-C, FreeSync",25,4.8,https://www.amazon.in/s?k=Dell+27+inch+165Hz+Monitor
3079,Hoodie Champion Reverse Weave - Variant 4282,Clothing,6535,"Heavyweight fleece, reverse weave construction, kangaroo pocket",115,4.4,https://www.amazon.in/s?k=Champion+Reverse+Weave+Hoodie
3080,Webcam Logitech 4K - Variant 9146,Electronics,12189,"4K Ultra HD, auto-focus, built-in mic, works with Zoom and Teams",35,4.7,https://www.amazon.in/s?k=Logitech+4K+Webcam
3081,Harry Potter Box Set - Variant 2363,Books,5539,"Complete 7-book hardcover collection, illustrated edition",41,4.8,https://www.amazon.in/s?k=Harry+Potter+Box+Set+Hardcover
3082,Linen Shirt Uniqlo - Variant 9109,Clothing,3317,"100% linen, breathable summer fabric, relaxed fit, 8 color options",94,4.3,https://www.amazon.in/s?k=Linen+Shirt+Men+Uniqlo
3083,Nike Air Max 270 - Variant 9416,Shoes,12347,"Lightweight running shoe with Air Max cushioning, great for daily use",31,4.4,https://www.amazon.in/s?k=Nike+Air+Max+270
3084,Hiking Boots Merrell - Variant 9237,Shoes,9759,"Waterproof leather, Vibram outsole, air cushion heel, ankle support",24,4.9,https://www.amazon.in/s?k=Merrell+Hiking+Boots+Waterproof
3085,Jump Rope Speed - Variant 8112,Sports,1608,"Adjustable steel cable, ball bearing handles, suitable for all fitness levels",226,4.2,https://www.amazon.in/s?k=Speed+Jump+Rope+Adjustable
3086,Webcam Logitech 4K - Variant 4034,Electronics,10601,"4K Ultra HD, auto-focus, built-in mic, works with Zoom and Teams",46,4.2,https://www.amazon.in/s?k=Logitech+4K+Webcam
3087,Backpack Osprey 40L - Variant 4975,Accessories,12893,"40L travel pack, TSA-friendly, laptop sleeve, rain cover included",27,4.8,https://www.amazon.in/s?k=Osprey+40L+Backpack
3088,Retinol Night Cream - Variant 9265,Beauty,2494,"0.5% retinol with peptides, reduces fine lines, fragrance-free, 50ml",99,4.1,https://www.amazon.in/s?k=Retinol+Night+Cream+0.5+percent
3089,Atomic Habits Book - Variant 7962,Books,1312,James Clear's guide to building good habits and breaking bad ones,295,4.6,https://www.amazon.in/s?k=Atomic+Habits+James+Clear
3090,Nike Air Max 270 - Variant 2260,Shoes,11733,"Lightweight running shoe with Air Max cushioning, great for daily use",26,4.7,https://www.amazon.in/s?k=Nike+Air+Max+270
3091,Mechanical Keyboard RGB - Variant 5942,Electronics,6259,"TKL layout, Cherry MX switches, per-key RGB lighting, USB-C",46,4.6,https://www.amazon.in/s?k=Mechanical+Keyboard+RGB
3092,Webcam Logitech 4K - Variant 2915,Electronics,12587,"4K Ultra HD, auto-focus, built-in mic, works with Zoom and Teams",71,4.7,https://www.amazon.in/s?k=Logitech+4K+Webcam
3093,Dumbbell Set Adjustable - Variant 2209,Sports,12442,"5-52.5 lbs per dumbbell, replaces 15 sets, fast adjust dial system",32,4.6,https://www.amazon.in/s?k=Adjustable+Dumbbell+Set
3094,Hoodie Champion Reverse Weave - Variant 1562,Clothing,4610,"Heavyweight fleece, reverse weave construction, kangaroo pocket",90,4.8,https://www.amazon.in/s?k=Champion+Reverse+Weave+Hoodie
3095,Jump Rope Speed - Variant 8709,Sports,1305,"Adjustable steel cable, ball bearing handles, suitable for all fitness levels",151,4.5,https://www.amazon.in/s?k=Speed+Jump+Rope+Adjustable
3096,The Alchemist Book - Variant 6015,Books,1459,Paulo Coelho's masterpiece about following your dreams and personal legend,166,4.9,https://www.amazon.in/s?k=The+Alchemist+Paulo+Coelho
3097,Backpack Osprey 40L - Variant 3435,Accessories,14979,"40L travel pack, TSA-friendly, laptop sleeve, rain cover included",24,4.6,https://www.amazon.in/s?k=Osprey+40L+Backpack
3098,Converse Chuck Taylor - Variant 1222,Shoes,6571,"Classic canvas high-top, rubber sole, available in 20+ colors",126,4.8,https://www.amazon.in/s?k=Converse+Chuck+Taylor+High+Top
3099,Dumbbell Set Adjustable - Variant 1620,Sports,10753,"5-52.5 lbs per dumbbell, replaces 15 sets, fast adjust dial system",41,5.0,https://www.amazon.in/s?k=Adjustable+Dumbbell+Set
3100,Nike Air Max 270 - Variant 5781,Shoes,9060,"Lightweight running shoe with Air Max cushioning, great for daily use",65,4.8,https://www.amazon.in/s?k=Nike+Air+Max+270
3101,Dell 27inch Monitor - Variant 9271,Electronics,32087,"IPS panel, 165Hz refresh rate, 1ms response time, USB-C, FreeSync",21,4.8,https://www.amazon.in/s?k=Dell+27+inch+165Hz+Monitor
3102,Rich Dad Poor Dad - Variant 5277,Books,1243,"Robert Kiyosaki's personal finance classic, updated 25th anniversary edition",128,4.7,https://www.amazon.in/s?k=Rich+Dad+Poor+Dad+Kiyosaki
3103,Apple AirPods Pro - Variant 3192,Electronics,22286,"Active noise cancellation, transparency mode, spatial audio, wireless charging",26,4.6,https://www.amazon.in/s?k=Apple+AirPods+Pro
3104,Nike Air Max 270 - Variant 5941,Shoes,10111,"Lightweight running shoe with Air Max cushioning, great for daily use",65,4.8,https://www.amazon.in/s?k=Nike+Air+Max+270
3105,Atomic Habits Book - Variant 3685,Books,1488,James Clear's guide to building good habits and breaking bad ones,448,4.9,https://www.amazon.in/s?k=Atomic+Habits+James+Clear
3106,Blender Vitamix A2500 - Variant 7222,Kitchen,32925,"Variable speed control, 3 program settings, self-cleaning, 64oz container",21,5.0,https://www.amazon.in/s?k=Vitamix+A2500+Blender
3107,Creatine Monohydrate - Variant 4083,Health,2928,"Micronized creatine, 5g per serving, unflavored, 60 servings, lab tested",70,4.5,https://www.amazon.in/s?k=Creatine+Monohydrate+Micronized
3108,Leather Wallet Slim - Variant 2191,Accessories,2382,"Genuine leather, RFID blocking, 8 card slots, minimalist design",152,4.3,https://www.amazon.in/s?k=Slim+Leather+Wallet+RFID
3109,Samsung 4K Smart TV 55inch - Variant 2592,Electronics,48928,"Crystal UHD display, built-in Alexa, HDR10+, 3 HDMI ports",18,4.7,https://www.amazon.in/s?k=Samsung+4K+Smart+TV+55inch
3110,Protein Powder Whey - Variant 7292,Health,3687,"25g protein per serving, chocolate flavor, 5lb bag, no artificial colors",60,4.5,https://www.amazon.in/s?k=Whey+Protein+Powder+Chocolate
3111,Hoodie Champion Reverse Weave - Variant 9726,Clothing,6532,"Heavyweight fleece, reverse weave construction, kangaroo pocket",85,4.8,https://www.amazon.in/s?k=Champion+Reverse+Weave+Hoodie
3112,iPad Air 11inch - Variant 1128,Electronics,59753,"M2 chip, 11-inch Liquid Retina display, Apple Pencil Pro support, 256GB",11,4.5,https://www.amazon.in/s?k=iPad+Air+M2+11inch
3113,Apple AirPods Pro - Variant 8445,Electronics,16973,"Active noise cancellation, transparency mode, spatial audio, wireless charging",26,5.0,https://www.amazon.in/s?k=Apple+AirPods+Pro
3114,Converse Chuck Taylor - Variant 6365,Shoes,6036,"Classic canvas high-top, rubber sole, available in 20+ colors",283,4.6,https://www.amazon.in/s?k=Converse+Chuck+Taylor+High+Top
3115,Atomic Habits Book - Variant 7896,Books,1337,James Clear's guide to building good habits and breaking bad ones,194,4.8,https://www.amazon.in/s?k=Atomic+Habits+James+Clear
3116,Kindle Paperwhite - Variant 2123,Electronics,13945,"6.8-inch display, adjustable warm light, waterproof, 3 months free Kindle Unlimited",66,4.8,https://www.amazon.in/s?k=Kindle+Paperwhite+2024
3117,Harry Potter Box Set - Variant 7398,Books,7658,"Complete 7-book hardcover collection, illustrated edition",19,4.6,https://www.amazon.in/s?k=Harry+Potter+Box+Set+Hardcover
3118,Blender Vitamix A2500 - Variant 1102,Kitchen,37464,"Variable speed control, 3 program settings, self-cleaning, 64oz container",12,4.7,https://www.amazon.in/s?k=Vitamix+A2500+Blender
3119,Blender Vitamix A2500 - Variant 2114,Kitchen,34705,"Variable speed control, 3 program settings, self-cleaning, 64oz container",13,4.9,https://www.amazon.in/s?k=Vitamix+A2500+Blender
3120,Leather Wallet Slim - Variant 8777,Accessories,2285,"Genuine leather, RFID blocking, 8 card slots, minimalist design",201,4.3,https://www.amazon.in/s?k=Slim+Leather+Wallet+RFID
3121,Samsung 4K Smart TV 55inch - Variant 8496,Electronics,68808,"Crystal UHD display, built-in Alexa, HDR10+, 3 HDMI ports",14,4.4,https://www.amazon.in/s?k=Samsung+4K+Smart+TV+55inch
3122,Protein Powder Whey - Variant 7749,Health,4316,"25g protein per serving, chocolate flavor, 5lb bag, no artificial colors",27,4.5,https://www.amazon.in/s?k=Whey+Protein+Powder+Chocolate
3123,Luggage Samsonite 28inch - Variant 8707,Accessories,18960,"Hardside spinner, TSA lock, expandable, lightweight polycarbonate shell",37,4.6,https://www.amazon.in/s?k=Samsonite+28+inch+Hardside+Luggage
3124,Multivitamin Men's - Variant 3609,Health,2224,"23 essential vitamins and minerals, once daily, 90 tablets, no artificial colors",189,4.4,https://www.amazon.in/s?k=Mens+Multivitamin+Daily
3125,Hiking Boots Merrell - Variant 4521,Shoes,12701,"Waterproof leather, Vibram outsole, air cushion heel, ankle support",41,4.8,https://www.amazon.in/s?k=Merrell+Hiking+Boots+Waterproof
3126,Backpack Osprey 40L - Variant 5126,Accessories,14960,"40L travel pack, TSA-friendly, laptop sleeve, rain cover included",46,4.9,https://www.amazon.in/s?k=Osprey+40L+Backpack
3127,iPad Air 11inch - Variant 1481,Electronics,56105,"M2 chip, 11-inch Liquid Retina display, Apple Pencil Pro support, 256GB",19,5.0,https://www.amazon.in/s?k=iPad+Air+M2+11inch
3128,Running Shorts Nike - Variant 3532,Clothing,3252,"Dri-FIT fabric, 7-inch inseam, built-in brief, reflective details",72,4.3,https://www.amazon.in/s?k=Nike+Running+Shorts+DriFIT
3129,Yoga Mat Premium - Variant 8220,Sports,2426,"Non-slip 6mm thick mat, eco-friendly TPE material, includes carry strap",72,4.6,https://www.amazon.in/s?k=Premium+Yoga+Mat
3130,Dell 27inch Monitor - Variant 4562,Electronics,26972,"IPS panel, 165Hz refresh rate, 1ms response time, USB-C, FreeSync",24,4.7,https://www.amazon.in/s?k=Dell+27+inch+165Hz+Monitor
3131,The Alchemist Book - Variant 5239,Books,1079,Paulo Coelho's masterpiece about following your dreams and personal legend,132,5.0,https://www.amazon.in/s?k=The+Alchemist+Paulo+Coelho
3132,Resistance Bands Set - Variant 6843,Sports,1859,"5 resistance levels, latex-free, includes door anchor and carry bag",110,4.3,https://www.amazon.in/s?k=Resistance+Bands+Set+5+levels
3133,Mechanical Keyboard RGB - Variant 9967,Electronics,7513,"TKL layout, Cherry MX switches, per-key RGB lighting, USB-C",59,4.6,https://www.amazon.in/s?k=Mechanical+Keyboard+RGB
3134,Coffee Maker Drip - Variant 1167,Kitchen,3700,"12-cup programmable coffee maker, built-in grinder, thermal carafe",52,4.0,https://www.amazon.in/s?k=Drip+Coffee+Maker
3135,Linen Shirt Uniqlo - Variant 4773,Clothing,3029,"100% linen, breathable summer fabric, relaxed fit, 8 color options",224,4.3,https://www.amazon.in/s?k=Linen+Shirt+Men+Uniqlo
3136,Luggage Samsonite 28inch - Variant 7049,Accessories,19350,"Hardside spinner, TSA lock, expandable, lightweight polycarbonate shell",34,4.6,https://www.amazon.in/s?k=Samsonite+28+inch+Hardside+Luggage
3137,Instant Pot Duo 7-in-1 - Variant 8872,Kitchen,7386,"Pressure cooker, slow cooker, rice cooker, steamer, saute, yogurt maker",57,4.5,https://www.amazon.in/s?k=Instant+Pot+Duo
3138,Kindle Paperwhite - Variant 3783,Electronics,9862,"6.8-inch display, adjustable warm light, waterproof, 3 months free Kindle Unlimited",71,4.7,https://www.amazon.in/s?k=Kindle+Paperwhite+2024
3139,Nike Air Max 270 - Variant 9905,Shoes,12016,"Lightweight running shoe with Air Max cushioning, great for daily use",50,4.8,https://www.amazon.in/s?k=Nike+Air+Max+270
3140,Levi's Denim Jacket - Variant 4818,Clothing,6708,"Classic trucker jacket, 100% cotton denim, multiple color options",64,4.3,https://www.amazon.in/s?k=Levis+Denim+Jacket+Trucker
3141,Apple AirPods Pro - Variant 9927,Electronics,24846,"Active noise cancellation, transparency mode, spatial audio, wireless charging",29,4.5,https://www.amazon.in/s?k=Apple+AirPods+Pro
3142,Backpack Osprey 40L - Variant 7778,Accessories,15222,"40L travel pack, TSA-friendly, laptop sleeve, rain cover included",29,4.6,https://www.amazon.in/s?k=Osprey+40L+Backpack
3143,Hiking Boots Merrell - Variant 8936,Shoes,13145,"Waterproof leather, Vibram outsole, air cushion heel, ankle support",55,4.5,https://www.amazon.in/s?k=Merrell+Hiking+Boots+Waterproof
3144,Instant Pot Duo 7-in-1 - Variant 4217,Kitchen,7682,"Pressure cooker, slow cooker, rice cooker, steamer, saute, yogurt maker",103,4.5,https://www.amazon.in/s?k=Instant+Pot+Duo
3145,Dumbbell Set Adjustable - Variant 4262,Sports,14085,"5-52.5 lbs per dumbbell, replaces 15 sets, fast adjust dial system",35,5.0,https://www.amazon.in/s?k=Adjustable+Dumbbell+Set
3146,Converse Chuck Taylor - Variant 6418,Shoes,6449,"Classic canvas high-top, rubber sole, available in 20+ colors",210,4.4,https://www.amazon.in/s?k=Converse+Chuck+Taylor+High+Top
3147,Wireless Mouse Logitech - Variant 6698,Electronics,3850,"MX Master 3, ergonomic design, 4000 DPI, multi-device support",79,4.6,https://www.amazon.in/s?k=Logitech+MX+Master+3
3148,Kindle Paperwhite - Variant 5538,Electronics,10427,"6.8-inch display, adjustable warm light, waterproof, 3 months free Kindle Unlimited",88,4.8,https://www.amazon.in/s?k=Kindle+Paperwhite+2024
3149,Atomic Habits Workbook - Variant 8029,Books,1666,Companion workbook to Atomic Habits with exercises and habit trackers,80,4.4,https://www.amazon.in/s?k=Atomic+Habits+Workbook
3150,iPad Air 11inch - Variant 1854,Electronics,49884,"M2 chip, 11-inch Liquid Retina display, Apple Pencil Pro support, 256GB",25,5.0,https://www.amazon.in/s?k=iPad+Air+M2+11inch
3151,Coffee Maker Drip - Variant 8677,Kitchen,4366,"12-cup programmable coffee maker, built-in grinder, thermal carafe",82,4.5,https://www.amazon.in/s?k=Drip+Coffee+Maker
3152,Multivitamin Men's - Variant 7545,Health,2355,"23 essential vitamins and minerals, once daily, 90 tablets, no artificial colors",129,4.4,https://www.amazon.in/s?k=Mens+Multivitamin+Daily
3153,Sunscreen SPF 50 EltaMD - Variant 4726,Beauty,3296,"Broad spectrum UV protection, oil-free, dermatologist recommended, 3oz",57,4.7,https://www.amazon.in/s?k=EltaMD+Sunscreen+SPF+50
3154,Air Fryer Ninja 6qt - Variant 3393,Kitchen,10919,"6-quart capacity, 4-in-1 functionality, up to 75% less fat, dishwasher safe",69,4.5,https://www.amazon.in/s?k=Ninja+Air+Fryer+6qt
3155,Air Fryer Ninja 6qt - Variant 8948,Kitchen,9084,"6-quart capacity, 4-in-1 functionality, up to 75% less fat, dishwasher safe",55,4.5,https://www.amazon.in/s?k=Ninja+Air+Fryer+6qt
3156,Leather Wallet Slim - Variant 8200,Accessories,1939,"Genuine leather, RFID blocking, 8 card slots, minimalist design",119,4.5,https://www.amazon.in/s?k=Slim+Leather+Wallet+RFID
3157,Samsung 4K Smart TV 55inch - Variant 6525,Electronics,55900,"Crystal UHD display, built-in Alexa, HDR10+, 3 HDMI ports",21,4.9,https://www.amazon.in/s?k=Samsung+4K+Smart+TV+55inch
3158,Blender Vitamix A2500 - Variant 5315,Kitchen,35607,"Variable speed control, 3 program settings, self-cleaning, 64oz container",31,4.6,https://www.amazon.in/s?k=Vitamix+A2500+Blender
3159,Leather Wallet Slim - Variant 6019,Accessories,2504,"Genuine leather, RFID blocking, 8 card slots, minimalist design",135,4.2,https://www.amazon.in/s?k=Slim+Leather+Wallet+RFID
3160,iPad Air 11inch - Variant 2740,Electronics,40335,"M2 chip, 11-inch Liquid Retina display, Apple Pencil Pro support, 256GB",16,4.6,https://www.amazon.in/s?k=iPad+Air+M2+11inch
3161,Vitamin C Serum - Variant 5689,Beauty,1820,"20% Vitamin C with hyaluronic acid, brightens skin, reduces dark spots",186,4.0,https://www.amazon.in/s?k=Vitamin+C+Serum+20+percent
3162,Face Wash CeraVe - Variant 8461,Beauty,1401,"Hydrating cleanser with ceramides and hyaluronic acid, 16oz, all skin types",140,4.5,https://www.amazon.in/s?k=CeraVe+Hydrating+Face+Wash
3163,Levi's 501 Jeans - Variant 3443,Clothing,4917,"Classic straight fit jeans, durable denim, available in multiple washes",74,4.1,https://www.amazon.in/s?k=Levis+501+Jeans
3164,Webcam Logitech 4K - Variant 4462,Electronics,10936,"4K Ultra HD, auto-focus, built-in mic, works with Zoom and Teams",26,4.4,https://www.amazon.in/s?k=Logitech+4K+Webcam
3165,Sunglasses Polarized - Variant 6574,Accessories,2085,"UV400 protection, polarized lenses, lightweight frame, unisex design",135,4.2,https://www.amazon.in/s?k=Polarized+Sunglasses+UV400
3166,Face Wash CeraVe - Variant 1441,Beauty,1330,"Hydrating cleanser with ceramides and hyaluronic acid, 16oz, all skin types",152,4.6,https://www.amazon.in/s?k=CeraVe+Hydrating+Face+Wash
3167,Linen Shirt Uniqlo - Variant 2571,Clothing,3291,"100% linen, breathable summer fabric, relaxed fit, 8 color options",128,4.1,https://www.amazon.in/s?k=Linen+Shirt+Men+Uniqlo
3168,Backpack Osprey 40L - Variant 8910,Accessories,11232,"40L travel pack, TSA-friendly, laptop sleeve, rain cover included",20,5.0,https://www.amazon.in/s?k=Osprey+40L+Backpack
3169,Multivitamin Men's - Variant 9704,Health,1951,"23 essential vitamins and minerals, once daily, 90 tablets, no artificial colors",127,4.7,https://www.amazon.in/s?k=Mens+Multivitamin+Daily
3170,Atomic Habits Workbook - Variant 9238,Books,1591,Companion workbook to Atomic Habits with exercises and habit trackers,164,4.7,https://www.amazon.in/s?k=Atomic+Habits+Workbook
3171,Sony WH-1000XM5 - Variant 3407,Electronics,25919,"Industry-leading noise cancellation, 30hr battery, multipoint connection",23,5.0,https://www.amazon.in/s?k=Sony+WH-1000XM5
3172,Samsung 4K Smart TV 55inch - Variant 1584,Electronics,68929,"Crystal UHD display, built-in Alexa, HDR10+, 3 HDMI ports",19,4.9,https://www.amazon.in/s?k=Samsung+4K+Smart+TV+55inch
3173,Hiking Boots Merrell - Variant 4174,Shoes,10695,"Waterproof leather, Vibram outsole, air cushion heel, ankle support",60,4.5,https://www.amazon.in/s?k=Merrell+Hiking+Boots+Waterproof
3174,The Alchemist Book - Variant 2484,Books,1103,Paulo Coelho's masterpiece about following your dreams and personal legend,139,4.6,https://www.amazon.in/s?k=The+Alchemist+Paulo+Coelho
3175,Wireless Mouse Logitech - Variant 7357,Electronics,3403,"MX Master 3, ergonomic design, 4000 DPI, multi-device support",84,4.6,https://www.amazon.in/s?k=Logitech+MX+Master+3
3176,Instant Pot Duo 7-in-1 - Variant 3472,Kitchen,7621,"Pressure cooker, slow cooker, rice cooker, steamer, saute, yogurt maker",44,4.6,https://www.amazon.in/s?k=Instant+Pot+Duo
3177,Hoodie Champion Reverse Weave - Variant 3280,Clothing,4878,"Heavyweight fleece, reverse weave construction, kangaroo pocket",108,4.3,https://www.amazon.in/s?k=Champion+Reverse+Weave+Hoodie
3178,Vitamin C Serum - Variant 3748,Beauty,2011,"20% Vitamin C with hyaluronic acid, brightens skin, reduces dark spots",92,4.4,https://www.amazon.in/s?k=Vitamin+C+Serum+20+percent
3179,Jump Rope Speed - Variant 6708,Sports,1527,"Adjustable steel cable, ball bearing handles, suitable for all fitness levels",203,4.3,https://www.amazon.in/s?k=Speed+Jump+Rope+Adjustable
3180,Hiking Boots Merrell - Variant 3575,Shoes,12558,"Waterproof leather, Vibram outsole, air cushion heel, ankle support",51,4.6,https://www.amazon.in/s?k=Merrell+Hiking+Boots+Waterproof
3181,Running Shorts Nike - Variant 1035,Clothing,2714,"Dri-FIT fabric, 7-inch inseam, built-in brief, reflective details",77,4.2,https://www.amazon.in/s?k=Nike+Running+Shorts+DriFIT
3182,Protein Powder Whey - Variant 9408,Health,4287,"25g protein per serving, chocolate flavor, 5lb bag, no artificial colors",61,4.3,https://www.amazon.in/s?k=Whey+Protein+Powder+Chocolate
3183,Rich Dad Poor Dad - Variant 4092,Books,1255,"Robert Kiyosaki's personal finance classic, updated 25th anniversary edition",285,4.5,https://www.amazon.in/s?k=Rich+Dad+Poor+Dad+Kiyosaki
3184,Protein Powder Whey - Variant 5916,Health,3688,"25g protein per serving, chocolate flavor, 5lb bag, no artificial colors",66,4.7,https://www.amazon.in/s?k=Whey+Protein+Powder+Chocolate
3185,Wireless Mouse Logitech - Variant 7625,Electronics,3196,"MX Master 3, ergonomic design, 4000 DPI, multi-device support",68,4.8,https://www.amazon.in/s?k=Logitech+MX+Master+3
3186,Retinol Night Cream - Variant 1557,Beauty,2647,"0.5% retinol with peptides, reduces fine lines, fragrance-free, 50ml",98,4.2,https://www.amazon.in/s?k=Retinol+Night+Cream+0.5+percent
3187,Levi's 501 Jeans - Variant 3764,Clothing,4317,"Classic straight fit jeans, durable denim, available in multiple washes",161,4.5,https://www.amazon.in/s?k=Levis+501+Jeans
3188,Atomic Habits Book - Variant 5759,Books,1481,James Clear's guide to building good habits and breaking bad ones,190,4.8,https://www.amazon.in/s?k=Atomic+Habits+James+Clear
3189,Protein Powder Whey - Variant 3359,Health,3772,"25g protein per serving, chocolate flavor, 5lb bag, no artificial colors",32,4.6,https://www.amazon.in/s?k=Whey+Protein+Powder+Chocolate
3190,iPad Air 11inch - Variant 1560,Electronics,49612,"M2 chip, 11-inch Liquid Retina display, Apple Pencil Pro support, 256GB",28,4.8,https://www.amazon.in/s?k=iPad+Air+M2+11inch
3191,Yoga Mat Premium - Variant 2447,Sports,2753,"Non-slip 6mm thick mat, eco-friendly TPE material, includes carry strap",71,4.4,https://www.amazon.in/s?k=Premium+Yoga+Mat
3192,Resistance Bands Set - Variant 9507,Sports,1974,"5 resistance levels, latex-free, includes door anchor and carry bag",126,4.5,https://www.amazon.in/s?k=Resistance+Bands+Set+5+levels
3193,Jump Rope Speed - Variant 1010,Sports,1830,"Adjustable steel cable, ball bearing handles, suitable for all fitness levels",260,4.5,https://www.amazon.in/s?k=Speed+Jump+Rope+Adjustable
3194,Hiking Boots Merrell - Variant 5406,Shoes,11665,"Waterproof leather, Vibram outsole, air cushion heel, ankle support",29,4.9,https://www.amazon.in/s?k=Merrell+Hiking+Boots+Waterproof
3195,Coffee Maker Drip - Variant 1006,Kitchen,3354,"12-cup programmable coffee maker, built-in grinder, thermal carafe",49,4.4,https://www.amazon.in/s?k=Drip+Coffee+Maker
3196,Dell 27inch Monitor - Variant 3585,Electronics,25919,"IPS panel, 165Hz refresh rate, 1ms response time, USB-C, FreeSync",12,4.6,https://www.amazon.in/s?k=Dell+27+inch+165Hz+Monitor
3197,Blender Vitamix A2500 - Variant 9564,Kitchen,43470,"Variable speed control, 3 program settings, self-cleaning, 64oz container",32,4.5,https://www.amazon.in/s?k=Vitamix+A2500+Blender
3198,Yoga Mat Premium - Variant 6677,Sports,2788,"Non-slip 6mm thick mat, eco-friendly TPE material, includes carry strap",123,4.7,https://www.amazon.in/s?k=Premium+Yoga+Mat
3199,Vitamin C Serum - Variant 6048,Beauty,1888,"20% Vitamin C with hyaluronic acid, brightens skin, reduces dark spots",84,3.9,https://www.amazon.in/s?k=Vitamin+C+Serum+20+percent
3200,Atomic Habits Workbook - Variant 6636,Books,1646,Companion workbook to Atomic Habits with exercises and habit trackers,162,4.5,https://www.amazon.in/s?k=Atomic+Habits+Workbook
3201,Harry Potter Box Set - Variant 6717,Books,6675,"Complete 7-book hardcover collection, illustrated edition",39,5.0,https://www.amazon.in/s?k=Harry+Potter+Box+Set+Hardcover
3202,Resistance Bands Set - Variant 1357,Sports,1751,"5 resistance levels, latex-free, includes door anchor and carry bag",172,4.8,https://www.amazon.in/s?k=Resistance+Bands+Set+5+levels
3203,Retinol Night Cream - Variant 1558,Beauty,2739,"0.5% retinol with peptides, reduces fine lines, fragrance-free, 50ml",141,4.5,https://www.amazon.in/s?k=Retinol+Night+Cream+0.5+percent
3204,Dell 27inch Monitor - Variant 8707,Electronics,26925,"IPS panel, 165Hz refresh rate, 1ms response time, USB-C, FreeSync",18,4.8,https://www.amazon.in/s?k=Dell+27+inch+165Hz+Monitor
3205,Rich Dad Poor Dad - Variant 1511,Books,1093,"Robert Kiyosaki's personal finance classic, updated 25th anniversary edition",325,4.7,https://www.amazon.in/s?k=Rich+Dad+Poor+Dad+Kiyosaki
3206,Coffee Maker Drip - Variant 9777,Kitchen,4541,"12-cup programmable coffee maker, built-in grinder, thermal carafe",53,4.6,https://www.amazon.in/s?k=Drip+Coffee+Maker
3207,Face Wash CeraVe - Variant 1899,Beauty,1086,"Hydrating cleanser with ceramides and hyaluronic acid, 16oz, all skin types",216,4.7,https://www.amazon.in/s?k=CeraVe+Hydrating+Face+Wash
3208,Blender Vitamix A2500 - Variant 5116,Kitchen,44264,"Variable speed control, 3 program settings, self-cleaning, 64oz container",13,4.9,https://www.amazon.in/s?k=Vitamix+A2500+Blender
3209,Retinol Night Cream - Variant 2369,Beauty,2261,"0.5% retinol with peptides, reduces fine lines, fragrance-free, 50ml",114,4.3,https://www.amazon.in/s?k=Retinol+Night+Cream+0.5+percent
3210,Sunglasses Polarized - Variant 3735,Accessories,2561,"UV400 protection, polarized lenses, lightweight frame, unisex design",160,4.3,https://www.amazon.in/s?k=Polarized+Sunglasses+UV400
3211,Levi's 501 Jeans - Variant 2407,Clothing,4214,"Classic straight fit jeans, durable denim, available in multiple washes",63,4.4,https://www.amazon.in/s?k=Levis+501+Jeans
3212,Dumbbell Set Adjustable - Variant 6686,Sports,13115,"5-52.5 lbs per dumbbell, replaces 15 sets, fast adjust dial system",30,4.7,https://www.amazon.in/s?k=Adjustable+Dumbbell+Set
3213,Wireless Mouse Logitech - Variant 9170,Electronics,2707,"MX Master 3, ergonomic design, 4000 DPI, multi-device support",82,4.6,https://www.amazon.in/s?k=Logitech+MX+Master+3
3214,iPad Air 11inch - Variant 3283,Electronics,47153,"M2 chip, 11-inch Liquid Retina display, Apple Pencil Pro support, 256GB",19,5.0,https://www.amazon.in/s?k=iPad+Air+M2+11inch
3215,Creatine Monohydrate - Variant 4319,Health,2196,"Micronized creatine, 5g per serving, unflavored, 60 servings, lab tested",58,4.4,https://www.amazon.in/s?k=Creatine+Monohydrate+Micronized
3216,Nike Air Max 270 - Variant 4558,Shoes,8774,"Lightweight running shoe with Air Max cushioning, great for daily use",56,4.3,https://www.amazon.in/s?k=Nike+Air+Max+270
3217,New Balance 990v6 - Variant 9045,Shoes,13004,"Made in USA, premium suede and mesh upper, ENCAP midsole technology",25,4.5,https://www.amazon.in/s?k=New+Balance+990v6
3218,Hoodie Champion Reverse Weave - Variant 8977,Clothing,5510,"Heavyweight fleece, reverse weave construction, kangaroo pocket",57,4.3,https://www.amazon.in/s?k=Champion+Reverse+Weave+Hoodie
3219,Instant Pot Duo 7-in-1 - Variant 1770,Kitchen,8290,"Pressure cooker, slow cooker, rice cooker, steamer, saute, yogurt maker",103,4.4,https://www.amazon.in/s?k=Instant+Pot+Duo
3220,Webcam Logitech 4K - Variant 1237,Electronics,14011,"4K Ultra HD, auto-focus, built-in mic, works with Zoom and Teams",37,4.7,https://www.amazon.in/s?k=Logitech+4K+Webcam
3221,Hoodie Champion Reverse Weave - Variant 8109,Clothing,4836,"Heavyweight fleece, reverse weave construction, kangaroo pocket",46,4.5,https://www.amazon.in/s?k=Champion+Reverse+Weave+Hoodie
3222,Wireless Mouse Logitech - Variant 3895,Electronics,3342,"MX Master 3, ergonomic design, 4000 DPI, multi-device support",49,4.6,https://www.amazon.in/s?k=Logitech+MX+Master+3
3223,Mechanical Keyboard RGB - Variant 2962,Electronics,6765,"TKL layout, Cherry MX switches, per-key RGB lighting, USB-C",44,4.6,https://www.amazon.in/s?k=Mechanical+Keyboard+RGB
3224,Harry Potter Box Set - Variant 3990,Books,5428,"Complete 7-book hardcover collection, illustrated edition",32,5.0,https://www.amazon.in/s?k=Harry+Potter+Box+Set+Hardcover
3225,Luggage Samsonite 28inch - Variant 3454,Accessories,19444,"Hardside spinner, TSA lock, expandable, lightweight polycarbonate shell",41,4.8,https://www.amazon.in/s?k=Samsonite+28+inch+Hardside+Luggage
3226,Wireless Mouse Logitech - Variant 7836,Electronics,2757,"MX Master 3, ergonomic design, 4000 DPI, multi-device support",68,4.6,https://www.amazon.in/s?k=Logitech+MX+Master+3
3227,Yoga Mat Premium - Variant 1044,Sports,3464,"Non-slip 6mm thick mat, eco-friendly TPE material, includes carry strap",131,4.2,https://www.amazon.in/s?k=Premium+Yoga+Mat
3228,Sunglasses Polarized - Variant 2219,Accessories,2328,"UV400 protection, polarized lenses, lightweight frame, unisex design",159,4.3,https://www.amazon.in/s?k=Polarized+Sunglasses+UV400
3229,Sunglasses Polarized - Variant 4270,Accessories,2186,"UV400 protection, polarized lenses, lightweight frame, unisex design",136,3.9,https://www.amazon.in/s?k=Polarized+Sunglasses+UV400
3230,Stand Mixer KitchenAid - Variant 8925,Kitchen,34471,"5-quart bowl, 10 speeds, 59 attachments compatible, tilt-head design",12,4.7,https://www.amazon.in/s?k=KitchenAid+Stand+Mixer+5qt
3231,Backpack Osprey 40L - Variant 7061,Accessories,10843,"40L travel pack, TSA-friendly, laptop sleeve, rain cover included",58,4.8,https://www.amazon.in/s?k=Osprey+40L+Backpack
3232,Samsung 4K Smart TV 55inch - Variant 3793,Electronics,68493,"Crystal UHD display, built-in Alexa, HDR10+, 3 HDMI ports",16,4.7,https://www.amazon.in/s?k=Samsung+4K+Smart+TV+55inch
3233,Protein Powder Whey - Variant 4796,Health,4660,"25g protein per serving, chocolate flavor, 5lb bag, no artificial colors",52,4.5,https://www.amazon.in/s?k=Whey+Protein+Powder+Chocolate
3234,Creatine Monohydrate - Variant 6369,Health,2812,"Micronized creatine, 5g per serving, unflavored, 60 servings, lab tested",90,4.4,https://www.amazon.in/s?k=Creatine+Monohydrate+Micronized
3235,Dumbbell Set Adjustable - Variant 6869,Sports,10201,"5-52.5 lbs per dumbbell, replaces 15 sets, fast adjust dial system",40,4.8,https://www.amazon.in/s?k=Adjustable+Dumbbell+Set
3236,Luggage Samsonite 28inch - Variant 4303,Accessories,14359,"Hardside spinner, TSA lock, expandable, lightweight polycarbonate shell",33,4.5,https://www.amazon.in/s?k=Samsonite+28+inch+Hardside+Luggage
3237,Backpack Osprey 40L - Variant 4030,Accessories,14730,"40L travel pack, TSA-friendly, laptop sleeve, rain cover included",42,4.7,https://www.amazon.in/s?k=Osprey+40L+Backpack
3238,Levi's Denim Jacket - Variant 3173,Clothing,6448,"Classic trucker jacket, 100% cotton denim, multiple color options",112,4.2,https://www.amazon.in/s?k=Levis+Denim+Jacket+Trucker
3239,Vitamin C Serum - Variant 2626,Beauty,2420,"20% Vitamin C with hyaluronic acid, brightens skin, reduces dark spots",135,4.5,https://www.amazon.in/s?k=Vitamin+C+Serum+20+percent
3240,Resistance Bands Set - Variant 9400,Sports,1903,"5 resistance levels, latex-free, includes door anchor and carry bag",126,4.3,https://www.amazon.in/s?k=Resistance+Bands+Set+5+levels
3241,Dell 27inch Monitor - Variant 2791,Electronics,29396,"IPS panel, 165Hz refresh rate, 1ms response time, USB-C, FreeSync",25,4.7,https://www.amazon.in/s?k=Dell+27+inch+165Hz+Monitor
3242,Stand Mixer KitchenAid - Variant 3416,Kitchen,30911,"5-quart bowl, 10 speeds, 59 attachments compatible, tilt-head design",12,5.0,https://www.amazon.in/s?k=KitchenAid+Stand+Mixer+5qt
3243,Coffee Maker Drip - Variant 9932,Kitchen,4934,"12-cup programmable coffee maker, built-in grinder, thermal carafe",78,4.5,https://www.amazon.in/s?k=Drip+Coffee+Maker
3244,iPad Air 11inch - Variant 9888,Electronics,44854,"M2 chip, 11-inch Liquid Retina display, Apple Pencil Pro support, 256GB",24,4.8,https://www.amazon.in/s?k=iPad+Air+M2+11inch
3245,Sunscreen SPF 50 EltaMD - Variant 6620,Beauty,3227,"Broad spectrum UV protection, oil-free, dermatologist recommended, 3oz",48,4.7,https://www.amazon.in/s?k=EltaMD+Sunscreen+SPF+50
3246,Kindle Paperwhite - Variant 7964,Electronics,12522,"6.8-inch display, adjustable warm light, waterproof, 3 months free Kindle Unlimited",38,4.6,https://www.amazon.in/s?k=Kindle+Paperwhite+2024
3247,Omega-3 Fish Oil - Variant 9464,Health,1785,"1200mg EPA+DHA per serving, enteric coated, 90 softgels, no fishy aftertaste",97,4.8,https://www.amazon.in/s?k=Omega+3+Fish+Oil+1200mg
3248,Creatine Monohydrate - Variant 1807,Health,2445,"Micronized creatine, 5g per serving, unflavored, 60 servings, lab tested",86,4.4,https://www.amazon.in/s?k=Creatine+Monohydrate+Micronized
3249,Adidas Ultraboost 22 - Variant 1014,Shoes,16275,"Responsive Boost midsole, Primeknit upper, Continental rubber outsole",40,4.8,https://www.amazon.in/s?k=Adidas+Ultraboost+22
3250,Retinol Night Cream - Variant 9205,Beauty,2341,"0.5% retinol with peptides, reduces fine lines, fragrance-free, 50ml",80,4.4,https://www.amazon.in/s?k=Retinol+Night+Cream+0.5+percent
3251,Vitamin C Serum - Variant 4256,Beauty,2204,"20% Vitamin C with hyaluronic acid, brightens skin, reduces dark spots",203,4.0,https://www.amazon.in/s?k=Vitamin+C+Serum+20+percent
3252,Converse Chuck Taylor - Variant 9294,Shoes,5518,"Classic canvas high-top, rubber sole, available in 20+ colors",250,4.6,https://www.amazon.in/s?k=Converse+Chuck+Taylor+High+Top
3253,Multivitamin Men's - Variant 4777,Health,1899,"23 essential vitamins and minerals, once daily, 90 tablets, no artificial colors",74,4.8,https://www.amazon.in/s?k=Mens+Multivitamin+Daily
3254,Dumbbell Set Adjustable - Variant 5995,Sports,11468,"5-52.5 lbs per dumbbell, replaces 15 sets, fast adjust dial system",17,4.8,https://www.amazon.in/s?k=Adjustable+Dumbbell+Set
3255,Jump Rope Speed - Variant 9423,Sports,1461,"Adjustable steel cable, ball bearing handles, suitable for all fitness levels",205,4.5,https://www.amazon.in/s?k=Speed+Jump+Rope+Adjustable
3256,Apple AirPods Pro - Variant 5255,Electronics,22745,"Active noise cancellation, transparency mode, spatial audio, wireless charging",36,4.7,https://www.amazon.in/s?k=Apple+AirPods+Pro
3257,Creatine Monohydrate - Variant 8047,Health,2967,"Micronized creatine, 5g per serving, unflavored, 60 servings, lab tested",66,4.7,https://www.amazon.in/s?k=Creatine+Monohydrate+Micronized
3258,Rich Dad Poor Dad - Variant 1379,Books,942,"Robert Kiyosaki's personal finance classic, updated 25th anniversary edition",181,4.7,https://www.amazon.in/s?k=Rich+Dad+Poor+Dad+Kiyosaki
3259,Levi's 501 Jeans - Variant 1411,Clothing,4477,"Classic straight fit jeans, durable denim, available in multiple washes",176,4.2,https://www.amazon.in/s?k=Levis+501+Jeans
3260,Sunscreen SPF 50 EltaMD - Variant 9594,Beauty,2788,"Broad spectrum UV protection, oil-free, dermatologist recommended, 3oz",89,4.9,https://www.amazon.in/s?k=EltaMD+Sunscreen+SPF+50
3261,Atomic Habits Workbook - Variant 8114,Books,1658,Companion workbook to Atomic Habits with exercises and habit trackers,132,4.7,https://www.amazon.in/s?k=Atomic+Habits+Workbook
3262,Omega-3 Fish Oil - Variant 3312,Health,1490,"1200mg EPA+DHA per serving, enteric coated, 90 softgels, no fishy aftertaste",237,4.5,https://www.amazon.in/s?k=Omega+3+Fish+Oil+1200mg
3263,Omega-3 Fish Oil - Variant 4984,Health,1821,"1200mg EPA+DHA per serving, enteric coated, 90 softgels, no fishy aftertaste",190,4.6,https://www.amazon.in/s?k=Omega+3+Fish+Oil+1200mg
3264,Dell 27inch Monitor - Variant 3255,Electronics,28260,"IPS panel, 165Hz refresh rate, 1ms response time, USB-C, FreeSync",10,4.7,https://www.amazon.in/s?k=Dell+27+inch+165Hz+Monitor
3265,Luggage Samsonite 28inch - Variant 9024,Accessories,14162,"Hardside spinner, TSA lock, expandable, lightweight polycarbonate shell",27,4.4,https://www.amazon.in/s?k=Samsonite+28+inch+Hardside+Luggage
3266,Creatine Monohydrate - Variant 7968,Health,2357,"Micronized creatine, 5g per serving, unflavored, 60 servings, lab tested",107,4.3,https://www.amazon.in/s?k=Creatine+Monohydrate+Micronized
3267,Coffee Maker Drip - Variant 2032,Kitchen,4483,"12-cup programmable coffee maker, built-in grinder, thermal carafe",80,4.6,https://www.amazon.in/s?k=Drip+Coffee+Maker
3268,Linen Shirt Uniqlo - Variant 2793,Clothing,3302,"100% linen, breathable summer fabric, relaxed fit, 8 color options",111,4.4,https://www.amazon.in/s?k=Linen+Shirt+Men+Uniqlo
3269,Retinol Night Cream - Variant 9530,Beauty,3296,"0.5% retinol with peptides, reduces fine lines, fragrance-free, 50ml",58,4.4,https://www.amazon.in/s?k=Retinol+Night+Cream+0.5+percent
3270,Omega-3 Fish Oil - Variant 8935,Health,1742,"1200mg EPA+DHA per serving, enteric coated, 90 softgels, no fishy aftertaste",146,4.8,https://www.amazon.in/s?k=Omega+3+Fish+Oil+1200mg
3271,Yoga Mat Premium - Variant 4831,Sports,3086,"Non-slip 6mm thick mat, eco-friendly TPE material, includes carry strap",77,4.3,https://www.amazon.in/s?k=Premium+Yoga+Mat
3272,Jump Rope Speed - Variant 7679,Sports,1639,"Adjustable steel cable, ball bearing handles, suitable for all fitness levels",190,4.4,https://www.amazon.in/s?k=Speed+Jump+Rope+Adjustable
3273,Mechanical Keyboard RGB - Variant 2941,Electronics,7091,"TKL layout, Cherry MX switches, per-key RGB lighting, USB-C",22,4.8,https://www.amazon.in/s?k=Mechanical+Keyboard+RGB
3274,Webcam Logitech 4K - Variant 4518,Electronics,12753,"4K Ultra HD, auto-focus, built-in mic, works with Zoom and Teams",71,4.4,https://www.amazon.in/s?k=Logitech+4K+Webcam
3275,Samsung 4K Smart TV 55inch - Variant 3939,Electronics,59149,"Crystal UHD display, built-in Alexa, HDR10+, 3 HDMI ports",21,4.4,https://www.amazon.in/s?k=Samsung+4K+Smart+TV+55inch
3276,Sunscreen SPF 50 EltaMD - Variant 5449,Beauty,2984,"Broad spectrum UV protection, oil-free, dermatologist recommended, 3oz",127,4.9,https://www.amazon.in/s?k=EltaMD+Sunscreen+SPF+50
3277,Air Fryer Ninja 6qt - Variant 6791,Kitchen,10565,"6-quart capacity, 4-in-1 functionality, up to 75% less fat, dishwasher safe",36,4.8,https://www.amazon.in/s?k=Ninja+Air+Fryer+6qt
3278,Harry Potter Box Set - Variant 1955,Books,6180,"Complete 7-book hardcover collection, illustrated edition",47,4.8,https://www.amazon.in/s?k=Harry+Potter+Box+Set+Hardcover
3279,Coffee Maker Drip - Variant 2229,Kitchen,4277,"12-cup programmable coffee maker, built-in grinder, thermal carafe",63,4.4,https://www.amazon.in/s?k=Drip+Coffee+Maker
3280,Mechanical Keyboard RGB - Variant 9371,Electronics,6568,"TKL layout, Cherry MX switches, per-key RGB lighting, USB-C",48,4.4,https://www.amazon.in/s?k=Mechanical+Keyboard+RGB
3281,Adidas Ultraboost 22 - Variant 9697,Shoes,15782,"Responsive Boost midsole, Primeknit upper, Continental rubber outsole",61,4.3,https://www.amazon.in/s?k=Adidas+Ultraboost+22
3282,The Alchemist Book - Variant 1655,Books,1039,Paulo Coelho's masterpiece about following your dreams and personal legend,153,4.9,https://www.amazon.in/s?k=The+Alchemist+Paulo+Coelho
3283,Stand Mixer KitchenAid - Variant 6408,Kitchen,27761,"5-quart bowl, 10 speeds, 59 attachments compatible, tilt-head design",11,4.8,https://www.amazon.in/s?k=KitchenAid+Stand+Mixer+5qt
3284,Atomic Habits Workbook - Variant 6591,Books,1636,Companion workbook to Atomic Habits with exercises and habit trackers,66,4.4,https://www.amazon.in/s?k=Atomic+Habits+Workbook
3285,New Balance 990v6 - Variant 3403,Shoes,12341,"Made in USA, premium suede and mesh upper, ENCAP midsole technology",47,4.6,https://www.amazon.in/s?k=New+Balance+990v6
3286,Linen Shirt Uniqlo - Variant 6031,Clothing,3741,"100% linen, breathable summer fabric, relaxed fit, 8 color options",178,4.1,https://www.amazon.in/s?k=Linen+Shirt+Men+Uniqlo
3287,Protein Powder Whey - Variant 8260,Health,3943,"25g protein per serving, chocolate flavor, 5lb bag, no artificial colors",59,4.4,https://www.amazon.in/s?k=Whey+Protein+Powder+Chocolate
3288,Levi's Denim Jacket - Variant 3257,Clothing,7832,"Classic trucker jacket, 100% cotton denim, multiple color options",102,4.2,https://www.amazon.in/s?k=Levis+Denim+Jacket+Trucker
3289,Jump Rope Speed - Variant 9535,Sports,1853,"Adjustable steel cable, ball bearing handles, suitable for all fitness levels",143,4.2,https://www.amazon.in/s?k=Speed+Jump+Rope+Adjustable
3290,Hoodie Champion Reverse Weave - Variant 5288,Clothing,6270,"Heavyweight fleece, reverse weave construction, kangaroo pocket",99,4.6,https://www.amazon.in/s?k=Champion+Reverse+Weave+Hoodie
3291,Atomic Habits Book - Variant 5558,Books,1546,James Clear's guide to building good habits and breaking bad ones,248,5.0,https://www.amazon.in/s?k=Atomic+Habits+James+Clear
3292,Atomic Habits Workbook - Variant 2293,Books,1374,Companion workbook to Atomic Habits with exercises and habit trackers,67,4.2,https://www.amazon.in/s?k=Atomic+Habits+Workbook
3293,The Alchemist Book - Variant 8424,Books,1132,Paulo Coelho's masterpiece about following your dreams and personal legend,293,5.0,https://www.amazon.in/s?k=The+Alchemist+Paulo+Coelho
3294,New Balance 990v6 - Variant 4186,Shoes,17613,"Made in USA, premium suede and mesh upper, ENCAP midsole technology",43,4.7,https://www.amazon.in/s?k=New+Balance+990v6
3295,Apple AirPods Pro - Variant 9198,Electronics,24651,"Active noise cancellation, transparency mode, spatial audio, wireless charging",22,5.0,https://www.amazon.in/s?k=Apple+AirPods+Pro
3296,Resistance Bands Set - Variant 4254,Sports,2014,"5 resistance levels, latex-free, includes door anchor and carry bag",77,4.4,https://www.amazon.in/s?k=Resistance+Bands+Set+5+levels
3297,Dumbbell Set Adjustable - Variant 6631,Sports,12643,"5-52.5 lbs per dumbbell, replaces 15 sets, fast adjust dial system",42,5.0,https://www.amazon.in/s?k=Adjustable+Dumbbell+Set
3298,Converse Chuck Taylor - Variant 6318,Shoes,5882,"Classic canvas high-top, rubber sole, available in 20+ colors",115,4.7,https://www.amazon.in/s?k=Converse+Chuck+Taylor+High+Top
3299,Wireless Mouse Logitech - Variant 6497,Electronics,3565,"MX Master 3, ergonomic design, 4000 DPI, multi-device support",79,4.6,https://www.amazon.in/s?k=Logitech+MX+Master+3
3300,Instant Pot Duo 7-in-1 - Variant 7387,Kitchen,8767,"Pressure cooker, slow cooker, rice cooker, steamer, saute, yogurt maker",119,4.7,https://www.amazon.in/s?k=Instant+Pot+Duo
3301,Sony WH-1000XM5 - Variant 4967,Electronics,26790,"Industry-leading noise cancellation, 30hr battery, multipoint connection",34,4.6,https://www.amazon.in/s?k=Sony+WH-1000XM5
3302,Sunglasses Polarized - Variant 5409,Accessories,2937,"UV400 protection, polarized lenses, lightweight frame, unisex design",151,3.9,https://www.amazon.in/s?k=Polarized+Sunglasses+UV400
3303,Linen Shirt Uniqlo - Variant 3607,Clothing,3636,"100% linen, breathable summer fabric, relaxed fit, 8 color options",203,4.3,https://www.amazon.in/s?k=Linen+Shirt+Men+Uniqlo
3304,Hoodie Champion Reverse Weave - Variant 4488,Clothing,5138,"Heavyweight fleece, reverse weave construction, kangaroo pocket",111,4.8,https://www.amazon.in/s?k=Champion+Reverse+Weave+Hoodie
3305,Running Shorts Nike - Variant 5167,Clothing,2431,"Dri-FIT fabric, 7-inch inseam, built-in brief, reflective details",149,4.4,https://www.amazon.in/s?k=Nike+Running+Shorts+DriFIT
3306,Hoodie Champion Reverse Weave - Variant 4425,Clothing,6507,"Heavyweight fleece, reverse weave construction, kangaroo pocket",45,4.4,https://www.amazon.in/s?k=Champion+Reverse+Weave+Hoodie
3307,Sunscreen SPF 50 EltaMD - Variant 8044,Beauty,2781,"Broad spectrum UV protection, oil-free, dermatologist recommended, 3oz",43,4.8,https://www.amazon.in/s?k=EltaMD+Sunscreen+SPF+50
3308,Hiking Boots Merrell - Variant 6826,Shoes,11418,"Waterproof leather, Vibram outsole, air cushion heel, ankle support",65,4.5,https://www.amazon.in/s?k=Merrell+Hiking+Boots+Waterproof
3309,Hiking Boots Merrell - Variant 5473,Shoes,11471,"Waterproof leather, Vibram outsole, air cushion heel, ankle support",61,4.7,https://www.amazon.in/s?k=Merrell+Hiking+Boots+Waterproof
3310,Apple AirPods Pro - Variant 7375,Electronics,16882,"Active noise cancellation, transparency mode, spatial audio, wireless charging",30,4.7,https://www.amazon.in/s?k=Apple+AirPods+Pro
3311,Retinol Night Cream - Variant 8204,Beauty,3018,"0.5% retinol with peptides, reduces fine lines, fragrance-free, 50ml",125,4.3,https://www.amazon.in/s?k=Retinol+Night+Cream+0.5+percent
3312,Atomic Habits Workbook - Variant 3227,Books,1332,Companion workbook to Atomic Habits with exercises and habit trackers,72,4.6,https://www.amazon.in/s?k=Atomic+Habits+Workbook
3313,Harry Potter Box Set - Variant 5627,Books,7896,"Complete 7-book hardcover collection, illustrated edition",47,5.0,https://www.amazon.in/s?k=Harry+Potter+Box+Set+Hardcover
3314,Leather Wallet Slim - Variant 3138,Accessories,2138,"Genuine leather, RFID blocking, 8 card slots, minimalist design",128,4.4,https://www.amazon.in/s?k=Slim+Leather+Wallet+RFID
3315,Apple AirPods Pro - Variant 6840,Electronics,22578,"Active noise cancellation, transparency mode, spatial audio, wireless charging",20,4.9,https://www.amazon.in/s?k=Apple+AirPods+Pro
3316,Protein Powder Whey - Variant 5748,Health,5289,"25g protein per serving, chocolate flavor, 5lb bag, no artificial colors",31,4.3,https://www.amazon.in/s?k=Whey+Protein+Powder+Chocolate
3317,Face Wash CeraVe - Variant 6019,Beauty,1255,"Hydrating cleanser with ceramides and hyaluronic acid, 16oz, all skin types",188,4.9,https://www.amazon.in/s?k=CeraVe+Hydrating+Face+Wash
3318,Resistance Bands Set - Variant 2305,Sports,1567,"5 resistance levels, latex-free, includes door anchor and carry bag",130,4.4,https://www.amazon.in/s?k=Resistance+Bands+Set+5+levels
3319,Atomic Habits Workbook - Variant 9993,Books,1443,Companion workbook to Atomic Habits with exercises and habit trackers,160,4.3,https://www.amazon.in/s?k=Atomic+Habits+Workbook
3320,Levi's 501 Jeans - Variant 8883,Clothing,4444,"Classic straight fit jeans, durable denim, available in multiple washes",152,4.0,https://www.amazon.in/s?k=Levis+501+Jeans
3321,Wireless Mouse Logitech - Variant 8359,Electronics,3141,"MX Master 3, ergonomic design, 4000 DPI, multi-device support",77,4.9,https://www.amazon.in/s?k=Logitech+MX+Master+3
3322,The Alchemist Book - Variant 5865,Books,1266,Paulo Coelho's masterpiece about following your dreams and personal legend,130,5.0,https://www.amazon.in/s?k=The+Alchemist+Paulo+Coelho
3323,Hiking Boots Merrell - Variant 7340,Shoes,11443,"Waterproof leather, Vibram outsole, air cushion heel, ankle support",45,4.7,https://www.amazon.in/s?k=Merrell+Hiking+Boots+Waterproof
3324,Stand Mixer KitchenAid - Variant 9449,Kitchen,30066,"5-quart bowl, 10 speeds, 59 attachments compatible, tilt-head design",8,4.8,https://www.amazon.in/s?k=KitchenAid+Stand+Mixer+5qt
3325,New Balance 990v6 - Variant 4834,Shoes,17260,"Made in USA, premium suede and mesh upper, ENCAP midsole technology",48,4.7,https://www.amazon.in/s?k=New+Balance+990v6
3326,Face Wash CeraVe - Variant 8384,Beauty,1267,"Hydrating cleanser with ceramides and hyaluronic acid, 16oz, all skin types",228,5.0,https://www.amazon.in/s?k=CeraVe+Hydrating+Face+Wash
3327,Instant Pot Duo 7-in-1 - Variant 5653,Kitchen,6641,"Pressure cooker, slow cooker, rice cooker, steamer, saute, yogurt maker",60,4.6,https://www.amazon.in/s?k=Instant+Pot+Duo
3328,Leather Wallet Slim - Variant 8424,Accessories,2313,"Genuine leather, RFID blocking, 8 card slots, minimalist design",196,4.2,https://www.amazon.in/s?k=Slim+Leather+Wallet+RFID
3329,Luggage Samsonite 28inch - Variant 1255,Accessories,17657,"Hardside spinner, TSA lock, expandable, lightweight polycarbonate shell",23,4.4,https://www.amazon.in/s?k=Samsonite+28+inch+Hardside+Luggage
3330,Hoodie Champion Reverse Weave - Variant 4274,Clothing,6373,"Heavyweight fleece, reverse weave construction, kangaroo pocket",78,4.6,https://www.amazon.in/s?k=Champion+Reverse+Weave+Hoodie
3331,New Balance 990v6 - Variant 6809,Shoes,17380,"Made in USA, premium suede and mesh upper, ENCAP midsole technology",35,4.8,https://www.amazon.in/s?k=New+Balance+990v6
3332,Yoga Mat Premium - Variant 1827,Sports,2968,"Non-slip 6mm thick mat, eco-friendly TPE material, includes carry strap",46,4.3,https://www.amazon.in/s?k=Premium+Yoga+Mat
3333,Protein Powder Whey - Variant 4593,Health,4402,"25g protein per serving, chocolate flavor, 5lb bag, no artificial colors",38,4.4,https://www.amazon.in/s?k=Whey+Protein+Powder+Chocolate
3334,Dell 27inch Monitor - Variant 9761,Electronics,24835,"IPS panel, 165Hz refresh rate, 1ms response time, USB-C, FreeSync",10,4.5,https://www.amazon.in/s?k=Dell+27+inch+165Hz+Monitor
3335,Samsung 4K Smart TV 55inch - Variant 5750,Electronics,65255,"Crystal UHD display, built-in Alexa, HDR10+, 3 HDMI ports",9,4.7,https://www.amazon.in/s?k=Samsung+4K+Smart+TV+55inch
3336,Stand Mixer KitchenAid - Variant 5500,Kitchen,31997,"5-quart bowl, 10 speeds, 59 attachments compatible, tilt-head design",17,5.0,https://www.amazon.in/s?k=KitchenAid+Stand+Mixer+5qt
3337,Running Shorts Nike - Variant 1688,Clothing,3317,"Dri-FIT fabric, 7-inch inseam, built-in brief, reflective details",145,4.2,https://www.amazon.in/s?k=Nike+Running+Shorts+DriFIT
3338,Kindle Paperwhite - Variant 3916,Electronics,11936,"6.8-inch display, adjustable warm light, waterproof, 3 months free Kindle Unlimited",65,4.6,https://www.amazon.in/s?k=Kindle+Paperwhite+2024
3339,Apple AirPods Pro - Variant 9928,Electronics,22409,"Active noise cancellation, transparency mode, spatial audio, wireless charging",27,4.5,https://www.amazon.in/s?k=Apple+AirPods+Pro
3340,Sunglasses Polarized - Variant 4140,Accessories,2195,"UV400 protection, polarized lenses, lightweight frame, unisex design",151,3.9,https://www.amazon.in/s?k=Polarized+Sunglasses+UV400
3341,Atomic Habits Workbook - Variant 6293,Books,1255,Companion workbook to Atomic Habits with exercises and habit trackers,169,4.5,https://www.amazon.in/s?k=Atomic+Habits+Workbook
3342,Nike Air Max 270 - Variant 6885,Shoes,11180,"Lightweight running shoe with Air Max cushioning, great for daily use",38,4.7,https://www.amazon.in/s?k=Nike+Air+Max+270
3343,Sunglasses Polarized - Variant 3063,Accessories,2146,"UV400 protection, polarized lenses, lightweight frame, unisex design",60,4.1,https://www.amazon.in/s?k=Polarized+Sunglasses+UV400
3344,Dell 27inch Monitor - Variant 4976,Electronics,31142,"IPS panel, 165Hz refresh rate, 1ms response time, USB-C, FreeSync",18,4.7,https://www.amazon.in/s?k=Dell+27+inch+165Hz+Monitor
3345,Leather Wallet Slim - Variant 5970,Accessories,2117,"Genuine leather, RFID blocking, 8 card slots, minimalist design",187,4.4,https://www.amazon.in/s?k=Slim+Leather+Wallet+RFID
3346,Retinol Night Cream - Variant 7828,Beauty,2875,"0.5% retinol with peptides, reduces fine lines, fragrance-free, 50ml",91,4.2,https://www.amazon.in/s?k=Retinol+Night+Cream+0.5+percent
3347,Leather Wallet Slim - Variant 6331,Accessories,1958,"Genuine leather, RFID blocking, 8 card slots, minimalist design",98,4.3,https://www.amazon.in/s?k=Slim+Leather+Wallet+RFID
3348,Jump Rope Speed - Variant 5717,Sports,1811,"Adjustable steel cable, ball bearing handles, suitable for all fitness levels",235,4.6,https://www.amazon.in/s?k=Speed+Jump+Rope+Adjustable
3349,Omega-3 Fish Oil - Variant 3214,Health,1347,"1200mg EPA+DHA per serving, enteric coated, 90 softgels, no fishy aftertaste",267,4.8,https://www.amazon.in/s?k=Omega+3+Fish+Oil+1200mg
3350,Stand Mixer KitchenAid - Variant 7629,Kitchen,35547,"5-quart bowl, 10 speeds, 59 attachments compatible, tilt-head design",7,4.6,https://www.amazon.in/s?k=KitchenAid+Stand+Mixer+5qt
3351,Atomic Habits Workbook - Variant 3765,Books,1365,Companion workbook to Atomic Habits with exercises and habit trackers,153,4.8,https://www.amazon.in/s?k=Atomic+Habits+Workbook
3352,Rich Dad Poor Dad - Variant 2294,Books,1221,"Robert Kiyosaki's personal finance classic, updated 25th anniversary edition",348,4.6,https://www.amazon.in/s?k=Rich+Dad+Poor+Dad+Kiyosaki
3353,Stand Mixer KitchenAid - Variant 3774,Kitchen,35758,"5-quart bowl, 10 speeds, 59 attachments compatible, tilt-head design",7,4.8,https://www.amazon.in/s?k=KitchenAid+Stand+Mixer+5qt
3354,Apple AirPods Pro - Variant 8432,Electronics,22994,"Active noise cancellation, transparency mode, spatial audio, wireless charging",29,4.7,https://www.amazon.in/s?k=Apple+AirPods+Pro
3355,Luggage Samsonite 28inch - Variant 9836,Accessories,16761,"Hardside spinner, TSA lock, expandable, lightweight polycarbonate shell",24,4.7,https://www.amazon.in/s?k=Samsonite+28+inch+Hardside+Luggage
3356,Leather Wallet Slim - Variant 5738,Accessories,1891,"Genuine leather, RFID blocking, 8 card slots, minimalist design",179,4.1,https://www.amazon.in/s?k=Slim+Leather+Wallet+RFID
3357,Hoodie Champion Reverse Weave - Variant 9188,Clothing,4627,"Heavyweight fleece, reverse weave construction, kangaroo pocket",56,4.7,https://www.amazon.in/s?k=Champion+Reverse+Weave+Hoodie
3358,The Alchemist Book - Variant 5595,Books,1318,Paulo Coelho's masterpiece about following your dreams and personal legend,187,5.0,https://www.amazon.in/s?k=The+Alchemist+Paulo+Coelho
3359,Linen Shirt Uniqlo - Variant 8945,Clothing,2715,"100% linen, breathable summer fabric, relaxed fit, 8 color options",89,4.4,https://www.amazon.in/s?k=Linen+Shirt+Men+Uniqlo
3360,Blender Vitamix A2500 - Variant 4898,Kitchen,32707,"Variable speed control, 3 program settings, self-cleaning, 64oz container",21,4.8,https://www.amazon.in/s?k=Vitamix+A2500+Blender
3361,Sony WH-1000XM5 - Variant 9689,Electronics,25341,"Industry-leading noise cancellation, 30hr battery, multipoint connection",30,4.6,https://www.amazon.in/s?k=Sony+WH-1000XM5
3362,Sony WH-1000XM5 - Variant 4632,Electronics,24537,"Industry-leading noise cancellation, 30hr battery, multipoint connection",34,5.0,https://www.amazon.in/s?k=Sony+WH-1000XM5
3363,Jump Rope Speed - Variant 7681,Sports,1529,"Adjustable steel cable, ball bearing handles, suitable for all fitness levels",166,4.6,https://www.amazon.in/s?k=Speed+Jump+Rope+Adjustable
3364,Leather Wallet Slim - Variant 6997,Accessories,2291,"Genuine leather, RFID blocking, 8 card slots, minimalist design",202,4.2,https://www.amazon.in/s?k=Slim+Leather+Wallet+RFID
3365,Sony WH-1000XM5 - Variant 6275,Electronics,34059,"Industry-leading noise cancellation, 30hr battery, multipoint connection",19,5.0,https://www.amazon.in/s?k=Sony+WH-1000XM5
3366,Jump Rope Speed - Variant 4486,Sports,1296,"Adjustable steel cable, ball bearing handles, suitable for all fitness levels",199,4.1,https://www.amazon.in/s?k=Speed+Jump+Rope+Adjustable
3367,Retinol Night Cream - Variant 4153,Beauty,2590,"0.5% retinol with peptides, reduces fine lines, fragrance-free, 50ml",81,4.3,https://www.amazon.in/s?k=Retinol+Night+Cream+0.5+percent
3368,Face Wash CeraVe - Variant 8042,Beauty,1484,"Hydrating cleanser with ceramides and hyaluronic acid, 16oz, all skin types",132,4.7,https://www.amazon.in/s?k=CeraVe+Hydrating+Face+Wash
3369,Instant Pot Duo 7-in-1 - Variant 4036,Kitchen,6332,"Pressure cooker, slow cooker, rice cooker, steamer, saute, yogurt maker",91,4.9,https://www.amazon.in/s?k=Instant+Pot+Duo
3370,Kindle Paperwhite - Variant 3084,Electronics,12089,"6.8-inch display, adjustable warm light, waterproof, 3 months free Kindle Unlimited",59,4.7,https://www.amazon.in/s?k=Kindle+Paperwhite+2024
3371,Converse Chuck Taylor - Variant 5991,Shoes,4775,"Classic canvas high-top, rubber sole, available in 20+ colors",203,4.6,https://www.amazon.in/s?k=Converse+Chuck+Taylor+High+Top
3372,Adidas Ultraboost 22 - Variant 5085,Shoes,15962,"Responsive Boost midsole, Primeknit upper, Continental rubber outsole",89,4.6,https://www.amazon.in/s?k=Adidas+Ultraboost+22
3373,Kindle Paperwhite - Variant 7273,Electronics,11374,"6.8-inch display, adjustable warm light, waterproof, 3 months free Kindle Unlimited",50,4.6,https://www.amazon.in/s?k=Kindle+Paperwhite+2024
3374,Nike Air Max 270 - Variant 3256,Shoes,11428,"Lightweight running shoe with Air Max cushioning, great for daily use",74,4.4,https://www.amazon.in/s?k=Nike+Air+Max+270
3375,Leather Wallet Slim - Variant 2465,Accessories,2414,"Genuine leather, RFID blocking, 8 card slots, minimalist design",124,4.6,https://www.amazon.in/s?k=Slim+Leather+Wallet+RFID
3376,Yoga Mat Premium - Variant 8880,Sports,2400,"Non-slip 6mm thick mat, eco-friendly TPE material, includes carry strap",75,4.3,https://www.amazon.in/s?k=Premium+Yoga+Mat
3377,Hiking Boots Merrell - Variant 7508,Shoes,9880,"Waterproof leather, Vibram outsole, air cushion heel, ankle support",60,4.6,https://www.amazon.in/s?k=Merrell+Hiking+Boots+Waterproof
3378,Leather Wallet Slim - Variant 2484,Accessories,1686,"Genuine leather, RFID blocking, 8 card slots, minimalist design",76,4.4,https://www.amazon.in/s?k=Slim+Leather+Wallet+RFID
3379,iPad Air 11inch - Variant 1711,Electronics,58365,"M2 chip, 11-inch Liquid Retina display, Apple Pencil Pro support, 256GB",16,4.6,https://www.amazon.in/s?k=iPad+Air+M2+11inch
3380,Coffee Maker Drip - Variant 3159,Kitchen,3513,"12-cup programmable coffee maker, built-in grinder, thermal carafe",58,4.1,https://www.amazon.in/s?k=Drip+Coffee+Maker
3381,Nike Air Max 270 - Variant 1492,Shoes,11133,"Lightweight running shoe with Air Max cushioning, great for daily use",39,4.6,https://www.amazon.in/s?k=Nike+Air+Max+270
3382,Adidas Ultraboost 22 - Variant 1769,Shoes,16331,"Responsive Boost midsole, Primeknit upper, Continental rubber outsole",50,4.8,https://www.amazon.in/s?k=Adidas+Ultraboost+22
3383,Leather Wallet Slim - Variant 3698,Accessories,2470,"Genuine leather, RFID blocking, 8 card slots, minimalist design",156,4.5,https://www.amazon.in/s?k=Slim+Leather+Wallet+RFID
3384,Face Wash CeraVe - Variant 8126,Beauty,1416,"Hydrating cleanser with ceramides and hyaluronic acid, 16oz, all skin types",321,4.5,https://www.amazon.in/s?k=CeraVe+Hydrating+Face+Wash
3385,Resistance Bands Set - Variant 5894,Sports,1976,"5 resistance levels, latex-free, includes door anchor and carry bag",138,4.3,https://www.amazon.in/s?k=Resistance+Bands+Set+5+levels
3386,Mechanical Keyboard RGB - Variant 8572,Electronics,6236,"TKL layout, Cherry MX switches, per-key RGB lighting, USB-C",34,4.6,https://www.amazon.in/s?k=Mechanical+Keyboard+RGB
3387,Kindle Paperwhite - Variant 9118,Electronics,10884,"6.8-inch display, adjustable warm light, waterproof, 3 months free Kindle Unlimited",87,4.7,https://www.amazon.in/s?k=Kindle+Paperwhite+2024
3388,Rich Dad Poor Dad - Variant 6791,Books,1269,"Robert Kiyosaki's personal finance classic, updated 25th anniversary edition",227,4.9,https://www.amazon.in/s?k=Rich+Dad+Poor+Dad+Kiyosaki
3389,Dumbbell Set Adjustable - Variant 4749,Sports,13055,"5-52.5 lbs per dumbbell, replaces 15 sets, fast adjust dial system",36,4.8,https://www.amazon.in/s?k=Adjustable+Dumbbell+Set
3390,Apple AirPods Pro - Variant 2641,Electronics,24858,"Active noise cancellation, transparency mode, spatial audio, wireless charging",24,5.0,https://www.amazon.in/s?k=Apple+AirPods+Pro
3391,Vitamin C Serum - Variant 9673,Beauty,1788,"20% Vitamin C with hyaluronic acid, brightens skin, reduces dark spots",214,4.3,https://www.amazon.in/s?k=Vitamin+C+Serum+20+percent
3392,Webcam Logitech 4K - Variant 9533,Electronics,12159,"4K Ultra HD, auto-focus, built-in mic, works with Zoom and Teams",38,4.2,https://www.amazon.in/s?k=Logitech+4K+Webcam
3393,Harry Potter Box Set - Variant 2961,Books,5556,"Complete 7-book hardcover collection, illustrated edition",30,4.8,https://www.amazon.in/s?k=Harry+Potter+Box+Set+Hardcover
3394,Sony WH-1000XM5 - Variant 6442,Electronics,26070,"Industry-leading noise cancellation, 30hr battery, multipoint connection",35,5.0,https://www.amazon.in/s?k=Sony+WH-1000XM5
3395,Sony WH-1000XM5 - Variant 3459,Electronics,25428,"Industry-leading noise cancellation, 30hr battery, multipoint connection",24,4.9,https://www.amazon.in/s?k=Sony+WH-1000XM5
3396,Hiking Boots Merrell - Variant 7196,Shoes,10524,"Waterproof leather, Vibram outsole, air cushion heel, ankle support",28,4.5,https://www.amazon.in/s?k=Merrell+Hiking+Boots+Waterproof
3397,Adidas Ultraboost 22 - Variant 4161,Shoes,17577,"Responsive Boost midsole, Primeknit upper, Continental rubber outsole",52,4.3,https://www.amazon.in/s?k=Adidas+Ultraboost+22
3398,Atomic Habits Book - Variant 4312,Books,1279,James Clear's guide to building good habits and breaking bad ones,364,4.8,https://www.amazon.in/s?k=Atomic+Habits+James+Clear
3399,Yoga Mat Premium - Variant 2743,Sports,3126,"Non-slip 6mm thick mat, eco-friendly TPE material, includes carry strap",115,4.6,https://www.amazon.in/s?k=Premium+Yoga+Mat
3400,Sony WH-1000XM5 - Variant 7555,Electronics,31324,"Industry-leading noise cancellation, 30hr battery, multipoint connection",21,5.0,https://www.amazon.in/s?k=Sony+WH-1000XM5
3401,Sunglasses Polarized - Variant 1425,Accessories,2695,"UV400 protection, polarized lenses, lightweight frame, unisex design",126,3.9,https://www.amazon.in/s?k=Polarized+Sunglasses+UV400
3402,Blender Vitamix A2500 - Variant 9661,Kitchen,35116,"Variable speed control, 3 program settings, self-cleaning, 64oz container",31,4.7,https://www.amazon.in/s?k=Vitamix+A2500+Blender
3403,Atomic Habits Book - Variant 8241,Books,1425,James Clear's guide to building good habits and breaking bad ones,313,5.0,https://www.amazon.in/s?k=Atomic+Habits+James+Clear
3404,Backpack Osprey 40L - Variant 4804,Accessories,12336,"40L travel pack, TSA-friendly, laptop sleeve, rain cover included",29,4.6,https://www.amazon.in/s?k=Osprey+40L+Backpack
3405,Creatine Monohydrate - Variant 6634,Health,2984,"Micronized creatine, 5g per serving, unflavored, 60 servings, lab tested",100,4.5,https://www.amazon.in/s?k=Creatine+Monohydrate+Micronized
3406,Linen Shirt Uniqlo - Variant 1376,Clothing,3838,"100% linen, breathable summer fabric, relaxed fit, 8 color options",169,4.5,https://www.amazon.in/s?k=Linen+Shirt+Men+Uniqlo
3407,Hiking Boots Merrell - Variant 4098,Shoes,10051,"Waterproof leather, Vibram outsole, air cushion heel, ankle support",44,4.8,https://www.amazon.in/s?k=Merrell+Hiking+Boots+Waterproof
3408,Converse Chuck Taylor - Variant 6255,Shoes,5498,"Classic canvas high-top, rubber sole, available in 20+ colors",126,4.6,https://www.amazon.in/s?k=Converse+Chuck+Taylor+High+Top
3409,Protein Powder Whey - Variant 4527,Health,4252,"25g protein per serving, chocolate flavor, 5lb bag, no artificial colors",44,4.2,https://www.amazon.in/s?k=Whey+Protein+Powder+Chocolate
3410,Sunglasses Polarized - Variant 2858,Accessories,2762,"UV400 protection, polarized lenses, lightweight frame, unisex design",122,3.9,https://www.amazon.in/s?k=Polarized+Sunglasses+UV400
3411,Mechanical Keyboard RGB - Variant 1527,Electronics,7944,"TKL layout, Cherry MX switches, per-key RGB lighting, USB-C",32,4.2,https://www.amazon.in/s?k=Mechanical+Keyboard+RGB
3412,Kindle Paperwhite - Variant 3068,Electronics,13564,"6.8-inch display, adjustable warm light, waterproof, 3 months free Kindle Unlimited",79,4.7,https://www.amazon.in/s?k=Kindle+Paperwhite+2024
3413,Creatine Monohydrate - Variant 7169,Health,2965,"Micronized creatine, 5g per serving, unflavored, 60 servings, lab tested",93,4.5,https://www.amazon.in/s?k=Creatine+Monohydrate+Micronized
3414,iPad Air 11inch - Variant 1357,Electronics,46257,"M2 chip, 11-inch Liquid Retina display, Apple Pencil Pro support, 256GB",17,4.8,https://www.amazon.in/s?k=iPad+Air+M2+11inch
3415,Converse Chuck Taylor - Variant 1611,Shoes,5099,"Classic canvas high-top, rubber sole, available in 20+ colors",232,4.5,https://www.amazon.in/s?k=Converse+Chuck+Taylor+High+Top
3416,iPad Air 11inch - Variant 3996,Electronics,55480,"M2 chip, 11-inch Liquid Retina display, Apple Pencil Pro support, 256GB",17,4.9,https://www.amazon.in/s?k=iPad+Air+M2+11inch
3417,Protein Powder Whey - Variant 4216,Health,4043,"25g protein per serving, chocolate flavor, 5lb bag, no artificial colors",28,4.7,https://www.amazon.in/s?k=Whey+Protein+Powder+Chocolate
3418,Adidas Ultraboost 22 - Variant 1231,Shoes,18139,"Responsive Boost midsole, Primeknit upper, Continental rubber outsole",51,4.8,https://www.amazon.in/s?k=Adidas+Ultraboost+22
3419,Retinol Night Cream - Variant 4599,Beauty,3197,"0.5% retinol with peptides, reduces fine lines, fragrance-free, 50ml",131,4.5,https://www.amazon.in/s?k=Retinol+Night+Cream+0.5+percent
3420,Creatine Monohydrate - Variant 8527,Health,2351,"Micronized creatine, 5g per serving, unflavored, 60 servings, lab tested",55,4.6,https://www.amazon.in/s?k=Creatine+Monohydrate+Micronized
3421,iPad Air 11inch - Variant 2049,Electronics,48760,"M2 chip, 11-inch Liquid Retina display, Apple Pencil Pro support, 256GB",16,5.0,https://www.amazon.in/s?k=iPad+Air+M2+11inch
3422,Hiking Boots Merrell - Variant 8762,Shoes,11235,"Waterproof leather, Vibram outsole, air cushion heel, ankle support",47,4.4,https://www.amazon.in/s?k=Merrell+Hiking+Boots+Waterproof
3423,The Alchemist Book - Variant 4979,Books,1001,Paulo Coelho's masterpiece about following your dreams and personal legend,201,4.6,https://www.amazon.in/s?k=The+Alchemist+Paulo+Coelho
3424,Dumbbell Set Adjustable - Variant 9693,Sports,14717,"5-52.5 lbs per dumbbell, replaces 15 sets, fast adjust dial system",38,4.8,https://www.amazon.in/s?k=Adjustable+Dumbbell+Set
3425,Dell 27inch Monitor - Variant 4006,Electronics,22907,"IPS panel, 165Hz refresh rate, 1ms response time, USB-C, FreeSync",20,4.5,https://www.amazon.in/s?k=Dell+27+inch+165Hz+Monitor
3426,Coffee Maker Drip - Variant 4174,Kitchen,3432,"12-cup programmable coffee maker, built-in grinder, thermal carafe",71,4.1,https://www.amazon.in/s?k=Drip+Coffee+Maker
3427,Protein Powder Whey - Variant 4091,Health,4705,"25g protein per serving, chocolate flavor, 5lb bag, no artificial colors",46,4.7,https://www.amazon.in/s?k=Whey+Protein+Powder+Chocolate
3428,Hoodie Champion Reverse Weave - Variant 4570,Clothing,6578,"Heavyweight fleece, reverse weave construction, kangaroo pocket",90,4.3,https://www.amazon.in/s?k=Champion+Reverse+Weave+Hoodie
3429,Stand Mixer KitchenAid - Variant 1987,Kitchen,34610,"5-quart bowl, 10 speeds, 59 attachments compatible, tilt-head design",13,4.8,https://www.amazon.in/s?k=KitchenAid+Stand+Mixer+5qt
3430,Hoodie Champion Reverse Weave - Variant 1626,Clothing,4931,"Heavyweight fleece, reverse weave construction, kangaroo pocket",77,4.5,https://www.amazon.in/s?k=Champion+Reverse+Weave+Hoodie
3431,Sunglasses Polarized - Variant 8967,Accessories,2077,"UV400 protection, polarized lenses, lightweight frame, unisex design",161,4.3,https://www.amazon.in/s?k=Polarized+Sunglasses+UV400
3432,Hiking Boots Merrell - Variant 2776,Shoes,12133,"Waterproof leather, Vibram outsole, air cushion heel, ankle support",26,4.8,https://www.amazon.in/s?k=Merrell+Hiking+Boots+Waterproof
3433,Resistance Bands Set - Variant 9263,Sports,1906,"5 resistance levels, latex-free, includes door anchor and carry bag",65,4.3,https://www.amazon.in/s?k=Resistance+Bands+Set+5+levels
3434,Apple AirPods Pro - Variant 9307,Electronics,20574,"Active noise cancellation, transparency mode, spatial audio, wireless charging",42,5.0,https://www.amazon.in/s?k=Apple+AirPods+Pro
3435,Atomic Habits Book - Variant 6967,Books,1834,James Clear's guide to building good habits and breaking bad ones,210,5.0,https://www.amazon.in/s?k=Atomic+Habits+James+Clear
3436,Nike Air Max 270 - Variant 7188,Shoes,12406,"Lightweight running shoe with Air Max cushioning, great for daily use",58,4.2,https://www.amazon.in/s?k=Nike+Air+Max+270
3437,Leather Wallet Slim - Variant 9749,Accessories,2257,"Genuine leather, RFID blocking, 8 card slots, minimalist design",170,4.7,https://www.amazon.in/s?k=Slim+Leather+Wallet+RFID
3438,iPad Air 11inch - Variant 7832,Electronics,51580,"M2 chip, 11-inch Liquid Retina display, Apple Pencil Pro support, 256GB",16,4.6,https://www.amazon.in/s?k=iPad+Air+M2+11inch
3439,Mechanical Keyboard RGB - Variant 6317,Electronics,7490,"TKL layout, Cherry MX switches, per-key RGB lighting, USB-C",24,4.8,https://www.amazon.in/s?k=Mechanical+Keyboard+RGB
3440,Rich Dad Poor Dad - Variant 2905,Books,1188,"Robert Kiyosaki's personal finance classic, updated 25th anniversary edition",235,4.8,https://www.amazon.in/s?k=Rich+Dad+Poor+Dad+Kiyosaki
3441,Converse Chuck Taylor - Variant 7583,Shoes,5920,"Classic canvas high-top, rubber sole, available in 20+ colors",287,4.7,https://www.amazon.in/s?k=Converse+Chuck+Taylor+High+Top
3442,Face Wash CeraVe - Variant 6706,Beauty,1038,"Hydrating cleanser with ceramides and hyaluronic acid, 16oz, all skin types",329,4.9,https://www.amazon.in/s?k=CeraVe+Hydrating+Face+Wash
3443,Jump Rope Speed - Variant 6484,Sports,1893,"Adjustable steel cable, ball bearing handles, suitable for all fitness levels",201,4.3,https://www.amazon.in/s?k=Speed+Jump+Rope+Adjustable
3444,Retinol Night Cream - Variant 2524,Beauty,2882,"0.5% retinol with peptides, reduces fine lines, fragrance-free, 50ml",90,4.4,https://www.amazon.in/s?k=Retinol+Night+Cream+0.5+percent
3445,Atomic Habits Book - Variant 6579,Books,1438,James Clear's guide to building good habits and breaking bad ones,383,4.6,https://www.amazon.in/s?k=Atomic+Habits+James+Clear
3446,Webcam Logitech 4K - Variant 5697,Electronics,12011,"4K Ultra HD, auto-focus, built-in mic, works with Zoom and Teams",39,4.2,https://www.amazon.in/s?k=Logitech+4K+Webcam
3447,Creatine Monohydrate - Variant 8319,Health,2848,"Micronized creatine, 5g per serving, unflavored, 60 servings, lab tested",69,4.5,https://www.amazon.in/s?k=Creatine+Monohydrate+Micronized
3448,Luggage Samsonite 28inch - Variant 5949,Accessories,13781,"Hardside spinner, TSA lock, expandable, lightweight polycarbonate shell",30,4.7,https://www.amazon.in/s?k=Samsonite+28+inch+Hardside+Luggage
3449,Atomic Habits Workbook - Variant 9435,Books,1344,Companion workbook to Atomic Habits with exercises and habit trackers,77,4.3,https://www.amazon.in/s?k=Atomic+Habits+Workbook
3450,Rich Dad Poor Dad - Variant 4218,Books,1277,"Robert Kiyosaki's personal finance classic, updated 25th anniversary edition",125,4.6,https://www.amazon.in/s?k=Rich+Dad+Poor+Dad+Kiyosaki
3451,Apple AirPods Pro - Variant 9802,Electronics,23891,"Active noise cancellation, transparency mode, spatial audio, wireless charging",21,4.9,https://www.amazon.in/s?k=Apple+AirPods+Pro
3452,Converse Chuck Taylor - Variant 3301,Shoes,5241,"Classic canvas high-top, rubber sole, available in 20+ colors",268,4.6,https://www.amazon.in/s?k=Converse+Chuck+Taylor+High+Top
3453,Creatine Monohydrate - Variant 7242,Health,2505,"Micronized creatine, 5g per serving, unflavored, 60 servings, lab tested",81,4.8,https://www.amazon.in/s?k=Creatine+Monohydrate+Micronized
3454,Adidas Ultraboost 22 - Variant 8729,Shoes,12653,"Responsive Boost midsole, Primeknit upper, Continental rubber outsole",74,4.5,https://www.amazon.in/s?k=Adidas+Ultraboost+22
3455,Luggage Samsonite 28inch - Variant 6510,Accessories,16771,"Hardside spinner, TSA lock, expandable, lightweight polycarbonate shell",14,4.9,https://www.amazon.in/s?k=Samsonite+28+inch+Hardside+Luggage
3456,Backpack Osprey 40L - Variant 1710,Accessories,12635,"40L travel pack, TSA-friendly, laptop sleeve, rain cover included",33,4.7,https://www.amazon.in/s?k=Osprey+40L+Backpack
3457,Omega-3 Fish Oil - Variant 4984,Health,1946,"1200mg EPA+DHA per serving, enteric coated, 90 softgels, no fishy aftertaste",194,4.3,https://www.amazon.in/s?k=Omega+3+Fish+Oil+1200mg
3458,Sunglasses Polarized - Variant 4108,Accessories,2034,"UV400 protection, polarized lenses, lightweight frame, unisex design",77,3.9,https://www.amazon.in/s?k=Polarized+Sunglasses+UV400
3459,Apple AirPods Pro - Variant 9026,Electronics,16743,"Active noise cancellation, transparency mode, spatial audio, wireless charging",31,4.6,https://www.amazon.in/s?k=Apple+AirPods+Pro
3460,Creatine Monohydrate - Variant 2147,Health,2222,"Micronized creatine, 5g per serving, unflavored, 60 servings, lab tested",137,4.6,https://www.amazon.in/s?k=Creatine+Monohydrate+Micronized
3461,Retinol Night Cream - Variant 2006,Beauty,2760,"0.5% retinol with peptides, reduces fine lines, fragrance-free, 50ml",126,4.2,https://www.amazon.in/s?k=Retinol+Night+Cream+0.5+percent
3462,Converse Chuck Taylor - Variant 4939,Shoes,6489,"Classic canvas high-top, rubber sole, available in 20+ colors",115,4.7,https://www.amazon.in/s?k=Converse+Chuck+Taylor+High+Top
3463,The Alchemist Book - Variant 3258,Books,1223,Paulo Coelho's masterpiece about following your dreams and personal legend,124,5.0,https://www.amazon.in/s?k=The+Alchemist+Paulo+Coelho
3464,Levi's 501 Jeans - Variant 3664,Clothing,4260,"Classic straight fit jeans, durable denim, available in multiple washes",73,4.2,https://www.amazon.in/s?k=Levis+501+Jeans
3465,Converse Chuck Taylor - Variant 3814,Shoes,4788,"Classic canvas high-top, rubber sole, available in 20+ colors",221,4.3,https://www.amazon.in/s?k=Converse+Chuck+Taylor+High+Top
3466,Stand Mixer KitchenAid - Variant 9784,Kitchen,37762,"5-quart bowl, 10 speeds, 59 attachments compatible, tilt-head design",15,5.0,https://www.amazon.in/s?k=KitchenAid+Stand+Mixer+5qt
3467,Mechanical Keyboard RGB - Variant 9984,Electronics,6470,"TKL layout, Cherry MX switches, per-key RGB lighting, USB-C",50,4.3,https://www.amazon.in/s?k=Mechanical+Keyboard+RGB
3468,Air Fryer Ninja 6qt - Variant 6635,Kitchen,8358,"6-quart capacity, 4-in-1 functionality, up to 75% less fat, dishwasher safe",60,5.0,https://www.amazon.in/s?k=Ninja+Air+Fryer+6qt
3469,Coffee Maker Drip - Variant 4857,Kitchen,4670,"12-cup programmable coffee maker, built-in grinder, thermal carafe",82,4.0,https://www.amazon.in/s?k=Drip+Coffee+Maker
3470,Levi's Denim Jacket - Variant 1193,Clothing,6907,"Classic trucker jacket, 100% cotton denim, multiple color options",79,4.3,https://www.amazon.in/s?k=Levis+Denim+Jacket+Trucker
3471,Kindle Paperwhite - Variant 9623,Electronics,10965,"6.8-inch display, adjustable warm light, waterproof, 3 months free Kindle Unlimited",37,5.0,https://www.amazon.in/s?k=Kindle+Paperwhite+2024
3472,iPad Air 11inch - Variant 2257,Electronics,39925,"M2 chip, 11-inch Liquid Retina display, Apple Pencil Pro support, 256GB",23,4.5,https://www.amazon.in/s?k=iPad+Air+M2+11inch
3473,Mechanical Keyboard RGB - Variant 3017,Electronics,5631,"TKL layout, Cherry MX switches, per-key RGB lighting, USB-C",42,4.4,https://www.amazon.in/s?k=Mechanical+Keyboard+RGB
3474,Levi's Denim Jacket - Variant 1993,Clothing,7384,"Classic trucker jacket, 100% cotton denim, multiple color options",102,4.2,https://www.amazon.in/s?k=Levis+Denim+Jacket+Trucker
3475,Kindle Paperwhite - Variant 7119,Electronics,11478,"6.8-inch display, adjustable warm light, waterproof, 3 months free Kindle Unlimited",76,4.6,https://www.amazon.in/s?k=Kindle+Paperwhite+2024
3476,Hiking Boots Merrell - Variant 3190,Shoes,11965,"Waterproof leather, Vibram outsole, air cushion heel, ankle support",30,4.9,https://www.amazon.in/s?k=Merrell+Hiking+Boots+Waterproof
3477,Protein Powder Whey - Variant 3458,Health,5339,"25g protein per serving, chocolate flavor, 5lb bag, no artificial colors",63,4.4,https://www.amazon.in/s?k=Whey+Protein+Powder+Chocolate
3478,Atomic Habits Workbook - Variant 8886,Books,1121,Companion workbook to Atomic Habits with exercises and habit trackers,156,4.3,https://www.amazon.in/s?k=Atomic+Habits+Workbook
3479,Converse Chuck Taylor - Variant 9932,Shoes,6541,"Classic canvas high-top, rubber sole, available in 20+ colors",223,4.4,https://www.amazon.in/s?k=Converse+Chuck+Taylor+High+Top
3480,Atomic Habits Book - Variant 7512,Books,1575,James Clear's guide to building good habits and breaking bad ones,150,5.0,https://www.amazon.in/s?k=Atomic+Habits+James+Clear
3481,Running Shorts Nike - Variant 9036,Clothing,3341,"Dri-FIT fabric, 7-inch inseam, built-in brief, reflective details",58,4.5,https://www.amazon.in/s?k=Nike+Running+Shorts+DriFIT
3482,Atomic Habits Workbook - Variant 8132,Books,1243,Companion workbook to Atomic Habits with exercises and habit trackers,146,4.5,https://www.amazon.in/s?k=Atomic+Habits+Workbook
3483,Retinol Night Cream - Variant 7251,Beauty,2935,"0.5% retinol with peptides, reduces fine lines, fragrance-free, 50ml",58,4.3,https://www.amazon.in/s?k=Retinol+Night+Cream+0.5+percent
3484,Backpack Osprey 40L - Variant 4583,Accessories,15744,"40L travel pack, TSA-friendly, laptop sleeve, rain cover included",25,5.0,https://www.amazon.in/s?k=Osprey+40L+Backpack
3485,The Alchemist Book - Variant 1352,Books,1391,Paulo Coelho's masterpiece about following your dreams and personal legend,216,5.0,https://www.amazon.in/s?k=The+Alchemist+Paulo+Coelho
3486,Resistance Bands Set - Variant 1076,Sports,1835,"5 resistance levels, latex-free, includes door anchor and carry bag",91,4.3,https://www.amazon.in/s?k=Resistance+Bands+Set+5+levels
3487,Mechanical Keyboard RGB - Variant 7245,Electronics,6255,"TKL layout, Cherry MX switches, per-key RGB lighting, USB-C",25,4.3,https://www.amazon.in/s?k=Mechanical+Keyboard+RGB
3488,Multivitamin Men's - Variant 8774,Health,1753,"23 essential vitamins and minerals, once daily, 90 tablets, no artificial colors",89,4.4,https://www.amazon.in/s?k=Mens+Multivitamin+Daily
3489,Luggage Samsonite 28inch - Variant 4030,Accessories,18790,"Hardside spinner, TSA lock, expandable, lightweight polycarbonate shell",15,4.4,https://www.amazon.in/s?k=Samsonite+28+inch+Hardside+Luggage
3490,Mechanical Keyboard RGB - Variant 1448,Electronics,7752,"TKL layout, Cherry MX switches, per-key RGB lighting, USB-C",54,4.3,https://www.amazon.in/s?k=Mechanical+Keyboard+RGB
3491,Harry Potter Box Set - Variant 4315,Books,6645,"Complete 7-book hardcover collection, illustrated edition",49,4.9,https://www.amazon.in/s?k=Harry+Potter+Box+Set+Hardcover
3492,Nike Air Max 270 - Variant 7966,Shoes,10261,"Lightweight running shoe with Air Max cushioning, great for daily use",45,4.4,https://www.amazon.in/s?k=Nike+Air+Max+270
3493,Jump Rope Speed - Variant 4915,Sports,1285,"Adjustable steel cable, ball bearing handles, suitable for all fitness levels",231,4.5,https://www.amazon.in/s?k=Speed+Jump+Rope+Adjustable
3494,Adidas Ultraboost 22 - Variant 4398,Shoes,17576,"Responsive Boost midsole, Primeknit upper, Continental rubber outsole",62,4.4,https://www.amazon.in/s?k=Adidas+Ultraboost+22
3495,Multivitamin Men's - Variant 7628,Health,2183,"23 essential vitamins and minerals, once daily, 90 tablets, no artificial colors",91,4.7,https://www.amazon.in/s?k=Mens+Multivitamin+Daily
3496,Rich Dad Poor Dad - Variant 2724,Books,993,"Robert Kiyosaki's personal finance classic, updated 25th anniversary edition",161,4.7,https://www.amazon.in/s?k=Rich+Dad+Poor+Dad+Kiyosaki
3497,Kindle Paperwhite - Variant 6901,Electronics,11329,"6.8-inch display, adjustable warm light, waterproof, 3 months free Kindle Unlimited",73,4.9,https://www.amazon.in/s?k=Kindle+Paperwhite+2024
3498,iPad Air 11inch - Variant 3095,Electronics,57984,"M2 chip, 11-inch Liquid Retina display, Apple Pencil Pro support, 256GB",13,4.9,https://www.amazon.in/s?k=iPad+Air+M2+11inch
3499,Harry Potter Box Set - Variant 9719,Books,6068,"Complete 7-book hardcover collection, illustrated edition",18,4.9,https://www.amazon.in/s?k=Harry+Potter+Box+Set+Hardcover
3500,Instant Pot Duo 7-in-1 - Variant 6917,Kitchen,6395,"Pressure cooker, slow cooker, rice cooker, steamer, saute, yogurt maker",70,4.5,https://www.amazon.in/s?k=Instant+Pot+Duo
3501,Rich Dad Poor Dad - Variant 3529,Books,953,"Robert Kiyosaki's personal finance classic, updated 25th anniversary edition",156,4.7,https://www.amazon.in/s?k=Rich+Dad+Poor+Dad+Kiyosaki
3502,Atomic Habits Workbook - Variant 1275,Books,1296,Companion workbook to Atomic Habits with exercises and habit trackers,62,4.6,https://www.amazon.in/s?k=Atomic+Habits+Workbook
3503,Converse Chuck Taylor - Variant 9595,Shoes,6405,"Classic canvas high-top, rubber sole, available in 20+ colors",216,4.8,https://www.amazon.in/s?k=Converse+Chuck+Taylor+High+Top
3504,Adidas Ultraboost 22 - Variant 5387,Shoes,13011,"Responsive Boost midsole, Primeknit upper, Continental rubber outsole",42,4.8,https://www.amazon.in/s?k=Adidas+Ultraboost+22
3505,Retinol Night Cream - Variant 1129,Beauty,2920,"0.5% retinol with peptides, reduces fine lines, fragrance-free, 50ml",140,4.5,https://www.amazon.in/s?k=Retinol+Night+Cream+0.5+percent
3506,Yoga Mat Premium - Variant 5381,Sports,2645,"Non-slip 6mm thick mat, eco-friendly TPE material, includes carry strap",57,4.3,https://www.amazon.in/s?k=Premium+Yoga+Mat
3507,Rich Dad Poor Dad - Variant 7677,Books,955,"Robert Kiyosaki's personal finance classic, updated 25th anniversary edition",373,4.6,https://www.amazon.in/s?k=Rich+Dad+Poor+Dad+Kiyosaki
3508,Sunglasses Polarized - Variant 8035,Accessories,2247,"UV400 protection, polarized lenses, lightweight frame, unisex design",71,4.0,https://www.amazon.in/s?k=Polarized+Sunglasses+UV400
3509,Resistance Bands Set - Variant 2086,Sports,2143,"5 resistance levels, latex-free, includes door anchor and carry bag",179,4.2,https://www.amazon.in/s?k=Resistance+Bands+Set+5+levels
3510,New Balance 990v6 - Variant 3511,Shoes,18344,"Made in USA, premium suede and mesh upper, ENCAP midsole technology",18,4.9,https://www.amazon.in/s?k=New+Balance+990v6
3511,Mechanical Keyboard RGB - Variant 7831,Electronics,7241,"TKL layout, Cherry MX switches, per-key RGB lighting, USB-C",35,4.7,https://www.amazon.in/s?k=Mechanical+Keyboard+RGB
3512,Jump Rope Speed - Variant 5145,Sports,1714,"Adjustable steel cable, ball bearing handles, suitable for all fitness levels",100,4.1,https://www.amazon.in/s?k=Speed+Jump+Rope+Adjustable
3513,Coffee Maker Drip - Variant 3871,Kitchen,3532,"12-cup programmable coffee maker, built-in grinder, thermal carafe",65,4.1,https://www.amazon.in/s?k=Drip+Coffee+Maker
3514,The Alchemist Book - Variant 4480,Books,1479,Paulo Coelho's masterpiece about following your dreams and personal legend,214,4.9,https://www.amazon.in/s?k=The+Alchemist+Paulo+Coelho
3515,Rich Dad Poor Dad - Variant 9707,Books,1210,"Robert Kiyosaki's personal finance classic, updated 25th anniversary edition",265,5.0,https://www.amazon.in/s?k=Rich+Dad+Poor+Dad+Kiyosaki
3516,Apple AirPods Pro - Variant 4854,Electronics,22136,"Active noise cancellation, transparency mode, spatial audio, wireless charging",36,5.0,https://www.amazon.in/s?k=Apple+AirPods+Pro
3517,Leather Wallet Slim - Variant 4278,Accessories,2357,"Genuine leather, RFID blocking, 8 card slots, minimalist design",208,4.2,https://www.amazon.in/s?k=Slim+Leather+Wallet+RFID
3518,Air Fryer Ninja 6qt - Variant 7507,Kitchen,10485,"6-quart capacity, 4-in-1 functionality, up to 75% less fat, dishwasher safe",58,4.6,https://www.amazon.in/s?k=Ninja+Air+Fryer+6qt
3519,Atomic Habits Book - Variant 4632,Books,1810,James Clear's guide to building good habits and breaking bad ones,322,4.6,https://www.amazon.in/s?k=Atomic+Habits+James+Clear
3520,Dumbbell Set Adjustable - Variant 8811,Sports,12354,"5-52.5 lbs per dumbbell, replaces 15 sets, fast adjust dial system",42,4.6,https://www.amazon.in/s?k=Adjustable+Dumbbell+Set
3521,Multivitamin Men's - Variant 2846,Health,2176,"23 essential vitamins and minerals, once daily, 90 tablets, no artificial colors",193,4.5,https://www.amazon.in/s?k=Mens+Multivitamin+Daily
3522,Air Fryer Ninja 6qt - Variant 2154,Kitchen,10007,"6-quart capacity, 4-in-1 functionality, up to 75% less fat, dishwasher safe",73,4.7,https://www.amazon.in/s?k=Ninja+Air+Fryer+6qt
3523,Webcam Logitech 4K - Variant 8343,Electronics,11332,"4K Ultra HD, auto-focus, built-in mic, works with Zoom and Teams",73,4.3,https://www.amazon.in/s?k=Logitech+4K+Webcam
3524,Levi's Denim Jacket - Variant 2172,Clothing,8313,"Classic trucker jacket, 100% cotton denim, multiple color options",74,4.5,https://www.amazon.in/s?k=Levis+Denim+Jacket+Trucker
3525,Luggage Samsonite 28inch - Variant 3232,Accessories,13581,"Hardside spinner, TSA lock, expandable, lightweight polycarbonate shell",20,4.6,https://www.amazon.in/s?k=Samsonite+28+inch+Hardside+Luggage
3526,Blender Vitamix A2500 - Variant 6545,Kitchen,39727,"Variable speed control, 3 program settings, self-cleaning, 64oz container",24,5.0,https://www.amazon.in/s?k=Vitamix+A2500+Blender
3527,Sunscreen SPF 50 EltaMD - Variant 6912,Beauty,3300,"Broad spectrum UV protection, oil-free, dermatologist recommended, 3oz",75,4.6,https://www.amazon.in/s?k=EltaMD+Sunscreen+SPF+50
3528,Creatine Monohydrate - Variant 1636,Health,2026,"Micronized creatine, 5g per serving, unflavored, 60 servings, lab tested",61,4.4,https://www.amazon.in/s?k=Creatine+Monohydrate+Micronized
3529,Vitamin C Serum - Variant 1255,Beauty,1708,"20% Vitamin C with hyaluronic acid, brightens skin, reduces dark spots",131,4.4,https://www.amazon.in/s?k=Vitamin+C+Serum+20+percent
3530,Nike Air Max 270 - Variant 7336,Shoes,8952,"Lightweight running shoe with Air Max cushioning, great for daily use",53,4.8,https://www.amazon.in/s?k=Nike+Air+Max+270
3531,Nike Air Max 270 - Variant 7966,Shoes,9031,"Lightweight running shoe with Air Max cushioning, great for daily use",40,4.7,https://www.amazon.in/s?k=Nike+Air+Max+270
3532,Sunglasses Polarized - Variant 1113,Accessories,2152,"UV400 protection, polarized lenses, lightweight frame, unisex design",98,4.3,https://www.amazon.in/s?k=Polarized+Sunglasses+UV400
3533,Jump Rope Speed - Variant 4935,Sports,1613,"Adjustable steel cable, ball bearing handles, suitable for all fitness levels",132,4.5,https://www.amazon.in/s?k=Speed+Jump+Rope+Adjustable
3534,Running Shorts Nike - Variant 7892,Clothing,2346,"Dri-FIT fabric, 7-inch inseam, built-in brief, reflective details",138,4.2,https://www.amazon.in/s?k=Nike+Running+Shorts+DriFIT
3535,Converse Chuck Taylor - Variant 2252,Shoes,5014,"Classic canvas high-top, rubber sole, available in 20+ colors",156,4.6,https://www.amazon.in/s?k=Converse+Chuck+Taylor+High+Top
3536,Atomic Habits Workbook - Variant 3511,Books,1673,Companion workbook to Atomic Habits with exercises and habit trackers,162,4.5,https://www.amazon.in/s?k=Atomic+Habits+Workbook
3537,Hoodie Champion Reverse Weave - Variant 5891,Clothing,6414,"Heavyweight fleece, reverse weave construction, kangaroo pocket",99,4.3,https://www.amazon.in/s?k=Champion+Reverse+Weave+Hoodie
3538,Dell 27inch Monitor - Variant 6283,Electronics,27950,"IPS panel, 165Hz refresh rate, 1ms response time, USB-C, FreeSync",16,4.8,https://www.amazon.in/s?k=Dell+27+inch+165Hz+Monitor
3539,Protein Powder Whey - Variant 8155,Health,4706,"25g protein per serving, chocolate flavor, 5lb bag, no artificial colors",48,4.5,https://www.amazon.in/s?k=Whey+Protein+Powder+Chocolate
3540,Yoga Mat Premium - Variant 7835,Sports,2674,"Non-slip 6mm thick mat, eco-friendly TPE material, includes carry strap",55,4.1,https://www.amazon.in/s?k=Premium+Yoga+Mat
3541,Sony WH-1000XM5 - Variant 8771,Electronics,23590,"Industry-leading noise cancellation, 30hr battery, multipoint connection",31,4.6,https://www.amazon.in/s?k=Sony+WH-1000XM5
3542,Wireless Mouse Logitech - Variant 4174,Electronics,3486,"MX Master 3, ergonomic design, 4000 DPI, multi-device support",38,4.8,https://www.amazon.in/s?k=Logitech+MX+Master+3
3543,Rich Dad Poor Dad - Variant 7310,Books,948,"Robert Kiyosaki's personal finance classic, updated 25th anniversary edition",219,4.5,https://www.amazon.in/s?k=Rich+Dad+Poor+Dad+Kiyosaki
3544,Dell 27inch Monitor - Variant 9795,Electronics,26556,"IPS panel, 165Hz refresh rate, 1ms response time, USB-C, FreeSync",11,4.7,https://www.amazon.in/s?k=Dell+27+inch+165Hz+Monitor
3545,Nike Air Max 270 - Variant 2562,Shoes,12468,"Lightweight running shoe with Air Max cushioning, great for daily use",33,4.7,https://www.amazon.in/s?k=Nike+Air+Max+270
3546,Instant Pot Duo 7-in-1 - Variant 6125,Kitchen,7691,"Pressure cooker, slow cooker, rice cooker, steamer, saute, yogurt maker",87,4.9,https://www.amazon.in/s?k=Instant+Pot+Duo
3547,Samsung 4K Smart TV 55inch - Variant 9814,Electronics,51883,"Crystal UHD display, built-in Alexa, HDR10+, 3 HDMI ports",19,4.4,https://www.amazon.in/s?k=Samsung+4K+Smart+TV+55inch
3548,Atomic Habits Workbook - Variant 6547,Books,1488,Companion workbook to Atomic Habits with exercises and habit trackers,133,4.4,https://www.amazon.in/s?k=Atomic+Habits+Workbook
3549,Webcam Logitech 4K - Variant 3064,Electronics,11812,"4K Ultra HD, auto-focus, built-in mic, works with Zoom and Teams",29,4.2,https://www.amazon.in/s?k=Logitech+4K+Webcam
3550,Kindle Paperwhite - Variant 8821,Electronics,11085,"6.8-inch display, adjustable warm light, waterproof, 3 months free Kindle Unlimited",48,4.7,https://www.amazon.in/s?k=Kindle+Paperwhite+2024
3551,Retinol Night Cream - Variant 8428,Beauty,2520,"0.5% retinol with peptides, reduces fine lines, fragrance-free, 50ml",114,4.3,https://www.amazon.in/s?k=Retinol+Night+Cream+0.5+percent
3552,Blender Vitamix A2500 - Variant 8829,Kitchen,40424,"Variable speed control, 3 program settings, self-cleaning, 64oz container",31,5.0,https://www.amazon.in/s?k=Vitamix+A2500+Blender
3553,Protein Powder Whey - Variant 2337,Health,3770,"25g protein per serving, chocolate flavor, 5lb bag, no artificial colors",42,4.4,https://www.amazon.in/s?k=Whey+Protein+Powder+Chocolate
3554,Blender Vitamix A2500 - Variant 5924,Kitchen,43566,"Variable speed control, 3 program settings, self-cleaning, 64oz container",28,4.8,https://www.amazon.in/s?k=Vitamix+A2500+Blender
3555,Protein Powder Whey - Variant 1619,Health,3772,"25g protein per serving, chocolate flavor, 5lb bag, no artificial colors",65,4.2,https://www.amazon.in/s?k=Whey+Protein+Powder+Chocolate
3556,Leather Wallet Slim - Variant 2343,Accessories,2331,"Genuine leather, RFID blocking, 8 card slots, minimalist design",80,4.1,https://www.amazon.in/s?k=Slim+Leather+Wallet+RFID
3557,Face Wash CeraVe - Variant 4804,Beauty,1222,"Hydrating cleanser with ceramides and hyaluronic acid, 16oz, all skin types",125,4.9,https://www.amazon.in/s?k=CeraVe+Hydrating+Face+Wash
3558,Retinol Night Cream - Variant 7528,Beauty,3006,"0.5% retinol with peptides, reduces fine lines, fragrance-free, 50ml",121,4.0,https://www.amazon.in/s?k=Retinol+Night+Cream+0.5+percent
3559,Rich Dad Poor Dad - Variant 6923,Books,1249,"Robert Kiyosaki's personal finance classic, updated 25th anniversary edition",142,4.4,https://www.amazon.in/s?k=Rich+Dad+Poor+Dad+Kiyosaki
3560,Resistance Bands Set - Variant 2584,Sports,1887,"5 resistance levels, latex-free, includes door anchor and carry bag",126,4.4,https://www.amazon.in/s?k=Resistance+Bands+Set+5+levels
3561,Backpack Osprey 40L - Variant 6307,Accessories,14390,"40L travel pack, TSA-friendly, laptop sleeve, rain cover included",57,4.5,https://www.amazon.in/s?k=Osprey+40L+Backpack
3562,Atomic Habits Workbook - Variant 8364,Books,1637,Companion workbook to Atomic Habits with exercises and habit trackers,144,4.4,https://www.amazon.in/s?k=Atomic+Habits+Workbook
3563,Rich Dad Poor Dad - Variant 9009,Books,944,"Robert Kiyosaki's personal finance classic, updated 25th anniversary edition",312,4.8,https://www.amazon.in/s?k=Rich+Dad+Poor+Dad+Kiyosaki
3564,Hiking Boots Merrell - Variant 8641,Shoes,9546,"Waterproof leather, Vibram outsole, air cushion heel, ankle support",52,4.5,https://www.amazon.in/s?k=Merrell+Hiking+Boots+Waterproof
3565,Wireless Mouse Logitech - Variant 3791,Electronics,3333,"MX Master 3, ergonomic design, 4000 DPI, multi-device support",39,4.5,https://www.amazon.in/s?k=Logitech+MX+Master+3
3566,Air Fryer Ninja 6qt - Variant 5766,Kitchen,11190,"6-quart capacity, 4-in-1 functionality, up to 75% less fat, dishwasher safe",76,4.4,https://www.amazon.in/s?k=Ninja+Air+Fryer+6qt
3567,Converse Chuck Taylor - Variant 8026,Shoes,5596,"Classic canvas high-top, rubber sole, available in 20+ colors",124,4.7,https://www.amazon.in/s?k=Converse+Chuck+Taylor+High+Top
3568,Webcam Logitech 4K - Variant 6670,Electronics,11156,"4K Ultra HD, auto-focus, built-in mic, works with Zoom and Teams",42,4.7,https://www.amazon.in/s?k=Logitech+4K+Webcam
3569,Vitamin C Serum - Variant 6743,Beauty,2193,"20% Vitamin C with hyaluronic acid, brightens skin, reduces dark spots",97,4.2,https://www.amazon.in/s?k=Vitamin+C+Serum+20+percent
3570,Nike Air Max 270 - Variant 4940,Shoes,11951,"Lightweight running shoe with Air Max cushioning, great for daily use",34,4.3,https://www.amazon.in/s?k=Nike+Air+Max+270
3571,New Balance 990v6 - Variant 6755,Shoes,12637,"Made in USA, premium suede and mesh upper, ENCAP midsole technology",23,4.7,https://www.amazon.in/s?k=New+Balance+990v6
3572,Atomic Habits Workbook - Variant 2527,Books,1447,Companion workbook to Atomic Habits with exercises and habit trackers,152,4.3,https://www.amazon.in/s?k=Atomic+Habits+Workbook
3573,Resistance Bands Set - Variant 7234,Sports,2103,"5 resistance levels, latex-free, includes door anchor and carry bag",96,4.5,https://www.amazon.in/s?k=Resistance+Bands+Set+5+levels
3574,Backpack Osprey 40L - Variant 3760,Accessories,15493,"40L travel pack, TSA-friendly, laptop sleeve, rain cover included",34,4.9,https://www.amazon.in/s?k=Osprey+40L+Backpack
3575,Webcam Logitech 4K - Variant 8300,Electronics,13127,"4K Ultra HD, auto-focus, built-in mic, works with Zoom and Teams",52,4.6,https://www.amazon.in/s?k=Logitech+4K+Webcam
3576,Sony WH-1000XM5 - Variant 6919,Electronics,28928,"Industry-leading noise cancellation, 30hr battery, multipoint connection",14,4.8,https://www.amazon.in/s?k=Sony+WH-1000XM5
3577,Levi's 501 Jeans - Variant 4192,Clothing,5035,"Classic straight fit jeans, durable denim, available in multiple washes",65,4.3,https://www.amazon.in/s?k=Levis+501+Jeans
3578,Creatine Monohydrate - Variant 7215,Health,2024,"Micronized creatine, 5g per serving, unflavored, 60 servings, lab tested",86,4.8,https://www.amazon.in/s?k=Creatine+Monohydrate+Micronized
3579,Dumbbell Set Adjustable - Variant 7866,Sports,11001,"5-52.5 lbs per dumbbell, replaces 15 sets, fast adjust dial system",39,5.0,https://www.amazon.in/s?k=Adjustable+Dumbbell+Set
3580,Wireless Mouse Logitech - Variant 7604,Electronics,2853,"MX Master 3, ergonomic design, 4000 DPI, multi-device support",44,4.4,https://www.amazon.in/s?k=Logitech+MX+Master+3
3581,New Balance 990v6 - Variant 9181,Shoes,14997,"Made in USA, premium suede and mesh upper, ENCAP midsole technology",43,4.7,https://www.amazon.in/s?k=New+Balance+990v6
3582,Nike Air Max 270 - Variant 7397,Shoes,10580,"Lightweight running shoe with Air Max cushioning, great for daily use",49,4.8,https://www.amazon.in/s?k=Nike+Air+Max+270
3583,Converse Chuck Taylor - Variant 3663,Shoes,5256,"Classic canvas high-top, rubber sole, available in 20+ colors",271,4.3,https://www.amazon.in/s?k=Converse+Chuck+Taylor+High+Top
3584,Apple AirPods Pro - Variant 3158,Electronics,18652,"Active noise cancellation, transparency mode, spatial audio, wireless charging",25,4.5,https://www.amazon.in/s?k=Apple+AirPods+Pro
3585,Mechanical Keyboard RGB - Variant 7642,Electronics,7455,"TKL layout, Cherry MX switches, per-key RGB lighting, USB-C",47,4.4,https://www.amazon.in/s?k=Mechanical+Keyboard+RGB
3586,Omega-3 Fish Oil - Variant 1211,Health,1691,"1200mg EPA+DHA per serving, enteric coated, 90 softgels, no fishy aftertaste",262,4.7,https://www.amazon.in/s?k=Omega+3+Fish+Oil+1200mg
3587,Linen Shirt Uniqlo - Variant 2832,Clothing,3828,"100% linen, breathable summer fabric, relaxed fit, 8 color options",124,4.5,https://www.amazon.in/s?k=Linen+Shirt+Men+Uniqlo
3588,Jump Rope Speed - Variant 3308,Sports,1577,"Adjustable steel cable, ball bearing handles, suitable for all fitness levels",145,4.4,https://www.amazon.in/s?k=Speed+Jump+Rope+Adjustable
3589,Kindle Paperwhite - Variant 3326,Electronics,9776,"6.8-inch display, adjustable warm light, waterproof, 3 months free Kindle Unlimited",42,4.9,https://www.amazon.in/s?k=Kindle+Paperwhite+2024
3590,iPad Air 11inch - Variant 6339,Electronics,55914,"M2 chip, 11-inch Liquid Retina display, Apple Pencil Pro support, 256GB",22,4.6,https://www.amazon.in/s?k=iPad+Air+M2+11inch
3591,Harry Potter Box Set - Variant 3751,Books,5739,"Complete 7-book hardcover collection, illustrated edition",29,5.0,https://www.amazon.in/s?k=Harry+Potter+Box+Set+Hardcover
3592,iPad Air 11inch - Variant 8624,Electronics,51212,"M2 chip, 11-inch Liquid Retina display, Apple Pencil Pro support, 256GB",28,5.0,https://www.amazon.in/s?k=iPad+Air+M2+11inch
3593,Levi's 501 Jeans - Variant 1160,Clothing,5301,"Classic straight fit jeans, durable denim, available in multiple washes",67,4.0,https://www.amazon.in/s?k=Levis+501+Jeans
3594,Blender Vitamix A2500 - Variant 6047,Kitchen,34070,"Variable speed control, 3 program settings, self-cleaning, 64oz container",21,4.6,https://www.amazon.in/s?k=Vitamix+A2500+Blender
3595,Backpack Osprey 40L - Variant 4869,Accessories,13279,"40L travel pack, TSA-friendly, laptop sleeve, rain cover included",43,5.0,https://www.amazon.in/s?k=Osprey+40L+Backpack
3596,New Balance 990v6 - Variant 4620,Shoes,15292,"Made in USA, premium suede and mesh upper, ENCAP midsole technology",38,4.7,https://www.amazon.in/s?k=New+Balance+990v6
3597,Air Fryer Ninja 6qt - Variant 2242,Kitchen,10376,"6-quart capacity, 4-in-1 functionality, up to 75% less fat, dishwasher safe",32,4.8,https://www.amazon.in/s?k=Ninja+Air+Fryer+6qt
3598,Omega-3 Fish Oil - Variant 1559,Health,1332,"1200mg EPA+DHA per serving, enteric coated, 90 softgels, no fishy aftertaste",169,4.6,https://www.amazon.in/s?k=Omega+3+Fish+Oil+1200mg
3599,Omega-3 Fish Oil - Variant 9092,Health,1770,"1200mg EPA+DHA per serving, enteric coated, 90 softgels, no fishy aftertaste",215,4.7,https://www.amazon.in/s?k=Omega+3+Fish+Oil+1200mg
3600,Hiking Boots Merrell - Variant 2858,Shoes,12314,"Waterproof leather, Vibram outsole, air cushion heel, ankle support",44,4.9,https://www.amazon.in/s?k=Merrell+Hiking+Boots+Waterproof
3601,Protein Powder Whey - Variant 7984,Health,5223,"25g protein per serving, chocolate flavor, 5lb bag, no artificial colors",43,4.7,https://www.amazon.in/s?k=Whey+Protein+Powder+Chocolate
3602,Yoga Mat Premium - Variant 2357,Sports,2416,"Non-slip 6mm thick mat, eco-friendly TPE material, includes carry strap",50,4.2,https://www.amazon.in/s?k=Premium+Yoga+Mat
3603,Sunglasses Polarized - Variant 6451,Accessories,2424,"UV400 protection, polarized lenses, lightweight frame, unisex design",163,4.0,https://www.amazon.in/s?k=Polarized+Sunglasses+UV400
3604,Running Shorts Nike - Variant 5413,Clothing,2731,"Dri-FIT fabric, 7-inch inseam, built-in brief, reflective details",63,4.7,https://www.amazon.in/s?k=Nike+Running+Shorts+DriFIT
3605,Sunscreen SPF 50 EltaMD - Variant 1263,Beauty,2882,"Broad spectrum UV protection, oil-free, dermatologist recommended, 3oz",88,4.7,https://www.amazon.in/s?k=EltaMD+Sunscreen+SPF+50
3606,Resistance Bands Set - Variant 9125,Sports,1675,"5 resistance levels, latex-free, includes door anchor and carry bag",151,4.4,https://www.amazon.in/s?k=Resistance+Bands+Set+5+levels
3607,Face Wash CeraVe - Variant 6151,Beauty,1311,"Hydrating cleanser with ceramides and hyaluronic acid, 16oz, all skin types",117,4.9,https://www.amazon.in/s?k=CeraVe+Hydrating+Face+Wash
3608,Omega-3 Fish Oil - Variant 4163,Health,1907,"1200mg EPA+DHA per serving, enteric coated, 90 softgels, no fishy aftertaste",168,4.7,https://www.amazon.in/s?k=Omega+3+Fish+Oil+1200mg
3609,Wireless Mouse Logitech - Variant 9425,Electronics,3439,"MX Master 3, ergonomic design, 4000 DPI, multi-device support",81,4.6,https://www.amazon.in/s?k=Logitech+MX+Master+3
3610,Multivitamin Men's - Variant 4799,Health,2513,"23 essential vitamins and minerals, once daily, 90 tablets, no artificial colors",119,4.6,https://www.amazon.in/s?k=Mens+Multivitamin+Daily
3611,Leather Wallet Slim - Variant 3452,Accessories,2089,"Genuine leather, RFID blocking, 8 card slots, minimalist design",127,4.6,https://www.amazon.in/s?k=Slim+Leather+Wallet+RFID
3612,Levi's Denim Jacket - Variant 9342,Clothing,8875,"Classic trucker jacket, 100% cotton denim, multiple color options",62,4.2,https://www.amazon.in/s?k=Levis+Denim+Jacket+Trucker
3613,Yoga Mat Premium - Variant 6179,Sports,2445,"Non-slip 6mm thick mat, eco-friendly TPE material, includes carry strap",92,4.5,https://www.amazon.in/s?k=Premium+Yoga+Mat
3614,Rich Dad Poor Dad - Variant 8185,Books,1267,"Robert Kiyosaki's personal finance classic, updated 25th anniversary edition",144,4.7,https://www.amazon.in/s?k=Rich+Dad+Poor+Dad+Kiyosaki
3615,The Alchemist Book - Variant 2290,Books,1406,Paulo Coelho's masterpiece about following your dreams and personal legend,262,4.8,https://www.amazon.in/s?k=The+Alchemist+Paulo+Coelho
3616,Kindle Paperwhite - Variant 6483,Electronics,13392,"6.8-inch display, adjustable warm light, waterproof, 3 months free Kindle Unlimited",80,4.6,https://www.amazon.in/s?k=Kindle+Paperwhite+2024
3617,Blender Vitamix A2500 - Variant 6912,Kitchen,35884,"Variable speed control, 3 program settings, self-cleaning, 64oz container",24,5.0,https://www.amazon.in/s?k=Vitamix+A2500+Blender
3618,Creatine Monohydrate - Variant 7002,Health,2214,"Micronized creatine, 5g per serving, unflavored, 60 servings, lab tested",50,4.9,https://www.amazon.in/s?k=Creatine+Monohydrate+Micronized
3619,Hiking Boots Merrell - Variant 1047,Shoes,13485,"Waterproof leather, Vibram outsole, air cushion heel, ankle support",61,4.8,https://www.amazon.in/s?k=Merrell+Hiking+Boots+Waterproof
3620,Harry Potter Box Set - Variant 6267,Books,5575,"Complete 7-book hardcover collection, illustrated edition",21,5.0,https://www.amazon.in/s?k=Harry+Potter+Box+Set+Hardcover
3621,Webcam Logitech 4K - Variant 5944,Electronics,13814,"4K Ultra HD, auto-focus, built-in mic, works with Zoom and Teams",57,4.5,https://www.amazon.in/s?k=Logitech+4K+Webcam
3622,Instant Pot Duo 7-in-1 - Variant 1248,Kitchen,7602,"Pressure cooker, slow cooker, rice cooker, steamer, saute, yogurt maker",55,5.0,https://www.amazon.in/s?k=Instant+Pot+Duo
3623,Sunscreen SPF 50 EltaMD - Variant 5801,Beauty,3859,"Broad spectrum UV protection, oil-free, dermatologist recommended, 3oz",68,4.6,https://www.amazon.in/s?k=EltaMD+Sunscreen+SPF+50
3624,Air Fryer Ninja 6qt - Variant 2692,Kitchen,8836,"6-quart capacity, 4-in-1 functionality, up to 75% less fat, dishwasher safe",32,4.6,https://www.amazon.in/s?k=Ninja+Air+Fryer+6qt
3625,Nike Air Max 270 - Variant 6736,Shoes,11309,"Lightweight running shoe with Air Max cushioning, great for daily use",36,4.6,https://www.amazon.in/s?k=Nike+Air+Max+270
3626,Protein Powder Whey - Variant 8672,Health,4595,"25g protein per serving, chocolate flavor, 5lb bag, no artificial colors",50,4.7,https://www.amazon.in/s?k=Whey+Protein+Powder+Chocolate
3627,Luggage Samsonite 28inch - Variant 2015,Accessories,19624,"Hardside spinner, TSA lock, expandable, lightweight polycarbonate shell",32,4.6,https://www.amazon.in/s?k=Samsonite+28+inch+Hardside+Luggage
3628,Running Shorts Nike - Variant 7109,Clothing,3203,"Dri-FIT fabric, 7-inch inseam, built-in brief, reflective details",88,4.3,https://www.amazon.in/s?k=Nike+Running+Shorts+DriFIT
3629,Mechanical Keyboard RGB - Variant 3021,Electronics,7495,"TKL layout, Cherry MX switches, per-key RGB lighting, USB-C",20,4.8,https://www.amazon.in/s?k=Mechanical+Keyboard+RGB
3630,Webcam Logitech 4K - Variant 8204,Electronics,11528,"4K Ultra HD, auto-focus, built-in mic, works with Zoom and Teams",46,4.7,https://www.amazon.in/s?k=Logitech+4K+Webcam
3631,Face Wash CeraVe - Variant 2902,Beauty,1139,"Hydrating cleanser with ceramides and hyaluronic acid, 16oz, all skin types",266,4.7,https://www.amazon.in/s?k=CeraVe+Hydrating+Face+Wash
3632,Atomic Habits Workbook - Variant 1870,Books,1178,Companion workbook to Atomic Habits with exercises and habit trackers,151,4.4,https://www.amazon.in/s?k=Atomic+Habits+Workbook
3633,Retinol Night Cream - Variant 9648,Beauty,2662,"0.5% retinol with peptides, reduces fine lines, fragrance-free, 50ml",106,4.6,https://www.amazon.in/s?k=Retinol+Night+Cream+0.5+percent
3634,Dell 27inch Monitor - Variant 6181,Electronics,28223,"IPS panel, 165Hz refresh rate, 1ms response time, USB-C, FreeSync",11,5.0,https://www.amazon.in/s?k=Dell+27+inch+165Hz+Monitor
3635,Jump Rope Speed - Variant 1591,Sports,1584,"Adjustable steel cable, ball bearing handles, suitable for all fitness levels",89,4.6,https://www.amazon.in/s?k=Speed+Jump+Rope+Adjustable
3636,Nike Air Max 270 - Variant 6151,Shoes,11707,"Lightweight running shoe with Air Max cushioning, great for daily use",60,4.4,https://www.amazon.in/s?k=Nike+Air+Max+270
3637,Running Shorts Nike - Variant 7485,Clothing,2401,"Dri-FIT fabric, 7-inch inseam, built-in brief, reflective details",77,4.3,https://www.amazon.in/s?k=Nike+Running+Shorts+DriFIT
3638,Vitamin C Serum - Variant 3621,Beauty,1820,"20% Vitamin C with hyaluronic acid, brightens skin, reduces dark spots",99,3.9,https://www.amazon.in/s?k=Vitamin+C+Serum+20+percent
3639,Luggage Samsonite 28inch - Variant 9646,Accessories,19312,"Hardside spinner, TSA lock, expandable, lightweight polycarbonate shell",26,4.5,https://www.amazon.in/s?k=Samsonite+28+inch+Hardside+Luggage
3640,Blender Vitamix A2500 - Variant 9281,Kitchen,30210,"Variable speed control, 3 program settings, self-cleaning, 64oz container",21,5.0,https://www.amazon.in/s?k=Vitamix+A2500+Blender
3641,Apple AirPods Pro - Variant 1457,Electronics,22729,"Active noise cancellation, transparency mode, spatial audio, wireless charging",33,4.7,https://www.amazon.in/s?k=Apple+AirPods+Pro
3642,Sony WH-1000XM5 - Variant 5805,Electronics,23904,"Industry-leading noise cancellation, 30hr battery, multipoint connection",15,5.0,https://www.amazon.in/s?k=Sony+WH-1000XM5
3643,Harry Potter Box Set - Variant 9568,Books,6214,"Complete 7-book hardcover collection, illustrated edition",31,5.0,https://www.amazon.in/s?k=Harry+Potter+Box+Set+Hardcover
3644,Levi's Denim Jacket - Variant 1643,Clothing,7250,"Classic trucker jacket, 100% cotton denim, multiple color options",65,4.3,https://www.amazon.in/s?k=Levis+Denim+Jacket+Trucker
3645,Dumbbell Set Adjustable - Variant 9246,Sports,14235,"5-52.5 lbs per dumbbell, replaces 15 sets, fast adjust dial system",32,4.9,https://www.amazon.in/s?k=Adjustable+Dumbbell+Set
3646,Hiking Boots Merrell - Variant 5166,Shoes,12710,"Waterproof leather, Vibram outsole, air cushion heel, ankle support",62,4.7,https://www.amazon.in/s?k=Merrell+Hiking+Boots+Waterproof
3647,Dumbbell Set Adjustable - Variant 4968,Sports,12144,"5-52.5 lbs per dumbbell, replaces 15 sets, fast adjust dial system",21,5.0,https://www.amazon.in/s?k=Adjustable+Dumbbell+Set
3648,Wireless Mouse Logitech - Variant 2161,Electronics,3388,"MX Master 3, ergonomic design, 4000 DPI, multi-device support",58,4.8,https://www.amazon.in/s?k=Logitech+MX+Master+3
3649,Vitamin C Serum - Variant 6864,Beauty,1911,"20% Vitamin C with hyaluronic acid, brightens skin, reduces dark spots",183,4.2,https://www.amazon.in/s?k=Vitamin+C+Serum+20+percent
3650,Blender Vitamix A2500 - Variant 2285,Kitchen,39600,"Variable speed control, 3 program settings, self-cleaning, 64oz container",14,4.8,https://www.amazon.in/s?k=Vitamix+A2500+Blender
3651,Coffee Maker Drip - Variant 9774,Kitchen,4351,"12-cup programmable coffee maker, built-in grinder, thermal carafe",47,4.2,https://www.amazon.in/s?k=Drip+Coffee+Maker
3652,Leather Wallet Slim - Variant 4179,Accessories,1820,"Genuine leather, RFID blocking, 8 card slots, minimalist design",186,4.4,https://www.amazon.in/s?k=Slim+Leather+Wallet+RFID
3653,Kindle Paperwhite - Variant 3347,Electronics,9919,"6.8-inch display, adjustable warm light, waterproof, 3 months free Kindle Unlimited",91,4.4,https://www.amazon.in/s?k=Kindle+Paperwhite+2024
3654,The Alchemist Book - Variant 8574,Books,1075,Paulo Coelho's masterpiece about following your dreams and personal legend,206,4.8,https://www.amazon.in/s?k=The+Alchemist+Paulo+Coelho
3655,Coffee Maker Drip - Variant 9557,Kitchen,4229,"12-cup programmable coffee maker, built-in grinder, thermal carafe",75,4.2,https://www.amazon.in/s?k=Drip+Coffee+Maker
3656,Resistance Bands Set - Variant 3797,Sports,1865,"5 resistance levels, latex-free, includes door anchor and carry bag",138,4.3,https://www.amazon.in/s?k=Resistance+Bands+Set+5+levels
3657,Hoodie Champion Reverse Weave - Variant 4170,Clothing,5142,"Heavyweight fleece, reverse weave construction, kangaroo pocket",48,4.4,https://www.amazon.in/s?k=Champion+Reverse+Weave+Hoodie
3658,Adidas Ultraboost 22 - Variant 2994,Shoes,18819,"Responsive Boost midsole, Primeknit upper, Continental rubber outsole",54,4.5,https://www.amazon.in/s?k=Adidas+Ultraboost+22
3659,Face Wash CeraVe - Variant 7164,Beauty,1318,"Hydrating cleanser with ceramides and hyaluronic acid, 16oz, all skin types",191,4.6,https://www.amazon.in/s?k=CeraVe+Hydrating+Face+Wash
3660,Face Wash CeraVe - Variant 6012,Beauty,1135,"Hydrating cleanser with ceramides and hyaluronic acid, 16oz, all skin types",167,4.8,https://www.amazon.in/s?k=CeraVe+Hydrating+Face+Wash
3661,Stand Mixer KitchenAid - Variant 3840,Kitchen,28485,"5-quart bowl, 10 speeds, 59 attachments compatible, tilt-head design",13,5.0,https://www.amazon.in/s?k=KitchenAid+Stand+Mixer+5qt
3662,Creatine Monohydrate - Variant 6592,Health,2832,"Micronized creatine, 5g per serving, unflavored, 60 servings, lab tested",104,4.8,https://www.amazon.in/s?k=Creatine+Monohydrate+Micronized
3663,Yoga Mat Premium - Variant 6484,Sports,3254,"Non-slip 6mm thick mat, eco-friendly TPE material, includes carry strap",112,4.5,https://www.amazon.in/s?k=Premium+Yoga+Mat
3664,Kindle Paperwhite - Variant 1728,Electronics,10898,"6.8-inch display, adjustable warm light, waterproof, 3 months free Kindle Unlimited",37,4.4,https://www.amazon.in/s?k=Kindle+Paperwhite+2024
3665,Yoga Mat Premium - Variant 3068,Sports,2805,"Non-slip 6mm thick mat, eco-friendly TPE material, includes carry strap",123,4.2,https://www.amazon.in/s?k=Premium+Yoga+Mat
3666,Luggage Samsonite 28inch - Variant 4342,Accessories,17299,"Hardside spinner, TSA lock, expandable, lightweight polycarbonate shell",23,4.5,https://www.amazon.in/s?k=Samsonite+28+inch+Hardside+Luggage
3667,Backpack Osprey 40L - Variant 6266,Accessories,15067,"40L travel pack, TSA-friendly, laptop sleeve, rain cover included",24,4.8,https://www.amazon.in/s?k=Osprey+40L+Backpack
3668,Levi's 501 Jeans - Variant 6934,Clothing,5237,"Classic straight fit jeans, durable denim, available in multiple washes",134,4.3,https://www.amazon.in/s?k=Levis+501+Jeans
3669,iPad Air 11inch - Variant 5426,Electronics,54136,"M2 chip, 11-inch Liquid Retina display, Apple Pencil Pro support, 256GB",26,4.7,https://www.amazon.in/s?k=iPad+Air+M2+11inch
3670,Adidas Ultraboost 22 - Variant 7182,Shoes,17805,"Responsive Boost midsole, Primeknit upper, Continental rubber outsole",47,4.9,https://www.amazon.in/s?k=Adidas+Ultraboost+22
3671,Levi's 501 Jeans - Variant 2042,Clothing,4659,"Classic straight fit jeans, durable denim, available in multiple washes",65,4.2,https://www.amazon.in/s?k=Levis+501+Jeans
3672,Dell 27inch Monitor - Variant 2701,Electronics,23885,"IPS panel, 165Hz refresh rate, 1ms response time, USB-C, FreeSync",16,5.0,https://www.amazon.in/s?k=Dell+27+inch+165Hz+Monitor
3673,Atomic Habits Workbook - Variant 5733,Books,1585,Companion workbook to Atomic Habits with exercises and habit trackers,74,4.7,https://www.amazon.in/s?k=Atomic+Habits+Workbook
3674,Dell 27inch Monitor - Variant 1762,Electronics,27445,"IPS panel, 165Hz refresh rate, 1ms response time, USB-C, FreeSync",17,4.8,https://www.amazon.in/s?k=Dell+27+inch+165Hz+Monitor
3675,Converse Chuck Taylor - Variant 6190,Shoes,5406,"Classic canvas high-top, rubber sole, available in 20+ colors",104,4.8,https://www.amazon.in/s?k=Converse+Chuck+Taylor+High+Top
3676,Coffee Maker Drip - Variant 4511,Kitchen,4439,"12-cup programmable coffee maker, built-in grinder, thermal carafe",65,4.6,https://www.amazon.in/s?k=Drip+Coffee+Maker
3677,Coffee Maker Drip - Variant 8239,Kitchen,3868,"12-cup programmable coffee maker, built-in grinder, thermal carafe",55,4.2,https://www.amazon.in/s?k=Drip+Coffee+Maker
3678,Backpack Osprey 40L - Variant 1090,Accessories,12212,"40L travel pack, TSA-friendly, laptop sleeve, rain cover included",53,4.5,https://www.amazon.in/s?k=Osprey+40L+Backpack
3679,Dumbbell Set Adjustable - Variant 6788,Sports,10713,"5-52.5 lbs per dumbbell, replaces 15 sets, fast adjust dial system",41,4.7,https://www.amazon.in/s?k=Adjustable+Dumbbell+Set
3680,The Alchemist Book - Variant 9141,Books,1364,Paulo Coelho's masterpiece about following your dreams and personal legend,245,4.6,https://www.amazon.in/s?k=The+Alchemist+Paulo+Coelho
3681,Yoga Mat Premium - Variant 2842,Sports,3325,"Non-slip 6mm thick mat, eco-friendly TPE material, includes carry strap",121,4.1,https://www.amazon.in/s?k=Premium+Yoga+Mat
3682,Running Shorts Nike - Variant 2446,Clothing,3060,"Dri-FIT fabric, 7-inch inseam, built-in brief, reflective details",93,4.3,https://www.amazon.in/s?k=Nike+Running+Shorts+DriFIT
3683,Apple AirPods Pro - Variant 6728,Electronics,22291,"Active noise cancellation, transparency mode, spatial audio, wireless charging",41,4.6,https://www.amazon.in/s?k=Apple+AirPods+Pro
3684,The Alchemist Book - Variant 4011,Books,1349,Paulo Coelho's masterpiece about following your dreams and personal legend,159,5.0,https://www.amazon.in/s?k=The+Alchemist+Paulo+Coelho
3685,Apple AirPods Pro - Variant 1696,Electronics,17367,"Active noise cancellation, transparency mode, spatial audio, wireless charging",25,4.8,https://www.amazon.in/s?k=Apple+AirPods+Pro
3686,Creatine Monohydrate - Variant 6778,Health,2760,"Micronized creatine, 5g per serving, unflavored, 60 servings, lab tested",78,4.7,https://www.amazon.in/s?k=Creatine+Monohydrate+Micronized
3687,Levi's 501 Jeans - Variant 4864,Clothing,4344,"Classic straight fit jeans, durable denim, available in multiple washes",116,4.2,https://www.amazon.in/s?k=Levis+501+Jeans
3688,Dumbbell Set Adjustable - Variant 5809,Sports,12320,"5-52.5 lbs per dumbbell, replaces 15 sets, fast adjust dial system",19,4.8,https://www.amazon.in/s?k=Adjustable+Dumbbell+Set
3689,Yoga Mat Premium - Variant 8373,Sports,2692,"Non-slip 6mm thick mat, eco-friendly TPE material, includes carry strap",131,4.2,https://www.amazon.in/s?k=Premium+Yoga+Mat
3690,Luggage Samsonite 28inch - Variant 8012,Accessories,13766,"Hardside spinner, TSA lock, expandable, lightweight polycarbonate shell",21,4.3,https://www.amazon.in/s?k=Samsonite+28+inch+Hardside+Luggage
3691,Nike Air Max 270 - Variant 7662,Shoes,10734,"Lightweight running shoe with Air Max cushioning, great for daily use",64,4.2,https://www.amazon.in/s?k=Nike+Air+Max+270
3692,Mechanical Keyboard RGB - Variant 6082,Electronics,6875,"TKL layout, Cherry MX switches, per-key RGB lighting, USB-C",41,4.7,https://www.amazon.in/s?k=Mechanical+Keyboard+RGB
3693,Dumbbell Set Adjustable - Variant 9858,Sports,13514,"5-52.5 lbs per dumbbell, replaces 15 sets, fast adjust dial system",18,4.9,https://www.amazon.in/s?k=Adjustable+Dumbbell+Set
3694,Mechanical Keyboard RGB - Variant 2069,Electronics,5475,"TKL layout, Cherry MX switches, per-key RGB lighting, USB-C",22,4.5,https://www.amazon.in/s?k=Mechanical+Keyboard+RGB
3695,Blender Vitamix A2500 - Variant 9230,Kitchen,36591,"Variable speed control, 3 program settings, self-cleaning, 64oz container",13,4.8,https://www.amazon.in/s?k=Vitamix+A2500+Blender
3696,Sony WH-1000XM5 - Variant 5438,Electronics,24867,"Industry-leading noise cancellation, 30hr battery, multipoint connection",15,4.7,https://www.amazon.in/s?k=Sony+WH-1000XM5
3697,Levi's Denim Jacket - Variant 3136,Clothing,6916,"Classic trucker jacket, 100% cotton denim, multiple color options",63,4.4,https://www.amazon.in/s?k=Levis+Denim+Jacket+Trucker
3698,Running Shorts Nike - Variant 7766,Clothing,3053,"Dri-FIT fabric, 7-inch inseam, built-in brief, reflective details",126,4.1,https://www.amazon.in/s?k=Nike+Running+Shorts+DriFIT
3699,Sony WH-1000XM5 - Variant 5260,Electronics,26996,"Industry-leading noise cancellation, 30hr battery, multipoint connection",27,5.0,https://www.amazon.in/s?k=Sony+WH-1000XM5
3700,Leather Wallet Slim - Variant 3976,Accessories,2300,"Genuine leather, RFID blocking, 8 card slots, minimalist design",149,4.4,https://www.amazon.in/s?k=Slim+Leather+Wallet+RFID
3701,Omega-3 Fish Oil - Variant 8636,Health,1452,"1200mg EPA+DHA per serving, enteric coated, 90 softgels, no fishy aftertaste",227,4.9,https://www.amazon.in/s?k=Omega+3+Fish+Oil+1200mg
3702,Vitamin C Serum - Variant 3117,Beauty,2325,"20% Vitamin C with hyaluronic acid, brightens skin, reduces dark spots",210,4.3,https://www.amazon.in/s?k=Vitamin+C+Serum+20+percent
3703,Sunscreen SPF 50 EltaMD - Variant 7680,Beauty,3085,"Broad spectrum UV protection, oil-free, dermatologist recommended, 3oz",109,4.6,https://www.amazon.in/s?k=EltaMD+Sunscreen+SPF+50
3704,Retinol Night Cream - Variant 4123,Beauty,3014,"0.5% retinol with peptides, reduces fine lines, fragrance-free, 50ml",82,4.0,https://www.amazon.in/s?k=Retinol+Night+Cream+0.5+percent
3705,New Balance 990v6 - Variant 3702,Shoes,13615,"Made in USA, premium suede and mesh upper, ENCAP midsole technology",20,4.6,https://www.amazon.in/s?k=New+Balance+990v6
3706,Converse Chuck Taylor - Variant 5656,Shoes,5325,"Classic canvas high-top, rubber sole, available in 20+ colors",190,4.6,https://www.amazon.in/s?k=Converse+Chuck+Taylor+High+Top
3707,The Alchemist Book - Variant 2067,Books,1294,Paulo Coelho's masterpiece about following your dreams and personal legend,118,5.0,https://www.amazon.in/s?k=The+Alchemist+Paulo+Coelho
3708,Converse Chuck Taylor - Variant 3668,Shoes,6441,"Classic canvas high-top, rubber sole, available in 20+ colors",149,4.3,https://www.amazon.in/s?k=Converse+Chuck+Taylor+High+Top
3709,Jump Rope Speed - Variant 2307,Sports,1562,"Adjustable steel cable, ball bearing handles, suitable for all fitness levels",179,4.5,https://www.amazon.in/s?k=Speed+Jump+Rope+Adjustable
3710,Sunscreen SPF 50 EltaMD - Variant 4353,Beauty,3408,"Broad spectrum UV protection, oil-free, dermatologist recommended, 3oz",66,4.5,https://www.amazon.in/s?k=EltaMD+Sunscreen+SPF+50
3711,Webcam Logitech 4K - Variant 4170,Electronics,14512,"4K Ultra HD, auto-focus, built-in mic, works with Zoom and Teams",54,4.2,https://www.amazon.in/s?k=Logitech+4K+Webcam
3712,Protein Powder Whey - Variant 7003,Health,5028,"25g protein per serving, chocolate flavor, 5lb bag, no artificial colors",31,4.3,https://www.amazon.in/s?k=Whey+Protein+Powder+Chocolate
3713,Resistance Bands Set - Variant 8596,Sports,2059,"5 resistance levels, latex-free, includes door anchor and carry bag",121,4.3,https://www.amazon.in/s?k=Resistance+Bands+Set+5+levels
3714,Atomic Habits Book - Variant 7938,Books,1268,James Clear's guide to building good habits and breaking bad ones,417,4.7,https://www.amazon.in/s?k=Atomic+Habits+James+Clear
3715,Backpack Osprey 40L - Variant 8353,Accessories,10624,"40L travel pack, TSA-friendly, laptop sleeve, rain cover included",52,4.6,https://www.amazon.in/s?k=Osprey+40L+Backpack
3716,Dell 27inch Monitor - Variant 9139,Electronics,31434,"IPS panel, 165Hz refresh rate, 1ms response time, USB-C, FreeSync",9,4.6,https://www.amazon.in/s?k=Dell+27+inch+165Hz+Monitor
3717,Linen Shirt Uniqlo - Variant 8855,Clothing,3784,"100% linen, breathable summer fabric, relaxed fit, 8 color options",94,4.4,https://www.amazon.in/s?k=Linen+Shirt+Men+Uniqlo
3718,Sony WH-1000XM5 - Variant 5523,Electronics,32341,"Industry-leading noise cancellation, 30hr battery, multipoint connection",19,5.0,https://www.amazon.in/s?k=Sony+WH-1000XM5
3719,Omega-3 Fish Oil - Variant 8124,Health,1829,"1200mg EPA+DHA per serving, enteric coated, 90 softgels, no fishy aftertaste",168,4.6,https://www.amazon.in/s?k=Omega+3+Fish+Oil+1200mg
3720,Vitamin C Serum - Variant 5198,Beauty,2205,"20% Vitamin C with hyaluronic acid, brightens skin, reduces dark spots",156,4.4,https://www.amazon.in/s?k=Vitamin+C+Serum+20+percent
3721,Mechanical Keyboard RGB - Variant 3431,Electronics,7438,"TKL layout, Cherry MX switches, per-key RGB lighting, USB-C",23,4.3,https://www.amazon.in/s?k=Mechanical+Keyboard+RGB
3722,Yoga Mat Premium - Variant 4263,Sports,3089,"Non-slip 6mm thick mat, eco-friendly TPE material, includes carry strap",104,4.4,https://www.amazon.in/s?k=Premium+Yoga+Mat
3723,Instant Pot Duo 7-in-1 - Variant 6667,Kitchen,7140,"Pressure cooker, slow cooker, rice cooker, steamer, saute, yogurt maker",100,4.6,https://www.amazon.in/s?k=Instant+Pot+Duo
3724,New Balance 990v6 - Variant 9827,Shoes,13899,"Made in USA, premium suede and mesh upper, ENCAP midsole technology",27,4.5,https://www.amazon.in/s?k=New+Balance+990v6
3725,The Alchemist Book - Variant 5569,Books,1312,Paulo Coelho's masterpiece about following your dreams and personal legend,121,4.9,https://www.amazon.in/s?k=The+Alchemist+Paulo+Coelho
3726,Harry Potter Box Set - Variant 7581,Books,7730,"Complete 7-book hardcover collection, illustrated edition",22,4.9,https://www.amazon.in/s?k=Harry+Potter+Box+Set+Hardcover
3727,Hiking Boots Merrell - Variant 6904,Shoes,13393,"Waterproof leather, Vibram outsole, air cushion heel, ankle support",62,4.5,https://www.amazon.in/s?k=Merrell+Hiking+Boots+Waterproof
3728,Apple AirPods Pro - Variant 4761,Electronics,16699,"Active noise cancellation, transparency mode, spatial audio, wireless charging",25,4.7,https://www.amazon.in/s?k=Apple+AirPods+Pro
3729,Wireless Mouse Logitech - Variant 7463,Electronics,3122,"MX Master 3, ergonomic design, 4000 DPI, multi-device support",40,5.0,https://www.amazon.in/s?k=Logitech+MX+Master+3
3730,Hoodie Champion Reverse Weave - Variant 1129,Clothing,5010,"Heavyweight fleece, reverse weave construction, kangaroo pocket",78,4.5,https://www.amazon.in/s?k=Champion+Reverse+Weave+Hoodie
3731,Dell 27inch Monitor - Variant 4310,Electronics,22818,"IPS panel, 165Hz refresh rate, 1ms response time, USB-C, FreeSync",21,4.9,https://www.amazon.in/s?k=Dell+27+inch+165Hz+Monitor
3732,Adidas Ultraboost 22 - Variant 4305,Shoes,13720,"Responsive Boost midsole, Primeknit upper, Continental rubber outsole",39,4.8,https://www.amazon.in/s?k=Adidas+Ultraboost+22
3733,Dumbbell Set Adjustable - Variant 7946,Sports,10558,"5-52.5 lbs per dumbbell, replaces 15 sets, fast adjust dial system",44,5.0,https://www.amazon.in/s?k=Adjustable+Dumbbell+Set
3734,Leather Wallet Slim - Variant 1270,Accessories,1711,"Genuine leather, RFID blocking, 8 card slots, minimalist design",147,4.1,https://www.amazon.in/s?k=Slim+Leather+Wallet+RFID
3735,Vitamin C Serum - Variant 3645,Beauty,1833,"20% Vitamin C with hyaluronic acid, brightens skin, reduces dark spots",114,4.3,https://www.amazon.in/s?k=Vitamin+C+Serum+20+percent
3736,Hiking Boots Merrell - Variant 2339,Shoes,11352,"Waterproof leather, Vibram outsole, air cushion heel, ankle support",58,4.6,https://www.amazon.in/s?k=Merrell+Hiking+Boots+Waterproof
3737,Samsung 4K Smart TV 55inch - Variant 2718,Electronics,62879,"Crystal UHD display, built-in Alexa, HDR10+, 3 HDMI ports",8,4.4,https://www.amazon.in/s?k=Samsung+4K+Smart+TV+55inch
3738,Creatine Monohydrate - Variant 3951,Health,2922,"Micronized creatine, 5g per serving, unflavored, 60 servings, lab tested",127,4.9,https://www.amazon.in/s?k=Creatine+Monohydrate+Micronized
3739,Dumbbell Set Adjustable - Variant 8465,Sports,10361,"5-52.5 lbs per dumbbell, replaces 15 sets, fast adjust dial system",29,4.9,https://www.amazon.in/s?k=Adjustable+Dumbbell+Set
3740,Hiking Boots Merrell - Variant 1678,Shoes,10344,"Waterproof leather, Vibram outsole, air cushion heel, ankle support",43,4.7,https://www.amazon.in/s?k=Merrell+Hiking+Boots+Waterproof
3741,Sony WH-1000XM5 - Variant 2716,Electronics,28696,"Industry-leading noise cancellation, 30hr battery, multipoint connection",23,5.0,https://www.amazon.in/s?k=Sony+WH-1000XM5
3742,Adidas Ultraboost 22 - Variant 4324,Shoes,15534,"Responsive Boost midsole, Primeknit upper, Continental rubber outsole",39,4.5,https://www.amazon.in/s?k=Adidas+Ultraboost+22
3743,Creatine Monohydrate - Variant 1253,Health,2503,"Micronized creatine, 5g per serving, unflavored, 60 servings, lab tested",67,4.8,https://www.amazon.in/s?k=Creatine+Monohydrate+Micronized
3744,Instant Pot Duo 7-in-1 - Variant 5945,Kitchen,7072,"Pressure cooker, slow cooker, rice cooker, steamer, saute, yogurt maker",96,4.9,https://www.amazon.in/s?k=Instant+Pot+Duo
3745,Hiking Boots Merrell - Variant 6101,Shoes,9718,"Waterproof leather, Vibram outsole, air cushion heel, ankle support",55,4.6,https://www.amazon.in/s?k=Merrell+Hiking+Boots+Waterproof
3746,Levi's Denim Jacket - Variant 7541,Clothing,6307,"Classic trucker jacket, 100% cotton denim, multiple color options",48,4.2,https://www.amazon.in/s?k=Levis+Denim+Jacket+Trucker
3747,Creatine Monohydrate - Variant 4936,Health,2301,"Micronized creatine, 5g per serving, unflavored, 60 servings, lab tested",80,4.5,https://www.amazon.in/s?k=Creatine+Monohydrate+Micronized
3748,Blender Vitamix A2500 - Variant 9628,Kitchen,31883,"Variable speed control, 3 program settings, self-cleaning, 64oz container",28,4.8,https://www.amazon.in/s?k=Vitamix+A2500+Blender
3749,Luggage Samsonite 28inch - Variant 4752,Accessories,17018,"Hardside spinner, TSA lock, expandable, lightweight polycarbonate shell",20,4.5,https://www.amazon.in/s?k=Samsonite+28+inch+Hardside+Luggage
3750,Adidas Ultraboost 22 - Variant 6453,Shoes,16041,"Responsive Boost midsole, Primeknit upper, Continental rubber outsole",42,4.4,https://www.amazon.in/s?k=Adidas+Ultraboost+22
3751,Blender Vitamix A2500 - Variant 6992,Kitchen,43300,"Variable speed control, 3 program settings, self-cleaning, 64oz container",26,4.7,https://www.amazon.in/s?k=Vitamix+A2500+Blender
3752,Luggage Samsonite 28inch - Variant 3890,Accessories,17535,"Hardside spinner, TSA lock, expandable, lightweight polycarbonate shell",21,4.6,https://www.amazon.in/s?k=Samsonite+28+inch+Hardside+Luggage
3753,Apple AirPods Pro - Variant 6617,Electronics,24764,"Active noise cancellation, transparency mode, spatial audio, wireless charging",34,4.7,https://www.amazon.in/s?k=Apple+AirPods+Pro
3754,Backpack Osprey 40L - Variant 6466,Accessories,15600,"40L travel pack, TSA-friendly, laptop sleeve, rain cover included",46,4.9,https://www.amazon.in/s?k=Osprey+40L+Backpack
3755,Kindle Paperwhite - Variant 6058,Electronics,11695,"6.8-inch display, adjustable warm light, waterproof, 3 months free Kindle Unlimited",36,4.8,https://www.amazon.in/s?k=Kindle+Paperwhite+2024
3756,Creatine Monohydrate - Variant 2382,Health,2456,"Micronized creatine, 5g per serving, unflavored, 60 servings, lab tested",89,4.4,https://www.amazon.in/s?k=Creatine+Monohydrate+Micronized
3757,Harry Potter Box Set - Variant 4381,Books,5376,"Complete 7-book hardcover collection, illustrated edition",33,5.0,https://www.amazon.in/s?k=Harry+Potter+Box+Set+Hardcover
3758,Sunscreen SPF 50 EltaMD - Variant 1128,Beauty,2930,"Broad spectrum UV protection, oil-free, dermatologist recommended, 3oz",122,4.6,https://www.amazon.in/s?k=EltaMD+Sunscreen+SPF+50
3759,Running Shorts Nike - Variant 1255,Clothing,2952,"Dri-FIT fabric, 7-inch inseam, built-in brief, reflective details",53,4.2,https://www.amazon.in/s?k=Nike+Running+Shorts+DriFIT
3760,Jump Rope Speed - Variant 4269,Sports,1555,"Adjustable steel cable, ball bearing handles, suitable for all fitness levels",242,4.1,https://www.amazon.in/s?k=Speed+Jump+Rope+Adjustable
3761,Coffee Maker Drip - Variant 2032,Kitchen,4613,"12-cup programmable coffee maker, built-in grinder, thermal carafe",37,4.5,https://www.amazon.in/s?k=Drip+Coffee+Maker
3762,Omega-3 Fish Oil - Variant 5261,Health,1535,"1200mg EPA+DHA per serving, enteric coated, 90 softgels, no fishy aftertaste",105,4.3,https://www.amazon.in/s?k=Omega+3+Fish+Oil+1200mg
3763,Coffee Maker Drip - Variant 8488,Kitchen,3613,"12-cup programmable coffee maker, built-in grinder, thermal carafe",35,4.5,https://www.amazon.in/s?k=Drip+Coffee+Maker
3764,Backpack Osprey 40L - Variant 9675,Accessories,13329,"40L travel pack, TSA-friendly, laptop sleeve, rain cover included",55,4.8,https://www.amazon.in/s?k=Osprey+40L+Backpack
3765,Levi's 501 Jeans - Variant 8061,Clothing,4044,"Classic straight fit jeans, durable denim, available in multiple washes",174,4.5,https://www.amazon.in/s?k=Levis+501+Jeans
3766,Mechanical Keyboard RGB - Variant 2855,Electronics,6136,"TKL layout, Cherry MX switches, per-key RGB lighting, USB-C",42,4.6,https://www.amazon.in/s?k=Mechanical+Keyboard+RGB
3767,Instant Pot Duo 7-in-1 - Variant 6993,Kitchen,6925,"Pressure cooker, slow cooker, rice cooker, steamer, saute, yogurt maker",44,4.9,https://www.amazon.in/s?k=Instant+Pot+Duo
3768,Instant Pot Duo 7-in-1 - Variant 2502,Kitchen,6654,"Pressure cooker, slow cooker, rice cooker, steamer, saute, yogurt maker",112,4.4,https://www.amazon.in/s?k=Instant+Pot+Duo
3769,Mechanical Keyboard RGB - Variant 7656,Electronics,6410,"TKL layout, Cherry MX switches, per-key RGB lighting, USB-C",43,4.7,https://www.amazon.in/s?k=Mechanical+Keyboard+RGB
3770,Harry Potter Box Set - Variant 3414,Books,5762,"Complete 7-book hardcover collection, illustrated edition",22,4.7,https://www.amazon.in/s?k=Harry+Potter+Box+Set+Hardcover
3771,Levi's Denim Jacket - Variant 1081,Clothing,7847,"Classic trucker jacket, 100% cotton denim, multiple color options",54,4.5,https://www.amazon.in/s?k=Levis+Denim+Jacket+Trucker
3772,Sony WH-1000XM5 - Variant 1819,Electronics,28304,"Industry-leading noise cancellation, 30hr battery, multipoint connection",33,5.0,https://www.amazon.in/s?k=Sony+WH-1000XM5
3773,Retinol Night Cream - Variant 8237,Beauty,3185,"0.5% retinol with peptides, reduces fine lines, fragrance-free, 50ml",59,4.3,https://www.amazon.in/s?k=Retinol+Night+Cream+0.5+percent
3774,Running Shorts Nike - Variant 9952,Clothing,3044,"Dri-FIT fabric, 7-inch inseam, built-in brief, reflective details",68,4.5,https://www.amazon.in/s?k=Nike+Running+Shorts+DriFIT
3775,Apple AirPods Pro - Variant 6068,Electronics,18738,"Active noise cancellation, transparency mode, spatial audio, wireless charging",39,4.8,https://www.amazon.in/s?k=Apple+AirPods+Pro
3776,Nike Air Max 270 - Variant 8362,Shoes,10638,"Lightweight running shoe with Air Max cushioning, great for daily use",57,4.4,https://www.amazon.in/s?k=Nike+Air+Max+270
3777,New Balance 990v6 - Variant 7156,Shoes,14576,"Made in USA, premium suede and mesh upper, ENCAP midsole technology",42,4.4,https://www.amazon.in/s?k=New+Balance+990v6
3778,Sunscreen SPF 50 EltaMD - Variant 8381,Beauty,3903,"Broad spectrum UV protection, oil-free, dermatologist recommended, 3oz",95,4.9,https://www.amazon.in/s?k=EltaMD+Sunscreen+SPF+50
3779,Dell 27inch Monitor - Variant 2728,Electronics,29645,"IPS panel, 165Hz refresh rate, 1ms response time, USB-C, FreeSync",25,4.7,https://www.amazon.in/s?k=Dell+27+inch+165Hz+Monitor
3780,Nike Air Max 270 - Variant 6958,Shoes,10399,"Lightweight running shoe with Air Max cushioning, great for daily use",64,4.7,https://www.amazon.in/s?k=Nike+Air+Max+270
3781,The Alchemist Book - Variant 9263,Books,1222,Paulo Coelho's masterpiece about following your dreams and personal legend,220,5.0,https://www.amazon.in/s?k=The+Alchemist+Paulo+Coelho
3782,Retinol Night Cream - Variant 5567,Beauty,3141,"0.5% retinol with peptides, reduces fine lines, fragrance-free, 50ml",114,4.4,https://www.amazon.in/s?k=Retinol+Night+Cream+0.5+percent
3783,Air Fryer Ninja 6qt - Variant 8479,Kitchen,9656,"6-quart capacity, 4-in-1 functionality, up to 75% less fat, dishwasher safe",69,4.7,https://www.amazon.in/s?k=Ninja+Air+Fryer+6qt
3784,Levi's 501 Jeans - Variant 7369,Clothing,5395,"Classic straight fit jeans, durable denim, available in multiple washes",128,4.1,https://www.amazon.in/s?k=Levis+501+Jeans
3785,Jump Rope Speed - Variant 8245,Sports,1618,"Adjustable steel cable, ball bearing handles, suitable for all fitness levels",160,4.7,https://www.amazon.in/s?k=Speed+Jump+Rope+Adjustable
3786,Linen Shirt Uniqlo - Variant 8107,Clothing,3157,"100% linen, breathable summer fabric, relaxed fit, 8 color options",146,4.5,https://www.amazon.in/s?k=Linen+Shirt+Men+Uniqlo
3787,Levi's 501 Jeans - Variant 9212,Clothing,5892,"Classic straight fit jeans, durable denim, available in multiple washes",179,4.3,https://www.amazon.in/s?k=Levis+501+Jeans
3788,Harry Potter Box Set - Variant 9834,Books,5878,"Complete 7-book hardcover collection, illustrated edition",45,4.7,https://www.amazon.in/s?k=Harry+Potter+Box+Set+Hardcover
3789,Webcam Logitech 4K - Variant 1422,Electronics,10996,"4K Ultra HD, auto-focus, built-in mic, works with Zoom and Teams",27,4.4,https://www.amazon.in/s?k=Logitech+4K+Webcam
3790,Dell 27inch Monitor - Variant 8771,Electronics,25389,"IPS panel, 165Hz refresh rate, 1ms response time, USB-C, FreeSync",24,4.5,https://www.amazon.in/s?k=Dell+27+inch+165Hz+Monitor
3791,Wireless Mouse Logitech - Variant 6317,Electronics,3299,"MX Master 3, ergonomic design, 4000 DPI, multi-device support",101,4.9,https://www.amazon.in/s?k=Logitech+MX+Master+3
3792,iPad Air 11inch - Variant 1017,Electronics,50109,"M2 chip, 11-inch Liquid Retina display, Apple Pencil Pro support, 256GB",27,4.6,https://www.amazon.in/s?k=iPad+Air+M2+11inch
3793,Linen Shirt Uniqlo - Variant 9489,Clothing,3595,"100% linen, breathable summer fabric, relaxed fit, 8 color options",218,4.0,https://www.amazon.in/s?k=Linen+Shirt+Men+Uniqlo
3794,Air Fryer Ninja 6qt - Variant 6963,Kitchen,10060,"6-quart capacity, 4-in-1 functionality, up to 75% less fat, dishwasher safe",59,4.6,https://www.amazon.in/s?k=Ninja+Air+Fryer+6qt
3795,Blender Vitamix A2500 - Variant 7769,Kitchen,42751,"Variable speed control, 3 program settings, self-cleaning, 64oz container",24,4.8,https://www.amazon.in/s?k=Vitamix+A2500+Blender
3796,Blender Vitamix A2500 - Variant 7375,Kitchen,36242,"Variable speed control, 3 program settings, self-cleaning, 64oz container",20,5.0,https://www.amazon.in/s?k=Vitamix+A2500+Blender
3797,Retinol Night Cream - Variant 7578,Beauty,2527,"0.5% retinol with peptides, reduces fine lines, fragrance-free, 50ml",78,4.3,https://www.amazon.in/s?k=Retinol+Night+Cream+0.5+percent
3798,Sony WH-1000XM5 - Variant 6278,Electronics,31296,"Industry-leading noise cancellation, 30hr battery, multipoint connection",14,5.0,https://www.amazon.in/s?k=Sony+WH-1000XM5
3799,Coffee Maker Drip - Variant 2166,Kitchen,4178,"12-cup programmable coffee maker, built-in grinder, thermal carafe",62,4.3,https://www.amazon.in/s?k=Drip+Coffee+Maker
3800,Luggage Samsonite 28inch - Variant 5048,Accessories,19441,"Hardside spinner, TSA lock, expandable, lightweight polycarbonate shell",33,4.6,https://www.amazon.in/s?k=Samsonite+28+inch+Hardside+Luggage
3801,Backpack Osprey 40L - Variant 7392,Accessories,12578,"40L travel pack, TSA-friendly, laptop sleeve, rain cover included",44,4.8,https://www.amazon.in/s?k=Osprey+40L+Backpack
3802,Multivitamin Men's - Variant 8700,Health,1895,"23 essential vitamins and minerals, once daily, 90 tablets, no artificial colors",84,4.3,https://www.amazon.in/s?k=Mens+Multivitamin+Daily
3803,Stand Mixer KitchenAid - Variant 9255,Kitchen,31887,"5-quart bowl, 10 speeds, 59 attachments compatible, tilt-head design",10,5.0,https://www.amazon.in/s?k=KitchenAid+Stand+Mixer+5qt
3804,Samsung 4K Smart TV 55inch - Variant 4499,Electronics,54423,"Crystal UHD display, built-in Alexa, HDR10+, 3 HDMI ports",18,4.4,https://www.amazon.in/s?k=Samsung+4K+Smart+TV+55inch
3805,Rich Dad Poor Dad - Variant 9825,Books,1076,"Robert Kiyosaki's personal finance classic, updated 25th anniversary edition",351,4.9,https://www.amazon.in/s?k=Rich+Dad+Poor+Dad+Kiyosaki
3806,Sony WH-1000XM5 - Variant 9464,Electronics,26959,"Industry-leading noise cancellation, 30hr battery, multipoint connection",17,5.0,https://www.amazon.in/s?k=Sony+WH-1000XM5
3807,Running Shorts Nike - Variant 4353,Clothing,2879,"Dri-FIT fabric, 7-inch inseam, built-in brief, reflective details",80,4.7,https://www.amazon.in/s?k=Nike+Running+Shorts+DriFIT
3808,Hiking Boots Merrell - Variant 8240,Shoes,12517,"Waterproof leather, Vibram outsole, air cushion heel, ankle support",38,4.7,https://www.amazon.in/s?k=Merrell+Hiking+Boots+Waterproof
3809,Kindle Paperwhite - Variant 3126,Electronics,12530,"6.8-inch display, adjustable warm light, waterproof, 3 months free Kindle Unlimited",68,4.5,https://www.amazon.in/s?k=Kindle+Paperwhite+2024
3810,Creatine Monohydrate - Variant 1350,Health,2670,"Micronized creatine, 5g per serving, unflavored, 60 servings, lab tested",133,4.4,https://www.amazon.in/s?k=Creatine+Monohydrate+Micronized
3811,Rich Dad Poor Dad - Variant 9271,Books,962,"Robert Kiyosaki's personal finance classic, updated 25th anniversary edition",140,5.0,https://www.amazon.in/s?k=Rich+Dad+Poor+Dad+Kiyosaki
3812,Wireless Mouse Logitech - Variant 5780,Electronics,3654,"MX Master 3, ergonomic design, 4000 DPI, multi-device support",57,4.9,https://www.amazon.in/s?k=Logitech+MX+Master+3
3813,Levi's 501 Jeans - Variant 4043,Clothing,5839,"Classic straight fit jeans, durable denim, available in multiple washes",148,4.4,https://www.amazon.in/s?k=Levis+501+Jeans
3814,Multivitamin Men's - Variant 4460,Health,2448,"23 essential vitamins and minerals, once daily, 90 tablets, no artificial colors",162,4.6,https://www.amazon.in/s?k=Mens+Multivitamin+Daily
3815,Levi's Denim Jacket - Variant 6816,Clothing,6101,"Classic trucker jacket, 100% cotton denim, multiple color options",70,4.6,https://www.amazon.in/s?k=Levis+Denim+Jacket+Trucker
3816,Kindle Paperwhite - Variant 7239,Electronics,12053,"6.8-inch display, adjustable warm light, waterproof, 3 months free Kindle Unlimited",87,4.5,https://www.amazon.in/s?k=Kindle+Paperwhite+2024
3817,Luggage Samsonite 28inch - Variant 2387,Accessories,14989,"Hardside spinner, TSA lock, expandable, lightweight polycarbonate shell",25,4.5,https://www.amazon.in/s?k=Samsonite+28+inch+Hardside+Luggage
3818,Luggage Samsonite 28inch - Variant 4769,Accessories,16750,"Hardside spinner, TSA lock, expandable, lightweight polycarbonate shell",16,4.5,https://www.amazon.in/s?k=Samsonite+28+inch+Hardside+Luggage
3819,New Balance 990v6 - Variant 5191,Shoes,12975,"Made in USA, premium suede and mesh upper, ENCAP midsole technology",22,4.5,https://www.amazon.in/s?k=New+Balance+990v6
3820,Wireless Mouse Logitech - Variant 6843,Electronics,3010,"MX Master 3, ergonomic design, 4000 DPI, multi-device support",88,4.7,https://www.amazon.in/s?k=Logitech+MX+Master+3
3821,Leather Wallet Slim - Variant 3146,Accessories,1877,"Genuine leather, RFID blocking, 8 card slots, minimalist design",87,4.2,https://www.amazon.in/s?k=Slim+Leather+Wallet+RFID
3822,Converse Chuck Taylor - Variant 1139,Shoes,5147,"Classic canvas high-top, rubber sole, available in 20+ colors",147,4.8,https://www.amazon.in/s?k=Converse+Chuck+Taylor+High+Top
3823,Jump Rope Speed - Variant 9636,Sports,1528,"Adjustable steel cable, ball bearing handles, suitable for all fitness levels",99,4.3,https://www.amazon.in/s?k=Speed+Jump+Rope+Adjustable
3824,Blender Vitamix A2500 - Variant 7658,Kitchen,32241,"Variable speed control, 3 program settings, self-cleaning, 64oz container",16,5.0,https://www.amazon.in/s?k=Vitamix+A2500+Blender
3825,Hiking Boots Merrell - Variant 9678,Shoes,13593,"Waterproof leather, Vibram outsole, air cushion heel, ankle support",25,4.6,https://www.amazon.in/s?k=Merrell+Hiking+Boots+Waterproof
3826,Hoodie Champion Reverse Weave - Variant 9789,Clothing,5416,"Heavyweight fleece, reverse weave construction, kangaroo pocket",113,4.7,https://www.amazon.in/s?k=Champion+Reverse+Weave+Hoodie
3827,Hiking Boots Merrell - Variant 6677,Shoes,10950,"Waterproof leather, Vibram outsole, air cushion heel, ankle support",32,4.9,https://www.amazon.in/s?k=Merrell+Hiking+Boots+Waterproof
3828,Mechanical Keyboard RGB - Variant 5856,Electronics,5510,"TKL layout, Cherry MX switches, per-key RGB lighting, USB-C",32,4.3,https://www.amazon.in/s?k=Mechanical+Keyboard+RGB
3829,New Balance 990v6 - Variant 4964,Shoes,18159,"Made in USA, premium suede and mesh upper, ENCAP midsole technology",22,4.7,https://www.amazon.in/s?k=New+Balance+990v6
3830,Levi's 501 Jeans - Variant 4459,Clothing,4730,"Classic straight fit jeans, durable denim, available in multiple washes",172,4.4,https://www.amazon.in/s?k=Levis+501+Jeans
3831,Omega-3 Fish Oil - Variant 8372,Health,1642,"1200mg EPA+DHA per serving, enteric coated, 90 softgels, no fishy aftertaste",151,4.7,https://www.amazon.in/s?k=Omega+3+Fish+Oil+1200mg
3832,Yoga Mat Premium - Variant 9405,Sports,2759,"Non-slip 6mm thick mat, eco-friendly TPE material, includes carry strap",71,4.3,https://www.amazon.in/s?k=Premium+Yoga+Mat
3833,Rich Dad Poor Dad - Variant 6515,Books,1012,"Robert Kiyosaki's personal finance classic, updated 25th anniversary edition",357,4.4,https://www.amazon.in/s?k=Rich+Dad+Poor+Dad+Kiyosaki
3834,Instant Pot Duo 7-in-1 - Variant 1708,Kitchen,8504,"Pressure cooker, slow cooker, rice cooker, steamer, saute, yogurt maker",115,4.8,https://www.amazon.in/s?k=Instant+Pot+Duo
3835,Resistance Bands Set - Variant 6619,Sports,1600,"5 resistance levels, latex-free, includes door anchor and carry bag",152,4.2,https://www.amazon.in/s?k=Resistance+Bands+Set+5+levels
3836,Multivitamin Men's - Variant 6388,Health,2333,"23 essential vitamins and minerals, once daily, 90 tablets, no artificial colors",177,4.4,https://www.amazon.in/s?k=Mens+Multivitamin+Daily
3837,Jump Rope Speed - Variant 3495,Sports,1306,"Adjustable steel cable, ball bearing handles, suitable for all fitness levels",132,4.6,https://www.amazon.in/s?k=Speed+Jump+Rope+Adjustable
3838,Luggage Samsonite 28inch - Variant 5257,Accessories,16611,"Hardside spinner, TSA lock, expandable, lightweight polycarbonate shell",18,4.6,https://www.amazon.in/s?k=Samsonite+28+inch+Hardside+Luggage
3839,Blender Vitamix A2500 - Variant 6178,Kitchen,35905,"Variable speed control, 3 program settings, self-cleaning, 64oz container",24,4.9,https://www.amazon.in/s?k=Vitamix+A2500+Blender
3840,Yoga Mat Premium - Variant 8585,Sports,2424,"Non-slip 6mm thick mat, eco-friendly TPE material, includes carry strap",68,4.1,https://www.amazon.in/s?k=Premium+Yoga+Mat
3841,Creatine Monohydrate - Variant 8825,Health,2348,"Micronized creatine, 5g per serving, unflavored, 60 servings, lab tested",140,4.9,https://www.amazon.in/s?k=Creatine+Monohydrate+Micronized
3842,Nike Air Max 270 - Variant 6206,Shoes,12881,"Lightweight running shoe with Air Max cushioning, great for daily use",43,4.5,https://www.amazon.in/s?k=Nike+Air+Max+270
3843,Webcam Logitech 4K - Variant 5537,Electronics,10340,"4K Ultra HD, auto-focus, built-in mic, works with Zoom and Teams",72,4.6,https://www.amazon.in/s?k=Logitech+4K+Webcam
3844,Hoodie Champion Reverse Weave - Variant 5011,Clothing,5793,"Heavyweight fleece, reverse weave construction, kangaroo pocket",119,4.8,https://www.amazon.in/s?k=Champion+Reverse+Weave+Hoodie
3845,Rich Dad Poor Dad - Variant 7610,Books,1217,"Robert Kiyosaki's personal finance classic, updated 25th anniversary edition",287,4.7,https://www.amazon.in/s?k=Rich+Dad+Poor+Dad+Kiyosaki
3846,Resistance Bands Set - Variant 4263,Sports,1741,"5 resistance levels, latex-free, includes door anchor and carry bag",125,4.7,https://www.amazon.in/s?k=Resistance+Bands+Set+5+levels
3847,Resistance Bands Set - Variant 5251,Sports,1591,"5 resistance levels, latex-free, includes door anchor and carry bag",161,4.7,https://www.amazon.in/s?k=Resistance+Bands+Set+5+levels
3848,Sunscreen SPF 50 EltaMD - Variant 1211,Beauty,3101,"Broad spectrum UV protection, oil-free, dermatologist recommended, 3oz",96,5.0,https://www.amazon.in/s?k=EltaMD+Sunscreen+SPF+50
3849,Levi's 501 Jeans - Variant 8779,Clothing,5034,"Classic straight fit jeans, durable denim, available in multiple washes",114,4.2,https://www.amazon.in/s?k=Levis+501+Jeans
3850,Backpack Osprey 40L - Variant 5426,Accessories,13766,"40L travel pack, TSA-friendly, laptop sleeve, rain cover included",56,4.6,https://www.amazon.in/s?k=Osprey+40L+Backpack
3851,Yoga Mat Premium - Variant 2168,Sports,2687,"Non-slip 6mm thick mat, eco-friendly TPE material, includes carry strap",94,4.2,https://www.amazon.in/s?k=Premium+Yoga+Mat
3852,Omega-3 Fish Oil - Variant 4572,Health,1358,"1200mg EPA+DHA per serving, enteric coated, 90 softgels, no fishy aftertaste",213,4.4,https://www.amazon.in/s?k=Omega+3+Fish+Oil+1200mg
3853,Levi's 501 Jeans - Variant 2489,Clothing,4973,"Classic straight fit jeans, durable denim, available in multiple washes",119,4.1,https://www.amazon.in/s?k=Levis+501+Jeans
3854,Luggage Samsonite 28inch - Variant 2058,Accessories,18692,"Hardside spinner, TSA lock, expandable, lightweight polycarbonate shell",36,4.3,https://www.amazon.in/s?k=Samsonite+28+inch+Hardside+Luggage
3855,Mechanical Keyboard RGB - Variant 4392,Electronics,7135,"TKL layout, Cherry MX switches, per-key RGB lighting, USB-C",55,4.3,https://www.amazon.in/s?k=Mechanical+Keyboard+RGB
3856,Rich Dad Poor Dad - Variant 1564,Books,935,"Robert Kiyosaki's personal finance classic, updated 25th anniversary edition",279,4.5,https://www.amazon.in/s?k=Rich+Dad+Poor+Dad+Kiyosaki
3857,Adidas Ultraboost 22 - Variant 2980,Shoes,14577,"Responsive Boost midsole, Primeknit upper, Continental rubber outsole",53,4.8,https://www.amazon.in/s?k=Adidas+Ultraboost+22
3858,Sunscreen SPF 50 EltaMD - Variant 8230,Beauty,3877,"Broad spectrum UV protection, oil-free, dermatologist recommended, 3oz",86,4.5,https://www.amazon.in/s?k=EltaMD+Sunscreen+SPF+50
3859,Levi's Denim Jacket - Variant 7060,Clothing,7324,"Classic trucker jacket, 100% cotton denim, multiple color options",96,4.6,https://www.amazon.in/s?k=Levis+Denim+Jacket+Trucker
3860,Levi's Denim Jacket - Variant 4651,Clothing,8510,"Classic trucker jacket, 100% cotton denim, multiple color options",86,4.3,https://www.amazon.in/s?k=Levis+Denim+Jacket+Trucker
3861,New Balance 990v6 - Variant 2947,Shoes,13345,"Made in USA, premium suede and mesh upper, ENCAP midsole technology",49,4.4,https://www.amazon.in/s?k=New+Balance+990v6
3862,Converse Chuck Taylor - Variant 4821,Shoes,5226,"Classic canvas high-top, rubber sole, available in 20+ colors",137,4.8,https://www.amazon.in/s?k=Converse+Chuck+Taylor+High+Top
3863,Luggage Samsonite 28inch - Variant 2142,Accessories,17893,"Hardside spinner, TSA lock, expandable, lightweight polycarbonate shell",19,4.9,https://www.amazon.in/s?k=Samsonite+28+inch+Hardside+Luggage
3864,Jump Rope Speed - Variant 3604,Sports,1558,"Adjustable steel cable, ball bearing handles, suitable for all fitness levels",96,4.7,https://www.amazon.in/s?k=Speed+Jump+Rope+Adjustable
3865,Stand Mixer KitchenAid - Variant 8141,Kitchen,35316,"5-quart bowl, 10 speeds, 59 attachments compatible, tilt-head design",11,5.0,https://www.amazon.in/s?k=KitchenAid+Stand+Mixer+5qt
3866,Samsung 4K Smart TV 55inch - Variant 9217,Electronics,66936,"Crystal UHD display, built-in Alexa, HDR10+, 3 HDMI ports",8,4.6,https://www.amazon.in/s?k=Samsung+4K+Smart+TV+55inch
3867,Apple AirPods Pro - Variant 1445,Electronics,22055,"Active noise cancellation, transparency mode, spatial audio, wireless charging",17,4.6,https://www.amazon.in/s?k=Apple+AirPods+Pro
3868,Blender Vitamix A2500 - Variant 1680,Kitchen,42339,"Variable speed control, 3 program settings, self-cleaning, 64oz container",11,5.0,https://www.amazon.in/s?k=Vitamix+A2500+Blender
3869,Kindle Paperwhite - Variant 9161,Electronics,12969,"6.8-inch display, adjustable warm light, waterproof, 3 months free Kindle Unlimited",67,4.5,https://www.amazon.in/s?k=Kindle+Paperwhite+2024
3870,Vitamin C Serum - Variant 9642,Beauty,2273,"20% Vitamin C with hyaluronic acid, brightens skin, reduces dark spots",136,4.4,https://www.amazon.in/s?k=Vitamin+C+Serum+20+percent
3871,Converse Chuck Taylor - Variant 2350,Shoes,6328,"Classic canvas high-top, rubber sole, available in 20+ colors",104,4.5,https://www.amazon.in/s?k=Converse+Chuck+Taylor+High+Top
3872,Kindle Paperwhite - Variant 2127,Electronics,12847,"6.8-inch display, adjustable warm light, waterproof, 3 months free Kindle Unlimited",53,4.7,https://www.amazon.in/s?k=Kindle+Paperwhite+2024
3873,Sony WH-1000XM5 - Variant 1045,Electronics,30227,"Industry-leading noise cancellation, 30hr battery, multipoint connection",16,4.7,https://www.amazon.in/s?k=Sony+WH-1000XM5
3874,Samsung 4K Smart TV 55inch - Variant 9104,Electronics,65788,"Crystal UHD display, built-in Alexa, HDR10+, 3 HDMI ports",18,4.7,https://www.amazon.in/s?k=Samsung+4K+Smart+TV+55inch
3875,Linen Shirt Uniqlo - Variant 5033,Clothing,3406,"100% linen, breathable summer fabric, relaxed fit, 8 color options",119,4.5,https://www.amazon.in/s?k=Linen+Shirt+Men+Uniqlo
3876,Sunscreen SPF 50 EltaMD - Variant 4239,Beauty,3273,"Broad spectrum UV protection, oil-free, dermatologist recommended, 3oz",97,4.5,https://www.amazon.in/s?k=EltaMD+Sunscreen+SPF+50
3877,iPad Air 11inch - Variant 4346,Electronics,53458,"M2 chip, 11-inch Liquid Retina display, Apple Pencil Pro support, 256GB",29,4.9,https://www.amazon.in/s?k=iPad+Air+M2+11inch
3878,iPad Air 11inch - Variant 9369,Electronics,59533,"M2 chip, 11-inch Liquid Retina display, Apple Pencil Pro support, 256GB",12,4.6,https://www.amazon.in/s?k=iPad+Air+M2+11inch
3879,Yoga Mat Premium - Variant 8032,Sports,3060,"Non-slip 6mm thick mat, eco-friendly TPE material, includes carry strap",114,4.4,https://www.amazon.in/s?k=Premium+Yoga+Mat
3880,New Balance 990v6 - Variant 8049,Shoes,13558,"Made in USA, premium suede and mesh upper, ENCAP midsole technology",26,4.9,https://www.amazon.in/s?k=New+Balance+990v6
3881,Leather Wallet Slim - Variant 5371,Accessories,2192,"Genuine leather, RFID blocking, 8 card slots, minimalist design",138,4.3,https://www.amazon.in/s?k=Slim+Leather+Wallet+RFID
3882,Running Shorts Nike - Variant 2541,Clothing,2728,"Dri-FIT fabric, 7-inch inseam, built-in brief, reflective details",95,4.5,https://www.amazon.in/s?k=Nike+Running+Shorts+DriFIT
3883,Samsung 4K Smart TV 55inch - Variant 1464,Electronics,55096,"Crystal UHD display, built-in Alexa, HDR10+, 3 HDMI ports",16,4.4,https://www.amazon.in/s?k=Samsung+4K+Smart+TV+55inch
3884,Backpack Osprey 40L - Variant 3580,Accessories,13196,"40L travel pack, TSA-friendly, laptop sleeve, rain cover included",54,4.5,https://www.amazon.in/s?k=Osprey+40L+Backpack
3885,Samsung 4K Smart TV 55inch - Variant 9614,Electronics,66884,"Crystal UHD display, built-in Alexa, HDR10+, 3 HDMI ports",17,4.9,https://www.amazon.in/s?k=Samsung+4K+Smart+TV+55inch
3886,Samsung 4K Smart TV 55inch - Variant 8977,Electronics,67830,"Crystal UHD display, built-in Alexa, HDR10+, 3 HDMI ports",9,4.4,https://www.amazon.in/s?k=Samsung+4K+Smart+TV+55inch
3887,Levi's Denim Jacket - Variant 1316,Clothing,6413,"Classic trucker jacket, 100% cotton denim, multiple color options",75,4.4,https://www.amazon.in/s?k=Levis+Denim+Jacket+Trucker
3888,Atomic Habits Book - Variant 4432,Books,1412,James Clear's guide to building good habits and breaking bad ones,197,5.0,https://www.amazon.in/s?k=Atomic+Habits+James+Clear
3889,Sunglasses Polarized - Variant 1492,Accessories,2424,"UV400 protection, polarized lenses, lightweight frame, unisex design",103,4.1,https://www.amazon.in/s?k=Polarized+Sunglasses+UV400
3890,Instant Pot Duo 7-in-1 - Variant 9740,Kitchen,6323,"Pressure cooker, slow cooker, rice cooker, steamer, saute, yogurt maker",90,4.7,https://www.amazon.in/s?k=Instant+Pot+Duo
3891,Dumbbell Set Adjustable - Variant 8293,Sports,14039,"5-52.5 lbs per dumbbell, replaces 15 sets, fast adjust dial system",44,4.9,https://www.amazon.in/s?k=Adjustable+Dumbbell+Set
3892,Levi's Denim Jacket - Variant 4938,Clothing,7562,"Classic trucker jacket, 100% cotton denim, multiple color options",75,4.5,https://www.amazon.in/s?k=Levis+Denim+Jacket+Trucker
3893,Omega-3 Fish Oil - Variant 1054,Health,1357,"1200mg EPA+DHA per serving, enteric coated, 90 softgels, no fishy aftertaste",264,4.9,https://www.amazon.in/s?k=Omega+3+Fish+Oil+1200mg
3894,Omega-3 Fish Oil - Variant 8884,Health,1847,"1200mg EPA+DHA per serving, enteric coated, 90 softgels, no fishy aftertaste",204,4.8,https://www.amazon.in/s?k=Omega+3+Fish+Oil+1200mg
3895,Levi's 501 Jeans - Variant 6123,Clothing,5362,"Classic straight fit jeans, durable denim, available in multiple washes",93,4.1,https://www.amazon.in/s?k=Levis+501+Jeans
3896,The Alchemist Book - Variant 5627,Books,1380,Paulo Coelho's masterpiece about following your dreams and personal legend,118,4.6,https://www.amazon.in/s?k=The+Alchemist+Paulo+Coelho
3897,Air Fryer Ninja 6qt - Variant 1970,Kitchen,10623,"6-quart capacity, 4-in-1 functionality, up to 75% less fat, dishwasher safe",42,4.6,https://www.amazon.in/s?k=Ninja+Air+Fryer+6qt
3898,Stand Mixer KitchenAid - Variant 4208,Kitchen,36698,"5-quart bowl, 10 speeds, 59 attachments compatible, tilt-head design",7,4.7,https://www.amazon.in/s?k=KitchenAid+Stand+Mixer+5qt
3899,iPad Air 11inch - Variant 8511,Electronics,45437,"M2 chip, 11-inch Liquid Retina display, Apple Pencil Pro support, 256GB",24,4.6,https://www.amazon.in/s?k=iPad+Air+M2+11inch
3900,Multivitamin Men's - Variant 6858,Health,2138,"23 essential vitamins and minerals, once daily, 90 tablets, no artificial colors",72,4.2,https://www.amazon.in/s?k=Mens+Multivitamin+Daily
3901,Samsung 4K Smart TV 55inch - Variant 2612,Electronics,61703,"Crystal UHD display, built-in Alexa, HDR10+, 3 HDMI ports",10,4.9,https://www.amazon.in/s?k=Samsung+4K+Smart+TV+55inch
3902,Backpack Osprey 40L - Variant 8531,Accessories,13573,"40L travel pack, TSA-friendly, laptop sleeve, rain cover included",21,4.6,https://www.amazon.in/s?k=Osprey+40L+Backpack
3903,Converse Chuck Taylor - Variant 3084,Shoes,6316,"Classic canvas high-top, rubber sole, available in 20+ colors",256,4.8,https://www.amazon.in/s?k=Converse+Chuck+Taylor+High+Top
3904,New Balance 990v6 - Variant 1738,Shoes,16750,"Made in USA, premium suede and mesh upper, ENCAP midsole technology",31,4.9,https://www.amazon.in/s?k=New+Balance+990v6
3905,Webcam Logitech 4K - Variant 9143,Electronics,14554,"4K Ultra HD, auto-focus, built-in mic, works with Zoom and Teams",74,4.3,https://www.amazon.in/s?k=Logitech+4K+Webcam
3906,Hoodie Champion Reverse Weave - Variant 8013,Clothing,6176,"Heavyweight fleece, reverse weave construction, kangaroo pocket",54,4.7,https://www.amazon.in/s?k=Champion+Reverse+Weave+Hoodie
3907,Vitamin C Serum - Variant 5017,Beauty,1764,"20% Vitamin C with hyaluronic acid, brightens skin, reduces dark spots",211,4.5,https://www.amazon.in/s?k=Vitamin+C+Serum+20+percent
3908,Blender Vitamix A2500 - Variant 2022,Kitchen,43347,"Variable speed control, 3 program settings, self-cleaning, 64oz container",17,5.0,https://www.amazon.in/s?k=Vitamix+A2500+Blender
3909,Sunglasses Polarized - Variant 3311,Accessories,2335,"UV400 protection, polarized lenses, lightweight frame, unisex design",143,4.1,https://www.amazon.in/s?k=Polarized+Sunglasses+UV400
3910,Yoga Mat Premium - Variant 1824,Sports,3129,"Non-slip 6mm thick mat, eco-friendly TPE material, includes carry strap",82,4.5,https://www.amazon.in/s?k=Premium+Yoga+Mat
3911,Wireless Mouse Logitech - Variant 2269,Electronics,2784,"MX Master 3, ergonomic design, 4000 DPI, multi-device support",66,5.0,https://www.amazon.in/s?k=Logitech+MX+Master+3
3912,Sony WH-1000XM5 - Variant 4859,Electronics,26350,"Industry-leading noise cancellation, 30hr battery, multipoint connection",25,4.8,https://www.amazon.in/s?k=Sony+WH-1000XM5
3913,Wireless Mouse Logitech - Variant 8544,Electronics,3930,"MX Master 3, ergonomic design, 4000 DPI, multi-device support",71,4.7,https://www.amazon.in/s?k=Logitech+MX+Master+3
3914,Harry Potter Box Set - Variant 8908,Books,5468,"Complete 7-book hardcover collection, illustrated edition",24,5.0,https://www.amazon.in/s?k=Harry+Potter+Box+Set+Hardcover
3915,Webcam Logitech 4K - Variant 9159,Electronics,14084,"4K Ultra HD, auto-focus, built-in mic, works with Zoom and Teams",32,4.5,https://www.amazon.in/s?k=Logitech+4K+Webcam
3916,Wireless Mouse Logitech - Variant 7496,Electronics,3793,"MX Master 3, ergonomic design, 4000 DPI, multi-device support",94,4.8,https://www.amazon.in/s?k=Logitech+MX+Master+3
3917,Kindle Paperwhite - Variant 8640,Electronics,12230,"6.8-inch display, adjustable warm light, waterproof, 3 months free Kindle Unlimited",94,4.9,https://www.amazon.in/s?k=Kindle+Paperwhite+2024
3918,iPad Air 11inch - Variant 9813,Electronics,41187,"M2 chip, 11-inch Liquid Retina display, Apple Pencil Pro support, 256GB",21,4.5,https://www.amazon.in/s?k=iPad+Air+M2+11inch
3919,Harry Potter Box Set - Variant 7374,Books,7550,"Complete 7-book hardcover collection, illustrated edition",41,5.0,https://www.amazon.in/s?k=Harry+Potter+Box+Set+Hardcover
3920,Wireless Mouse Logitech - Variant 7467,Electronics,3873,"MX Master 3, ergonomic design, 4000 DPI, multi-device support",99,4.5,https://www.amazon.in/s?k=Logitech+MX+Master+3
3921,Apple AirPods Pro - Variant 2728,Electronics,23202,"Active noise cancellation, transparency mode, spatial audio, wireless charging",29,4.7,https://www.amazon.in/s?k=Apple+AirPods+Pro
3922,Vitamin C Serum - Variant 7128,Beauty,2187,"20% Vitamin C with hyaluronic acid, brightens skin, reduces dark spots",193,4.4,https://www.amazon.in/s?k=Vitamin+C+Serum+20+percent
3923,Protein Powder Whey - Variant 9896,Health,4239,"25g protein per serving, chocolate flavor, 5lb bag, no artificial colors",35,4.7,https://www.amazon.in/s?k=Whey+Protein+Powder+Chocolate
3924,Adidas Ultraboost 22 - Variant 4119,Shoes,14308,"Responsive Boost midsole, Primeknit upper, Continental rubber outsole",52,4.5,https://www.amazon.in/s?k=Adidas+Ultraboost+22
3925,Rich Dad Poor Dad - Variant 8098,Books,1002,"Robert Kiyosaki's personal finance classic, updated 25th anniversary edition",150,5.0,https://www.amazon.in/s?k=Rich+Dad+Poor+Dad+Kiyosaki
3926,Resistance Bands Set - Variant 9398,Sports,1987,"5 resistance levels, latex-free, includes door anchor and carry bag",135,4.5,https://www.amazon.in/s?k=Resistance+Bands+Set+5+levels
3927,Nike Air Max 270 - Variant 4760,Shoes,12760,"Lightweight running shoe with Air Max cushioning, great for daily use",37,4.7,https://www.amazon.in/s?k=Nike+Air+Max+270
3928,Sunglasses Polarized - Variant 4811,Accessories,2150,"UV400 protection, polarized lenses, lightweight frame, unisex design",161,3.8,https://www.amazon.in/s?k=Polarized+Sunglasses+UV400
3929,Coffee Maker Drip - Variant 3883,Kitchen,3414,"12-cup programmable coffee maker, built-in grinder, thermal carafe",81,4.4,https://www.amazon.in/s?k=Drip+Coffee+Maker
3930,Leather Wallet Slim - Variant 3671,Accessories,2415,"Genuine leather, RFID blocking, 8 card slots, minimalist design",95,4.3,https://www.amazon.in/s?k=Slim+Leather+Wallet+RFID
3931,Air Fryer Ninja 6qt - Variant 1478,Kitchen,9448,"6-quart capacity, 4-in-1 functionality, up to 75% less fat, dishwasher safe",66,5.0,https://www.amazon.in/s?k=Ninja+Air+Fryer+6qt
3932,Dumbbell Set Adjustable - Variant 7437,Sports,11406,"5-52.5 lbs per dumbbell, replaces 15 sets, fast adjust dial system",43,4.6,https://www.amazon.in/s?k=Adjustable+Dumbbell+Set
3933,Dell 27inch Monitor - Variant 9331,Electronics,29899,"IPS panel, 165Hz refresh rate, 1ms response time, USB-C, FreeSync",22,4.9,https://www.amazon.in/s?k=Dell+27+inch+165Hz+Monitor
3934,Stand Mixer KitchenAid - Variant 2848,Kitchen,28689,"5-quart bowl, 10 speeds, 59 attachments compatible, tilt-head design",14,4.7,https://www.amazon.in/s?k=KitchenAid+Stand+Mixer+5qt
3935,Samsung 4K Smart TV 55inch - Variant 2237,Electronics,65399,"Crystal UHD display, built-in Alexa, HDR10+, 3 HDMI ports",21,4.5,https://www.amazon.in/s?k=Samsung+4K+Smart+TV+55inch
3936,Harry Potter Box Set - Variant 8029,Books,6335,"Complete 7-book hardcover collection, illustrated edition",40,4.9,https://www.amazon.in/s?k=Harry+Potter+Box+Set+Hardcover
3937,Dumbbell Set Adjustable - Variant 2107,Sports,12048,"5-52.5 lbs per dumbbell, replaces 15 sets, fast adjust dial system",15,4.5,https://www.amazon.in/s?k=Adjustable+Dumbbell+Set
3938,Harry Potter Box Set - Variant 4394,Books,7417,"Complete 7-book hardcover collection, illustrated edition",48,4.8,https://www.amazon.in/s?k=Harry+Potter+Box+Set+Hardcover
3939,Sony WH-1000XM5 - Variant 3096,Electronics,28365,"Industry-leading noise cancellation, 30hr battery, multipoint connection",17,4.7,https://www.amazon.in/s?k=Sony+WH-1000XM5
3940,Resistance Bands Set - Variant 3362,Sports,1874,"5 resistance levels, latex-free, includes door anchor and carry bag",115,4.4,https://www.amazon.in/s?k=Resistance+Bands+Set+5+levels
3941,Adidas Ultraboost 22 - Variant 3230,Shoes,18190,"Responsive Boost midsole, Primeknit upper, Continental rubber outsole",80,4.7,https://www.amazon.in/s?k=Adidas+Ultraboost+22
3942,Wireless Mouse Logitech - Variant 9327,Electronics,2836,"MX Master 3, ergonomic design, 4000 DPI, multi-device support",81,4.7,https://www.amazon.in/s?k=Logitech+MX+Master+3
3943,Adidas Ultraboost 22 - Variant 9516,Shoes,13267,"Responsive Boost midsole, Primeknit upper, Continental rubber outsole",87,4.7,https://www.amazon.in/s?k=Adidas+Ultraboost+22
3944,Dumbbell Set Adjustable - Variant 1753,Sports,14517,"5-52.5 lbs per dumbbell, replaces 15 sets, fast adjust dial system",42,4.6,https://www.amazon.in/s?k=Adjustable+Dumbbell+Set
3945,Hiking Boots Merrell - Variant 8666,Shoes,10697,"Waterproof leather, Vibram outsole, air cushion heel, ankle support",23,4.6,https://www.amazon.in/s?k=Merrell+Hiking+Boots+Waterproof
3946,Converse Chuck Taylor - Variant 3409,Shoes,4768,"Classic canvas high-top, rubber sole, available in 20+ colors",279,4.5,https://www.amazon.in/s?k=Converse+Chuck+Taylor+High+Top
3947,Blender Vitamix A2500 - Variant 7975,Kitchen,30508,"Variable speed control, 3 program settings, self-cleaning, 64oz container",16,4.8,https://www.amazon.in/s?k=Vitamix+A2500+Blender
3948,Jump Rope Speed - Variant 2913,Sports,1889,"Adjustable steel cable, ball bearing handles, suitable for all fitness levels",246,4.2,https://www.amazon.in/s?k=Speed+Jump+Rope+Adjustable
3949,Atomic Habits Workbook - Variant 8051,Books,1534,Companion workbook to Atomic Habits with exercises and habit trackers,83,4.7,https://www.amazon.in/s?k=Atomic+Habits+Workbook
3950,Luggage Samsonite 28inch - Variant 7939,Accessories,15149,"Hardside spinner, TSA lock, expandable, lightweight polycarbonate shell",14,4.4,https://www.amazon.in/s?k=Samsonite+28+inch+Hardside+Luggage
3951,Hiking Boots Merrell - Variant 1638,Shoes,13699,"Waterproof leather, Vibram outsole, air cushion heel, ankle support",33,4.7,https://www.amazon.in/s?k=Merrell+Hiking+Boots+Waterproof
3952,Instant Pot Duo 7-in-1 - Variant 4464,Kitchen,7591,"Pressure cooker, slow cooker, rice cooker, steamer, saute, yogurt maker",93,4.6,https://www.amazon.in/s?k=Instant+Pot+Duo
3953,Protein Powder Whey - Variant 7277,Health,4892,"25g protein per serving, chocolate flavor, 5lb bag, no artificial colors",55,4.4,https://www.amazon.in/s?k=Whey+Protein+Powder+Chocolate
3954,Atomic Habits Workbook - Variant 8608,Books,1276,Companion workbook to Atomic Habits with exercises and habit trackers,106,4.6,https://www.amazon.in/s?k=Atomic+Habits+Workbook
3955,New Balance 990v6 - Variant 1431,Shoes,13362,"Made in USA, premium suede and mesh upper, ENCAP midsole technology",39,4.9,https://www.amazon.in/s?k=New+Balance+990v6
3956,Vitamin C Serum - Variant 9475,Beauty,2351,"20% Vitamin C with hyaluronic acid, brightens skin, reduces dark spots",121,4.2,https://www.amazon.in/s?k=Vitamin+C+Serum+20+percent
3957,Kindle Paperwhite - Variant 6673,Electronics,10282,"6.8-inch display, adjustable warm light, waterproof, 3 months free Kindle Unlimited",48,4.9,https://www.amazon.in/s?k=Kindle+Paperwhite+2024
3958,Sunscreen SPF 50 EltaMD - Variant 7480,Beauty,3069,"Broad spectrum UV protection, oil-free, dermatologist recommended, 3oz",117,5.0,https://www.amazon.in/s?k=EltaMD+Sunscreen+SPF+50
3959,Leather Wallet Slim - Variant 3879,Accessories,2215,"Genuine leather, RFID blocking, 8 card slots, minimalist design",160,4.1,https://www.amazon.in/s?k=Slim+Leather+Wallet+RFID
3960,Vitamin C Serum - Variant 8762,Beauty,1950,"20% Vitamin C with hyaluronic acid, brightens skin, reduces dark spots",140,4.2,https://www.amazon.in/s?k=Vitamin+C+Serum+20+percent
3961,Resistance Bands Set - Variant 5551,Sports,1865,"5 resistance levels, latex-free, includes door anchor and carry bag",175,4.3,https://www.amazon.in/s?k=Resistance+Bands+Set+5+levels
3962,Coffee Maker Drip - Variant 1600,Kitchen,4814,"12-cup programmable coffee maker, built-in grinder, thermal carafe",74,4.6,https://www.amazon.in/s?k=Drip+Coffee+Maker
3963,Nike Air Max 270 - Variant 8630,Shoes,8840,"Lightweight running shoe with Air Max cushioning, great for daily use",33,4.5,https://www.amazon.in/s?k=Nike+Air+Max+270
3964,Jump Rope Speed - Variant 4481,Sports,1637,"Adjustable steel cable, ball bearing handles, suitable for all fitness levels",125,4.6,https://www.amazon.in/s?k=Speed+Jump+Rope+Adjustable
3965,Jump Rope Speed - Variant 6803,Sports,1453,"Adjustable steel cable, ball bearing handles, suitable for all fitness levels",253,4.3,https://www.amazon.in/s?k=Speed+Jump+Rope+Adjustable
3966,Leather Wallet Slim - Variant 7748,Accessories,2201,"Genuine leather, RFID blocking, 8 card slots, minimalist design",167,4.6,https://www.amazon.in/s?k=Slim+Leather+Wallet+RFID
3967,Levi's Denim Jacket - Variant 3373,Clothing,8690,"Classic trucker jacket, 100% cotton denim, multiple color options",83,4.6,https://www.amazon.in/s?k=Levis+Denim+Jacket+Trucker
3968,Resistance Bands Set - Variant 8321,Sports,1824,"5 resistance levels, latex-free, includes door anchor and carry bag",71,4.3,https://www.amazon.in/s?k=Resistance+Bands+Set+5+levels
3969,iPad Air 11inch - Variant 1372,Electronics,50262,"M2 chip, 11-inch Liquid Retina display, Apple Pencil Pro support, 256GB",18,4.9,https://www.amazon.in/s?k=iPad+Air+M2+11inch
3970,Jump Rope Speed - Variant 3329,Sports,1735,"Adjustable steel cable, ball bearing handles, suitable for all fitness levels",236,4.6,https://www.amazon.in/s?k=Speed+Jump+Rope+Adjustable
3971,Backpack Osprey 40L - Variant 5098,Accessories,11284,"40L travel pack, TSA-friendly, laptop sleeve, rain cover included",25,5.0,https://www.amazon.in/s?k=Osprey+40L+Backpack
3972,Vitamin C Serum - Variant 3540,Beauty,1782,"20% Vitamin C with hyaluronic acid, brightens skin, reduces dark spots",221,4.4,https://www.amazon.in/s?k=Vitamin+C+Serum+20+percent
3973,Jump Rope Speed - Variant 1394,Sports,1705,"Adjustable steel cable, ball bearing handles, suitable for all fitness levels",169,4.2,https://www.amazon.in/s?k=Speed+Jump+Rope+Adjustable
3974,Dumbbell Set Adjustable - Variant 3965,Sports,10965,"5-52.5 lbs per dumbbell, replaces 15 sets, fast adjust dial system",17,4.6,https://www.amazon.in/s?k=Adjustable+Dumbbell+Set
3975,Multivitamin Men's - Variant 5407,Health,2171,"23 essential vitamins and minerals, once daily, 90 tablets, no artificial colors",123,4.4,https://www.amazon.in/s?k=Mens+Multivitamin+Daily
3976,Face Wash CeraVe - Variant 5878,Beauty,1288,"Hydrating cleanser with ceramides and hyaluronic acid, 16oz, all skin types",302,4.7,https://www.amazon.in/s?k=CeraVe+Hydrating+Face+Wash
3977,Blender Vitamix A2500 - Variant 4601,Kitchen,38348,"Variable speed control, 3 program settings, self-cleaning, 64oz container",21,4.9,https://www.amazon.in/s?k=Vitamix+A2500+Blender
3978,Levi's 501 Jeans - Variant 5235,Clothing,5822,"Classic straight fit jeans, durable denim, available in multiple washes",115,4.0,https://www.amazon.in/s?k=Levis+501+Jeans
3979,Multivitamin Men's - Variant 1908,Health,1846,"23 essential vitamins and minerals, once daily, 90 tablets, no artificial colors",106,4.6,https://www.amazon.in/s?k=Mens+Multivitamin+Daily
3980,Nike Air Max 270 - Variant 3078,Shoes,11479,"Lightweight running shoe with Air Max cushioning, great for daily use",33,4.5,https://www.amazon.in/s?k=Nike+Air+Max+270
3981,Multivitamin Men's - Variant 5738,Health,1974,"23 essential vitamins and minerals, once daily, 90 tablets, no artificial colors",181,4.7,https://www.amazon.in/s?k=Mens+Multivitamin+Daily
3982,Resistance Bands Set - Variant 6457,Sports,1909,"5 resistance levels, latex-free, includes door anchor and carry bag",74,4.6,https://www.amazon.in/s?k=Resistance+Bands+Set+5+levels
3983,Hiking Boots Merrell - Variant 3021,Shoes,11317,"Waterproof leather, Vibram outsole, air cushion heel, ankle support",57,4.9,https://www.amazon.in/s?k=Merrell+Hiking+Boots+Waterproof
3984,Sunscreen SPF 50 EltaMD - Variant 7044,Beauty,3843,"Broad spectrum UV protection, oil-free, dermatologist recommended, 3oz",73,4.6,https://www.amazon.in/s?k=EltaMD+Sunscreen+SPF+50
3985,Retinol Night Cream - Variant 7271,Beauty,3125,"0.5% retinol with peptides, reduces fine lines, fragrance-free, 50ml",47,4.4,https://www.amazon.in/s?k=Retinol+Night+Cream+0.5+percent
3986,Backpack Osprey 40L - Variant 7930,Accessories,13786,"40L travel pack, TSA-friendly, laptop sleeve, rain cover included",59,4.8,https://www.amazon.in/s?k=Osprey+40L+Backpack
3987,Omega-3 Fish Oil - Variant 4219,Health,1794,"1200mg EPA+DHA per serving, enteric coated, 90 softgels, no fishy aftertaste",244,4.9,https://www.amazon.in/s?k=Omega+3+Fish+Oil+1200mg
3988,Running Shorts Nike - Variant 7489,Clothing,2383,"Dri-FIT fabric, 7-inch inseam, built-in brief, reflective details",95,4.3,https://www.amazon.in/s?k=Nike+Running+Shorts+DriFIT
3989,Running Shorts Nike - Variant 8246,Clothing,2563,"Dri-FIT fabric, 7-inch inseam, built-in brief, reflective details",146,4.5,https://www.amazon.in/s?k=Nike+Running+Shorts+DriFIT
3990,Webcam Logitech 4K - Variant 3299,Electronics,13379,"4K Ultra HD, auto-focus, built-in mic, works with Zoom and Teams",54,4.3,https://www.amazon.in/s?k=Logitech+4K+Webcam
3991,Apple AirPods Pro - Variant 9408,Electronics,23938,"Active noise cancellation, transparency mode, spatial audio, wireless charging",20,4.6,https://www.amazon.in/s?k=Apple+AirPods+Pro
3992,Backpack Osprey 40L - Variant 5189,Accessories,10977,"40L travel pack, TSA-friendly, laptop sleeve, rain cover included",21,4.8,https://www.amazon.in/s?k=Osprey+40L+Backpack
3993,Air Fryer Ninja 6qt - Variant 3462,Kitchen,8516,"6-quart capacity, 4-in-1 functionality, up to 75% less fat, dishwasher safe",46,4.7,https://www.amazon.in/s?k=Ninja+Air+Fryer+6qt
3994,Resistance Bands Set - Variant 6733,Sports,2029,"5 resistance levels, latex-free, includes door anchor and carry bag",188,4.3,https://www.amazon.in/s?k=Resistance+Bands+Set+5+levels
3995,Sony WH-1000XM5 - Variant 9461,Electronics,28623,"Industry-leading noise cancellation, 30hr battery, multipoint connection",26,4.7,https://www.amazon.in/s?k=Sony+WH-1000XM5
3996,Jump Rope Speed - Variant 9298,Sports,1828,"Adjustable steel cable, ball bearing handles, suitable for all fitness levels",154,4.2,https://www.amazon.in/s?k=Speed+Jump+Rope+Adjustable
3997,Sunglasses Polarized - Variant 2669,Accessories,2373,"UV400 protection, polarized lenses, lightweight frame, unisex design",101,4.0,https://www.amazon.in/s?k=Polarized+Sunglasses+UV400
3998,Resistance Bands Set - Variant 4149,Sports,2044,"5 resistance levels, latex-free, includes door anchor and carry bag",142,4.7,https://www.amazon.in/s?k=Resistance+Bands+Set+5+levels
3999,Air Fryer Ninja 6qt - Variant 5573,Kitchen,9945,"6-quart capacity, 4-in-1 functionality, up to 75% less fat, dishwasher safe",68,4.5,https://www.amazon.in/s?k=Ninja+Air+Fryer+6qt
4000,Adidas Ultraboost 22 - Variant 4758,Shoes,18925,"Responsive Boost midsole, Primeknit upper, Continental rubber outsole",69,4.8,https://www.amazon.in/s?k=Adidas+Ultraboost+22
4001,Luggage Samsonite 28inch - Variant 5632,Accessories,14770,"Hardside spinner, TSA lock, expandable, lightweight polycarbonate shell",22,4.9,https://www.amazon.in/s?k=Samsonite+28+inch+Hardside+Luggage
4002,Hoodie Champion Reverse Weave - Variant 5112,Clothing,4619,"Heavyweight fleece, reverse weave construction, kangaroo pocket",122,4.9,https://www.amazon.in/s?k=Champion+Reverse+Weave+Hoodie
4003,Sunscreen SPF 50 EltaMD - Variant 4417,Beauty,3719,"Broad spectrum UV protection, oil-free, dermatologist recommended, 3oz",91,5.0,https://www.amazon.in/s?k=EltaMD+Sunscreen+SPF+50
4004,Resistance Bands Set - Variant 5416,Sports,2106,"5 resistance levels, latex-free, includes door anchor and carry bag",174,4.6,https://www.amazon.in/s?k=Resistance+Bands+Set+5+levels
4005,Levi's Denim Jacket - Variant 7210,Clothing,6600,"Classic trucker jacket, 100% cotton denim, multiple color options",71,4.3,https://www.amazon.in/s?k=Levis+Denim+Jacket+Trucker
4006,Apple AirPods Pro - Variant 2695,Electronics,17906,"Active noise cancellation, transparency mode, spatial audio, wireless charging",20,4.8,https://www.amazon.in/s?k=Apple+AirPods+Pro
4007,Multivitamin Men's - Variant 2440,Health,2507,"23 essential vitamins and minerals, once daily, 90 tablets, no artificial colors",135,4.7,https://www.amazon.in/s?k=Mens+Multivitamin+Daily
4008,Nike Air Max 270 - Variant 8847,Shoes,9316,"Lightweight running shoe with Air Max cushioning, great for daily use",56,4.3,https://www.amazon.in/s?k=Nike+Air+Max+270
4009,Face Wash CeraVe - Variant 8891,Beauty,1387,"Hydrating cleanser with ceramides and hyaluronic acid, 16oz, all skin types",309,4.7,https://www.amazon.in/s?k=CeraVe+Hydrating+Face+Wash
4010,Hiking Boots Merrell - Variant 9302,Shoes,13471,"Waterproof leather, Vibram outsole, air cushion heel, ankle support",30,4.5,https://www.amazon.in/s?k=Merrell+Hiking+Boots+Waterproof
4011,Levi's Denim Jacket - Variant 6508,Clothing,6111,"Classic trucker jacket, 100% cotton denim, multiple color options",53,4.2,https://www.amazon.in/s?k=Levis+Denim+Jacket+Trucker
4012,Stand Mixer KitchenAid - Variant 1615,Kitchen,36524,"5-quart bowl, 10 speeds, 59 attachments compatible, tilt-head design",11,4.6,https://www.amazon.in/s?k=KitchenAid+Stand+Mixer+5qt
4013,Coffee Maker Drip - Variant 2776,Kitchen,4250,"12-cup programmable coffee maker, built-in grinder, thermal carafe",43,4.0,https://www.amazon.in/s?k=Drip+Coffee+Maker
4014,Sony WH-1000XM5 - Variant 7113,Electronics,24773,"Industry-leading noise cancellation, 30hr battery, multipoint connection",33,4.8,https://www.amazon.in/s?k=Sony+WH-1000XM5
4015,Instant Pot Duo 7-in-1 - Variant 4722,Kitchen,8826,"Pressure cooker, slow cooker, rice cooker, steamer, saute, yogurt maker",45,4.6,https://www.amazon.in/s?k=Instant+Pot+Duo
4016,Dell 27inch Monitor - Variant 9168,Electronics,23533,"IPS panel, 165Hz refresh rate, 1ms response time, USB-C, FreeSync",16,4.8,https://www.amazon.in/s?k=Dell+27+inch+165Hz+Monitor
4017,Multivitamin Men's - Variant 7085,Health,1708,"23 essential vitamins and minerals, once daily, 90 tablets, no artificial colors",90,4.5,https://www.amazon.in/s?k=Mens+Multivitamin+Daily
4018,Levi's 501 Jeans - Variant 2243,Clothing,4867,"Classic straight fit jeans, durable denim, available in multiple washes",159,4.4,https://www.amazon.in/s?k=Levis+501+Jeans
4019,Leather Wallet Slim - Variant 3022,Accessories,2462,"Genuine leather, RFID blocking, 8 card slots, minimalist design",207,4.2,https://www.amazon.in/s?k=Slim+Leather+Wallet+RFID
4020,Atomic Habits Book - Variant 8336,Books,1813,James Clear's guide to building good habits and breaking bad ones,385,4.7,https://www.amazon.in/s?k=Atomic+Habits+James+Clear
4021,Atomic Habits Book - Variant 4390,Books,1599,James Clear's guide to building good habits and breaking bad ones,314,5.0,https://www.amazon.in/s?k=Atomic+Habits+James+Clear
4022,Instant Pot Duo 7-in-1 - Variant 1280,Kitchen,7055,"Pressure cooker, slow cooker, rice cooker, steamer, saute, yogurt maker",97,4.7,https://www.amazon.in/s?k=Instant+Pot+Duo
4023,The Alchemist Book - Variant 6668,Books,1393,Paulo Coelho's masterpiece about following your dreams and personal legend,277,4.8,https://www.amazon.in/s?k=The+Alchemist+Paulo+Coelho
4024,Air Fryer Ninja 6qt - Variant 1527,Kitchen,8683,"6-quart capacity, 4-in-1 functionality, up to 75% less fat, dishwasher safe",62,4.7,https://www.amazon.in/s?k=Ninja+Air+Fryer+6qt
4025,Omega-3 Fish Oil - Variant 5500,Health,1519,"1200mg EPA+DHA per serving, enteric coated, 90 softgels, no fishy aftertaste",246,4.6,https://www.amazon.in/s?k=Omega+3+Fish+Oil+1200mg
4026,Multivitamin Men's - Variant 4793,Health,1716,"23 essential vitamins and minerals, once daily, 90 tablets, no artificial colors",147,4.7,https://www.amazon.in/s?k=Mens+Multivitamin+Daily
4027,Air Fryer Ninja 6qt - Variant 7917,Kitchen,8559,"6-quart capacity, 4-in-1 functionality, up to 75% less fat, dishwasher safe",61,4.6,https://www.amazon.in/s?k=Ninja+Air+Fryer+6qt
4028,Instant Pot Duo 7-in-1 - Variant 6113,Kitchen,7588,"Pressure cooker, slow cooker, rice cooker, steamer, saute, yogurt maker",42,4.7,https://www.amazon.in/s?k=Instant+Pot+Duo
4029,Levi's Denim Jacket - Variant 4691,Clothing,8323,"Classic trucker jacket, 100% cotton denim, multiple color options",63,4.6,https://www.amazon.in/s?k=Levis+Denim+Jacket+Trucker
4030,Linen Shirt Uniqlo - Variant 1095,Clothing,3035,"100% linen, breathable summer fabric, relaxed fit, 8 color options",85,4.4,https://www.amazon.in/s?k=Linen+Shirt+Men+Uniqlo
4031,Levi's Denim Jacket - Variant 4600,Clothing,8729,"Classic trucker jacket, 100% cotton denim, multiple color options",108,4.7,https://www.amazon.in/s?k=Levis+Denim+Jacket+Trucker
4032,iPad Air 11inch - Variant 2382,Electronics,41238,"M2 chip, 11-inch Liquid Retina display, Apple Pencil Pro support, 256GB",20,5.0,https://www.amazon.in/s?k=iPad+Air+M2+11inch
4033,Nike Air Max 270 - Variant 5807,Shoes,10827,"Lightweight running shoe with Air Max cushioning, great for daily use",64,4.3,https://www.amazon.in/s?k=Nike+Air+Max+270
4034,Mechanical Keyboard RGB - Variant 5646,Electronics,7634,"TKL layout, Cherry MX switches, per-key RGB lighting, USB-C",20,4.6,https://www.amazon.in/s?k=Mechanical+Keyboard+RGB
4035,Sunscreen SPF 50 EltaMD - Variant 2494,Beauty,3020,"Broad spectrum UV protection, oil-free, dermatologist recommended, 3oz",60,4.8,https://www.amazon.in/s?k=EltaMD+Sunscreen+SPF+50
4036,Dumbbell Set Adjustable - Variant 2886,Sports,11583,"5-52.5 lbs per dumbbell, replaces 15 sets, fast adjust dial system",36,4.8,https://www.amazon.in/s?k=Adjustable+Dumbbell+Set
4037,Air Fryer Ninja 6qt - Variant 6209,Kitchen,8840,"6-quart capacity, 4-in-1 functionality, up to 75% less fat, dishwasher safe",73,4.9,https://www.amazon.in/s?k=Ninja+Air+Fryer+6qt
4038,Apple AirPods Pro - Variant 1551,Electronics,18273,"Active noise cancellation, transparency mode, spatial audio, wireless charging",33,4.8,https://www.amazon.in/s?k=Apple+AirPods+Pro
4039,Linen Shirt Uniqlo - Variant 4279,Clothing,2710,"100% linen, breathable summer fabric, relaxed fit, 8 color options",146,4.3,https://www.amazon.in/s?k=Linen+Shirt+Men+Uniqlo
4040,Levi's 501 Jeans - Variant 2942,Clothing,5601,"Classic straight fit jeans, durable denim, available in multiple washes",78,4.4,https://www.amazon.in/s?k=Levis+501+Jeans
4041,Multivitamin Men's - Variant 4550,Health,2087,"23 essential vitamins and minerals, once daily, 90 tablets, no artificial colors",147,4.2,https://www.amazon.in/s?k=Mens+Multivitamin+Daily
4042,Dell 27inch Monitor - Variant 2295,Electronics,25264,"IPS panel, 165Hz refresh rate, 1ms response time, USB-C, FreeSync",17,4.7,https://www.amazon.in/s?k=Dell+27+inch+165Hz+Monitor
4043,Protein Powder Whey - Variant 4603,Health,4991,"25g protein per serving, chocolate flavor, 5lb bag, no artificial colors",64,4.3,https://www.amazon.in/s?k=Whey+Protein+Powder+Chocolate
4044,Instant Pot Duo 7-in-1 - Variant 2821,Kitchen,8120,"Pressure cooker, slow cooker, rice cooker, steamer, saute, yogurt maker",46,4.7,https://www.amazon.in/s?k=Instant+Pot+Duo
4045,Converse Chuck Taylor - Variant 5236,Shoes,4703,"Classic canvas high-top, rubber sole, available in 20+ colors",277,4.6,https://www.amazon.in/s?k=Converse+Chuck+Taylor+High+Top
4046,Stand Mixer KitchenAid - Variant 3297,Kitchen,26582,"5-quart bowl, 10 speeds, 59 attachments compatible, tilt-head design",11,4.8,https://www.amazon.in/s?k=KitchenAid+Stand+Mixer+5qt
4047,Apple AirPods Pro - Variant 7265,Electronics,24254,"Active noise cancellation, transparency mode, spatial audio, wireless charging",40,4.8,https://www.amazon.in/s?k=Apple+AirPods+Pro
4048,Omega-3 Fish Oil - Variant 4910,Health,1824,"1200mg EPA+DHA per serving, enteric coated, 90 softgels, no fishy aftertaste",247,4.7,https://www.amazon.in/s?k=Omega+3+Fish+Oil+1200mg
4049,Leather Wallet Slim - Variant 6314,Accessories,2026,"Genuine leather, RFID blocking, 8 card slots, minimalist design",156,4.4,https://www.amazon.in/s?k=Slim+Leather+Wallet+RFID
4050,Dumbbell Set Adjustable - Variant 5263,Sports,10854,"5-52.5 lbs per dumbbell, replaces 15 sets, fast adjust dial system",24,5.0,https://www.amazon.in/s?k=Adjustable+Dumbbell+Set
4051,Resistance Bands Set - Variant 7120,Sports,1781,"5 resistance levels, latex-free, includes door anchor and carry bag",153,4.5,https://www.amazon.in/s?k=Resistance+Bands+Set+5+levels
4052,Levi's Denim Jacket - Variant 3716,Clothing,8291,"Classic trucker jacket, 100% cotton denim, multiple color options",41,4.3,https://www.amazon.in/s?k=Levis+Denim+Jacket+Trucker
4053,Wireless Mouse Logitech - Variant 9630,Electronics,3255,"MX Master 3, ergonomic design, 4000 DPI, multi-device support",65,4.9,https://www.amazon.in/s?k=Logitech+MX+Master+3
4054,Coffee Maker Drip - Variant 3931,Kitchen,3827,"12-cup programmable coffee maker, built-in grinder, thermal carafe",36,4.0,https://www.amazon.in/s?k=Drip+Coffee+Maker
4055,Hiking Boots Merrell - Variant 9847,Shoes,9902,"Waterproof leather, Vibram outsole, air cushion heel, ankle support",36,4.4,https://www.amazon.in/s?k=Merrell+Hiking+Boots+Waterproof
4056,Resistance Bands Set - Variant 3137,Sports,2069,"5 resistance levels, latex-free, includes door anchor and carry bag",115,4.7,https://www.amazon.in/s?k=Resistance+Bands+Set+5+levels
4057,Samsung 4K Smart TV 55inch - Variant 7626,Electronics,69161,"Crystal UHD display, built-in Alexa, HDR10+, 3 HDMI ports",16,4.5,https://www.amazon.in/s?k=Samsung+4K+Smart+TV+55inch
4058,Multivitamin Men's - Variant 2441,Health,1904,"23 essential vitamins and minerals, once daily, 90 tablets, no artificial colors",91,4.7,https://www.amazon.in/s?k=Mens+Multivitamin+Daily
4059,Kindle Paperwhite - Variant 8598,Electronics,12979,"6.8-inch display, adjustable warm light, waterproof, 3 months free Kindle Unlimited",38,4.5,https://www.amazon.in/s?k=Kindle+Paperwhite+2024
4060,Wireless Mouse Logitech - Variant 4948,Electronics,2914,"MX Master 3, ergonomic design, 4000 DPI, multi-device support",81,4.8,https://www.amazon.in/s?k=Logitech+MX+Master+3
4061,Air Fryer Ninja 6qt - Variant 2604,Kitchen,8033,"6-quart capacity, 4-in-1 functionality, up to 75% less fat, dishwasher safe",70,4.8,https://www.amazon.in/s?k=Ninja+Air+Fryer+6qt
4062,Blender Vitamix A2500 - Variant 4933,Kitchen,43998,"Variable speed control, 3 program settings, self-cleaning, 64oz container",11,4.6,https://www.amazon.in/s?k=Vitamix+A2500+Blender
4063,The Alchemist Book - Variant 4895,Books,1456,Paulo Coelho's masterpiece about following your dreams and personal legend,269,4.9,https://www.amazon.in/s?k=The+Alchemist+Paulo+Coelho
4064,Rich Dad Poor Dad - Variant 7448,Books,1075,"Robert Kiyosaki's personal finance classic, updated 25th anniversary edition",350,4.6,https://www.amazon.in/s?k=Rich+Dad+Poor+Dad+Kiyosaki
4065,Apple AirPods Pro - Variant 3225,Electronics,21377,"Active noise cancellation, transparency mode, spatial audio, wireless charging",21,4.7,https://www.amazon.in/s?k=Apple+AirPods+Pro
4066,Jump Rope Speed - Variant 1016,Sports,1338,"Adjustable steel cable, ball bearing handles, suitable for all fitness levels",163,4.6,https://www.amazon.in/s?k=Speed+Jump+Rope+Adjustable
4067,Dumbbell Set Adjustable - Variant 5626,Sports,14777,"5-52.5 lbs per dumbbell, replaces 15 sets, fast adjust dial system",44,4.9,https://www.amazon.in/s?k=Adjustable+Dumbbell+Set
4068,Nike Air Max 270 - Variant 7279,Shoes,11523,"Lightweight running shoe with Air Max cushioning, great for daily use",26,4.3,https://www.amazon.in/s?k=Nike+Air+Max+270
4069,Running Shorts Nike - Variant 2100,Clothing,2996,"Dri-FIT fabric, 7-inch inseam, built-in brief, reflective details",87,4.2,https://www.amazon.in/s?k=Nike+Running+Shorts+DriFIT
4070,Nike Air Max 270 - Variant 6142,Shoes,9035,"Lightweight running shoe with Air Max cushioning, great for daily use",42,4.4,https://www.amazon.in/s?k=Nike+Air+Max+270
4071,Hiking Boots Merrell - Variant 7382,Shoes,13251,"Waterproof leather, Vibram outsole, air cushion heel, ankle support",27,4.4,https://www.amazon.in/s?k=Merrell+Hiking+Boots+Waterproof
4072,Linen Shirt Uniqlo - Variant 2646,Clothing,3215,"100% linen, breathable summer fabric, relaxed fit, 8 color options",166,4.3,https://www.amazon.in/s?k=Linen+Shirt+Men+Uniqlo
4073,Luggage Samsonite 28inch - Variant 5233,Accessories,17762,"Hardside spinner, TSA lock, expandable, lightweight polycarbonate shell",31,4.6,https://www.amazon.in/s?k=Samsonite+28+inch+Hardside+Luggage
4074,The Alchemist Book - Variant 9399,Books,1118,Paulo Coelho's masterpiece about following your dreams and personal legend,170,4.6,https://www.amazon.in/s?k=The+Alchemist+Paulo+Coelho
4075,Retinol Night Cream - Variant 9856,Beauty,2783,"0.5% retinol with peptides, reduces fine lines, fragrance-free, 50ml",51,4.2,https://www.amazon.in/s?k=Retinol+Night+Cream+0.5+percent
4076,Nike Air Max 270 - Variant 6834,Shoes,9913,"Lightweight running shoe with Air Max cushioning, great for daily use",64,4.6,https://www.amazon.in/s?k=Nike+Air+Max+270
4077,Linen Shirt Uniqlo - Variant 1397,Clothing,2664,"100% linen, breathable summer fabric, relaxed fit, 8 color options",142,4.0,https://www.amazon.in/s?k=Linen+Shirt+Men+Uniqlo
4078,Jump Rope Speed - Variant 7986,Sports,1284,"Adjustable steel cable, ball bearing handles, suitable for all fitness levels",204,4.5,https://www.amazon.in/s?k=Speed+Jump+Rope+Adjustable
4079,Linen Shirt Uniqlo - Variant 6924,Clothing,3498,"100% linen, breathable summer fabric, relaxed fit, 8 color options",147,4.3,https://www.amazon.in/s?k=Linen+Shirt+Men+Uniqlo
4080,Protein Powder Whey - Variant 2220,Health,4925,"25g protein per serving, chocolate flavor, 5lb bag, no artificial colors",26,4.2,https://www.amazon.in/s?k=Whey+Protein+Powder+Chocolate
4081,Linen Shirt Uniqlo - Variant 6251,Clothing,3519,"100% linen, breathable summer fabric, relaxed fit, 8 color options",82,4.0,https://www.amazon.in/s?k=Linen+Shirt+Men+Uniqlo
4082,Sunglasses Polarized - Variant 1397,Accessories,2342,"UV400 protection, polarized lenses, lightweight frame, unisex design",55,4.4,https://www.amazon.in/s?k=Polarized+Sunglasses+UV400
4083,Vitamin C Serum - Variant 6232,Beauty,2383,"20% Vitamin C with hyaluronic acid, brightens skin, reduces dark spots",79,4.0,https://www.amazon.in/s?k=Vitamin+C+Serum+20+percent
4084,Mechanical Keyboard RGB - Variant 9479,Electronics,7555,"TKL layout, Cherry MX switches, per-key RGB lighting, USB-C",29,4.6,https://www.amazon.in/s?k=Mechanical+Keyboard+RGB
4085,Adidas Ultraboost 22 - Variant 6842,Shoes,13235,"Responsive Boost midsole, Primeknit upper, Continental rubber outsole",33,4.6,https://www.amazon.in/s?k=Adidas+Ultraboost+22
4086,Running Shorts Nike - Variant 9167,Clothing,3105,"Dri-FIT fabric, 7-inch inseam, built-in brief, reflective details",133,4.5,https://www.amazon.in/s?k=Nike+Running+Shorts+DriFIT
4087,Instant Pot Duo 7-in-1 - Variant 7020,Kitchen,8713,"Pressure cooker, slow cooker, rice cooker, steamer, saute, yogurt maker",101,4.5,https://www.amazon.in/s?k=Instant+Pot+Duo
4088,Vitamin C Serum - Variant 2337,Beauty,2404,"20% Vitamin C with hyaluronic acid, brightens skin, reduces dark spots",117,4.4,https://www.amazon.in/s?k=Vitamin+C+Serum+20+percent
4089,Hoodie Champion Reverse Weave - Variant 9132,Clothing,4970,"Heavyweight fleece, reverse weave construction, kangaroo pocket",48,4.7,https://www.amazon.in/s?k=Champion+Reverse+Weave+Hoodie
4090,Backpack Osprey 40L - Variant 6288,Accessories,12198,"40L travel pack, TSA-friendly, laptop sleeve, rain cover included",48,4.7,https://www.amazon.in/s?k=Osprey+40L+Backpack
4091,Blender Vitamix A2500 - Variant 5945,Kitchen,40908,"Variable speed control, 3 program settings, self-cleaning, 64oz container",13,4.9,https://www.amazon.in/s?k=Vitamix+A2500+Blender
4092,Creatine Monohydrate - Variant 8981,Health,2805,"Micronized creatine, 5g per serving, unflavored, 60 servings, lab tested",145,4.7,https://www.amazon.in/s?k=Creatine+Monohydrate+Micronized
4093,Atomic Habits Workbook - Variant 1881,Books,1457,Companion workbook to Atomic Habits with exercises and habit trackers,147,4.2,https://www.amazon.in/s?k=Atomic+Habits+Workbook
4094,Harry Potter Box Set - Variant 2848,Books,6696,"Complete 7-book hardcover collection, illustrated edition",31,5.0,https://www.amazon.in/s?k=Harry+Potter+Box+Set+Hardcover
4095,Linen Shirt Uniqlo - Variant 8522,Clothing,3125,"100% linen, breathable summer fabric, relaxed fit, 8 color options",162,4.5,https://www.amazon.in/s?k=Linen+Shirt+Men+Uniqlo
4096,New Balance 990v6 - Variant 4900,Shoes,13084,"Made in USA, premium suede and mesh upper, ENCAP midsole technology",38,4.5,https://www.amazon.in/s?k=New+Balance+990v6
4097,Instant Pot Duo 7-in-1 - Variant 7657,Kitchen,8973,"Pressure cooker, slow cooker, rice cooker, steamer, saute, yogurt maker",93,4.7,https://www.amazon.in/s?k=Instant+Pot+Duo
4098,Stand Mixer KitchenAid - Variant 2965,Kitchen,34054,"5-quart bowl, 10 speeds, 59 attachments compatible, tilt-head design",12,4.7,https://www.amazon.in/s?k=KitchenAid+Stand+Mixer+5qt
4099,Sunscreen SPF 50 EltaMD - Variant 5453,Beauty,3927,"Broad spectrum UV protection, oil-free, dermatologist recommended, 3oz",72,5.0,https://www.amazon.in/s?k=EltaMD+Sunscreen+SPF+50
4100,Atomic Habits Book - Variant 4478,Books,1604,James Clear's guide to building good habits and breaking bad ones,427,5.0,https://www.amazon.in/s?k=Atomic+Habits+James+Clear
4101,Air Fryer Ninja 6qt - Variant 7084,Kitchen,9717,"6-quart capacity, 4-in-1 functionality, up to 75% less fat, dishwasher safe",53,4.4,https://www.amazon.in/s?k=Ninja+Air+Fryer+6qt
4102,Luggage Samsonite 28inch - Variant 4886,Accessories,16478,"Hardside spinner, TSA lock, expandable, lightweight polycarbonate shell",31,4.6,https://www.amazon.in/s?k=Samsonite+28+inch+Hardside+Luggage
4103,Vitamin C Serum - Variant 9579,Beauty,2070,"20% Vitamin C with hyaluronic acid, brightens skin, reduces dark spots",126,4.2,https://www.amazon.in/s?k=Vitamin+C+Serum+20+percent
4104,Levi's 501 Jeans - Variant 6552,Clothing,5622,"Classic straight fit jeans, durable denim, available in multiple washes",74,4.5,https://www.amazon.in/s?k=Levis+501+Jeans
4105,Wireless Mouse Logitech - Variant 7489,Electronics,3588,"MX Master 3, ergonomic design, 4000 DPI, multi-device support",75,4.9,https://www.amazon.in/s?k=Logitech+MX+Master+3
4106,Sony WH-1000XM5 - Variant 1545,Electronics,25095,"Industry-leading noise cancellation, 30hr battery, multipoint connection",28,4.6,https://www.amazon.in/s?k=Sony+WH-1000XM5
4107,Mechanical Keyboard RGB - Variant 2065,Electronics,7618,"TKL layout, Cherry MX switches, per-key RGB lighting, USB-C",49,4.6,https://www.amazon.in/s?k=Mechanical+Keyboard+RGB
4108,Sony WH-1000XM5 - Variant 4045,Electronics,27822,"Industry-leading noise cancellation, 30hr battery, multipoint connection",33,5.0,https://www.amazon.in/s?k=Sony+WH-1000XM5
4109,Rich Dad Poor Dad - Variant 8995,Books,1257,"Robert Kiyosaki's personal finance classic, updated 25th anniversary edition",224,4.9,https://www.amazon.in/s?k=Rich+Dad+Poor+Dad+Kiyosaki
4110,Sony WH-1000XM5 - Variant 8110,Electronics,29776,"Industry-leading noise cancellation, 30hr battery, multipoint connection",17,4.8,https://www.amazon.in/s?k=Sony+WH-1000XM5
4111,Webcam Logitech 4K - Variant 7453,Electronics,10219,"4K Ultra HD, auto-focus, built-in mic, works with Zoom and Teams",44,4.4,https://www.amazon.in/s?k=Logitech+4K+Webcam
4112,Sunscreen SPF 50 EltaMD - Variant 8970,Beauty,3224,"Broad spectrum UV protection, oil-free, dermatologist recommended, 3oz",119,4.5,https://www.amazon.in/s?k=EltaMD+Sunscreen+SPF+50
4113,Samsung 4K Smart TV 55inch - Variant 2164,Electronics,48017,"Crystal UHD display, built-in Alexa, HDR10+, 3 HDMI ports",21,4.6,https://www.amazon.in/s?k=Samsung+4K+Smart+TV+55inch
4114,The Alchemist Book - Variant 9997,Books,1334,Paulo Coelho's masterpiece about following your dreams and personal legend,225,4.7,https://www.amazon.in/s?k=The+Alchemist+Paulo+Coelho
4115,Sony WH-1000XM5 - Variant 4390,Electronics,33100,"Industry-leading noise cancellation, 30hr battery, multipoint connection",34,4.8,https://www.amazon.in/s?k=Sony+WH-1000XM5
4116,Atomic Habits Book - Variant 2196,Books,1421,James Clear's guide to building good habits and breaking bad ones,373,4.7,https://www.amazon.in/s?k=Atomic+Habits+James+Clear
4117,Creatine Monohydrate - Variant 1550,Health,2291,"Micronized creatine, 5g per serving, unflavored, 60 servings, lab tested",101,4.8,https://www.amazon.in/s?k=Creatine+Monohydrate+Micronized
4118,Luggage Samsonite 28inch - Variant 3151,Accessories,14507,"Hardside spinner, TSA lock, expandable, lightweight polycarbonate shell",17,4.9,https://www.amazon.in/s?k=Samsonite+28+inch+Hardside+Luggage
4119,Running Shorts Nike - Variant 4688,Clothing,2664,"Dri-FIT fabric, 7-inch inseam, built-in brief, reflective details",139,4.3,https://www.amazon.in/s?k=Nike+Running+Shorts+DriFIT
4120,Sony WH-1000XM5 - Variant 4122,Electronics,24194,"Industry-leading noise cancellation, 30hr battery, multipoint connection",28,4.7,https://www.amazon.in/s?k=Sony+WH-1000XM5
4121,Hiking Boots Merrell - Variant 5340,Shoes,13953,"Waterproof leather, Vibram outsole, air cushion heel, ankle support",62,5.0,https://www.amazon.in/s?k=Merrell+Hiking+Boots+Waterproof
4122,Hiking Boots Merrell - Variant 9634,Shoes,12989,"Waterproof leather, Vibram outsole, air cushion heel, ankle support",26,4.9,https://www.amazon.in/s?k=Merrell+Hiking+Boots+Waterproof
4123,Sunglasses Polarized - Variant 5036,Accessories,2507,"UV400 protection, polarized lenses, lightweight frame, unisex design",148,4.2,https://www.amazon.in/s?k=Polarized+Sunglasses+UV400
4124,Dumbbell Set Adjustable - Variant 5159,Sports,14616,"5-52.5 lbs per dumbbell, replaces 15 sets, fast adjust dial system",28,4.8,https://www.amazon.in/s?k=Adjustable+Dumbbell+Set
4125,The Alchemist Book - Variant 4290,Books,1104,Paulo Coelho's masterpiece about following your dreams and personal legend,111,5.0,https://www.amazon.in/s?k=The+Alchemist+Paulo+Coelho
4126,Jump Rope Speed - Variant 5985,Sports,1299,"Adjustable steel cable, ball bearing handles, suitable for all fitness levels",155,4.1,https://www.amazon.in/s?k=Speed+Jump+Rope+Adjustable
4127,Kindle Paperwhite - Variant 9240,Electronics,13405,"6.8-inch display, adjustable warm light, waterproof, 3 months free Kindle Unlimited",97,4.5,https://www.amazon.in/s?k=Kindle+Paperwhite+2024
4128,Levi's Denim Jacket - Variant 2176,Clothing,7535,"Classic trucker jacket, 100% cotton denim, multiple color options",100,4.5,https://www.amazon.in/s?k=Levis+Denim+Jacket+Trucker
4129,Vitamin C Serum - Variant 9933,Beauty,1873,"20% Vitamin C with hyaluronic acid, brightens skin, reduces dark spots",152,4.0,https://www.amazon.in/s?k=Vitamin+C+Serum+20+percent
4130,Multivitamin Men's - Variant 8794,Health,2065,"23 essential vitamins and minerals, once daily, 90 tablets, no artificial colors",86,4.6,https://www.amazon.in/s?k=Mens+Multivitamin+Daily
4131,iPad Air 11inch - Variant 3372,Electronics,41268,"M2 chip, 11-inch Liquid Retina display, Apple Pencil Pro support, 256GB",11,5.0,https://www.amazon.in/s?k=iPad+Air+M2+11inch
4132,Retinol Night Cream - Variant 8005,Beauty,2971,"0.5% retinol with peptides, reduces fine lines, fragrance-free, 50ml",110,4.0,https://www.amazon.in/s?k=Retinol+Night+Cream+0.5+percent
4133,Wireless Mouse Logitech - Variant 2612,Electronics,3773,"MX Master 3, ergonomic design, 4000 DPI, multi-device support",70,4.6,https://www.amazon.in/s?k=Logitech+MX+Master+3
4134,Stand Mixer KitchenAid - Variant 9077,Kitchen,30695,"5-quart bowl, 10 speeds, 59 attachments compatible, tilt-head design",13,4.8,https://www.amazon.in/s?k=KitchenAid+Stand+Mixer+5qt
4135,Multivitamin Men's - Variant 2211,Health,2277,"23 essential vitamins and minerals, once daily, 90 tablets, no artificial colors",160,4.3,https://www.amazon.in/s?k=Mens+Multivitamin+Daily
4136,Stand Mixer KitchenAid - Variant 1825,Kitchen,31998,"5-quart bowl, 10 speeds, 59 attachments compatible, tilt-head design",14,4.8,https://www.amazon.in/s?k=KitchenAid+Stand+Mixer+5qt
4137,Omega-3 Fish Oil - Variant 1533,Health,1608,"1200mg EPA+DHA per serving, enteric coated, 90 softgels, no fishy aftertaste",128,4.3,https://www.amazon.in/s?k=Omega+3+Fish+Oil+1200mg
4138,Leather Wallet Slim - Variant 8544,Accessories,2292,"Genuine leather, RFID blocking, 8 card slots, minimalist design",195,4.3,https://www.amazon.in/s?k=Slim+Leather+Wallet+RFID
4139,Hoodie Champion Reverse Weave - Variant 7271,Clothing,5420,"Heavyweight fleece, reverse weave construction, kangaroo pocket",82,4.4,https://www.amazon.in/s?k=Champion+Reverse+Weave+Hoodie
4140,Luggage Samsonite 28inch - Variant 6013,Accessories,17946,"Hardside spinner, TSA lock, expandable, lightweight polycarbonate shell",38,4.7,https://www.amazon.in/s?k=Samsonite+28+inch+Hardside+Luggage
4141,Creatine Monohydrate - Variant 4669,Health,2716,"Micronized creatine, 5g per serving, unflavored, 60 servings, lab tested",139,4.5,https://www.amazon.in/s?k=Creatine+Monohydrate+Micronized
4142,Adidas Ultraboost 22 - Variant 8883,Shoes,13518,"Responsive Boost midsole, Primeknit upper, Continental rubber outsole",56,4.8,https://www.amazon.in/s?k=Adidas+Ultraboost+22
4143,Hiking Boots Merrell - Variant 6957,Shoes,13515,"Waterproof leather, Vibram outsole, air cushion heel, ankle support",66,4.7,https://www.amazon.in/s?k=Merrell+Hiking+Boots+Waterproof
4144,Converse Chuck Taylor - Variant 4204,Shoes,6217,"Classic canvas high-top, rubber sole, available in 20+ colors",257,4.6,https://www.amazon.in/s?k=Converse+Chuck+Taylor+High+Top
4145,Apple AirPods Pro - Variant 7514,Electronics,19264,"Active noise cancellation, transparency mode, spatial audio, wireless charging",35,4.9,https://www.amazon.in/s?k=Apple+AirPods+Pro
4146,Nike Air Max 270 - Variant 5420,Shoes,9182,"Lightweight running shoe with Air Max cushioning, great for daily use",48,4.3,https://www.amazon.in/s?k=Nike+Air+Max+270
4147,Samsung 4K Smart TV 55inch - Variant 4702,Electronics,47917,"Crystal UHD display, built-in Alexa, HDR10+, 3 HDMI ports",16,4.4,https://www.amazon.in/s?k=Samsung+4K+Smart+TV+55inch
4148,The Alchemist Book - Variant 4442,Books,1365,Paulo Coelho's masterpiece about following your dreams and personal legend,156,5.0,https://www.amazon.in/s?k=The+Alchemist+Paulo+Coelho
4149,The Alchemist Book - Variant 7032,Books,1297,Paulo Coelho's masterpiece about following your dreams and personal legend,155,4.9,https://www.amazon.in/s?k=The+Alchemist+Paulo+Coelho
4150,Sunglasses Polarized - Variant 2343,Accessories,2900,"UV400 protection, polarized lenses, lightweight frame, unisex design",147,4.0,https://www.amazon.in/s?k=Polarized+Sunglasses+UV400
4151,Webcam Logitech 4K - Variant 7931,Electronics,14778,"4K Ultra HD, auto-focus, built-in mic, works with Zoom and Teams",71,4.7,https://www.amazon.in/s?k=Logitech+4K+Webcam
4152,Linen Shirt Uniqlo - Variant 3226,Clothing,3460,"100% linen, breathable summer fabric, relaxed fit, 8 color options",169,4.1,https://www.amazon.in/s?k=Linen+Shirt+Men+Uniqlo
4153,Coffee Maker Drip - Variant 1930,Kitchen,3777,"12-cup programmable coffee maker, built-in grinder, thermal carafe",68,4.2,https://www.amazon.in/s?k=Drip+Coffee+Maker
4154,Yoga Mat Premium - Variant 3753,Sports,2788,"Non-slip 6mm thick mat, eco-friendly TPE material, includes carry strap",56,4.3,https://www.amazon.in/s?k=Premium+Yoga+Mat
4155,iPad Air 11inch - Variant 3567,Electronics,59662,"M2 chip, 11-inch Liquid Retina display, Apple Pencil Pro support, 256GB",13,4.6,https://www.amazon.in/s?k=iPad+Air+M2+11inch
4156,Vitamin C Serum - Variant 1151,Beauty,1909,"20% Vitamin C with hyaluronic acid, brightens skin, reduces dark spots",90,4.1,https://www.amazon.in/s?k=Vitamin+C+Serum+20+percent
4157,Dumbbell Set Adjustable - Variant 5670,Sports,11769,"5-52.5 lbs per dumbbell, replaces 15 sets, fast adjust dial system",24,4.9,https://www.amazon.in/s?k=Adjustable+Dumbbell+Set
4158,Creatine Monohydrate - Variant 5137,Health,2586,"Micronized creatine, 5g per serving, unflavored, 60 servings, lab tested",67,4.3,https://www.amazon.in/s?k=Creatine+Monohydrate+Micronized
4159,Hoodie Champion Reverse Weave - Variant 5477,Clothing,5781,"Heavyweight fleece, reverse weave construction, kangaroo pocket",124,4.4,https://www.amazon.in/s?k=Champion+Reverse+Weave+Hoodie
4160,Hiking Boots Merrell - Variant 1097,Shoes,9333,"Waterproof leather, Vibram outsole, air cushion heel, ankle support",25,4.4,https://www.amazon.in/s?k=Merrell+Hiking+Boots+Waterproof
4161,Kindle Paperwhite - Variant 8087,Electronics,13785,"6.8-inch display, adjustable warm light, waterproof, 3 months free Kindle Unlimited",82,4.5,https://www.amazon.in/s?k=Kindle+Paperwhite+2024
4162,Hoodie Champion Reverse Weave - Variant 2004,Clothing,5306,"Heavyweight fleece, reverse weave construction, kangaroo pocket",65,4.5,https://www.amazon.in/s?k=Champion+Reverse+Weave+Hoodie
4163,Running Shorts Nike - Variant 7577,Clothing,2777,"Dri-FIT fabric, 7-inch inseam, built-in brief, reflective details",77,4.3,https://www.amazon.in/s?k=Nike+Running+Shorts+DriFIT
4164,Vitamin C Serum - Variant 9089,Beauty,2448,"20% Vitamin C with hyaluronic acid, brightens skin, reduces dark spots",151,3.9,https://www.amazon.in/s?k=Vitamin+C+Serum+20+percent
4165,Linen Shirt Uniqlo - Variant 3773,Clothing,3756,"100% linen, breathable summer fabric, relaxed fit, 8 color options",167,4.1,https://www.amazon.in/s?k=Linen+Shirt+Men+Uniqlo
4166,Samsung 4K Smart TV 55inch - Variant 1731,Electronics,50198,"Crystal UHD display, built-in Alexa, HDR10+, 3 HDMI ports",19,4.7,https://www.amazon.in/s?k=Samsung+4K+Smart+TV+55inch
4167,Dell 27inch Monitor - Variant 5374,Electronics,26026,"IPS panel, 165Hz refresh rate, 1ms response time, USB-C, FreeSync",14,4.9,https://www.amazon.in/s?k=Dell+27+inch+165Hz+Monitor
4168,Protein Powder Whey - Variant 3507,Health,4306,"25g protein per serving, chocolate flavor, 5lb bag, no artificial colors",65,4.5,https://www.amazon.in/s?k=Whey+Protein+Powder+Chocolate
4169,Webcam Logitech 4K - Variant 1524,Electronics,11495,"4K Ultra HD, auto-focus, built-in mic, works with Zoom and Teams",26,4.4,https://www.amazon.in/s?k=Logitech+4K+Webcam
4170,Atomic Habits Book - Variant 6953,Books,1408,James Clear's guide to building good habits and breaking bad ones,264,4.7,https://www.amazon.in/s?k=Atomic+Habits+James+Clear
4171,Rich Dad Poor Dad - Variant 1906,Books,959,"Robert Kiyosaki's personal finance classic, updated 25th anniversary edition",287,4.6,https://www.amazon.in/s?k=Rich+Dad+Poor+Dad+Kiyosaki
4172,Linen Shirt Uniqlo - Variant 2701,Clothing,3576,"100% linen, breathable summer fabric, relaxed fit, 8 color options",234,4.2,https://www.amazon.in/s?k=Linen+Shirt+Men+Uniqlo
4173,Harry Potter Box Set - Variant 4226,Books,5667,"Complete 7-book hardcover collection, illustrated edition",21,4.6,https://www.amazon.in/s?k=Harry+Potter+Box+Set+Hardcover
4174,iPad Air 11inch - Variant 6883,Electronics,44541,"M2 chip, 11-inch Liquid Retina display, Apple Pencil Pro support, 256GB",13,4.7,https://www.amazon.in/s?k=iPad+Air+M2+11inch
4175,Apple AirPods Pro - Variant 5066,Electronics,19834,"Active noise cancellation, transparency mode, spatial audio, wireless charging",44,4.8,https://www.amazon.in/s?k=Apple+AirPods+Pro
4176,Levi's 501 Jeans - Variant 8293,Clothing,5621,"Classic straight fit jeans, durable denim, available in multiple washes",120,4.4,https://www.amazon.in/s?k=Levis+501+Jeans
4177,Backpack Osprey 40L - Variant 4296,Accessories,13625,"40L travel pack, TSA-friendly, laptop sleeve, rain cover included",31,4.7,https://www.amazon.in/s?k=Osprey+40L+Backpack
4178,Wireless Mouse Logitech - Variant 7798,Electronics,3165,"MX Master 3, ergonomic design, 4000 DPI, multi-device support",62,4.8,https://www.amazon.in/s?k=Logitech+MX+Master+3
4179,Protein Powder Whey - Variant 9501,Health,5332,"25g protein per serving, chocolate flavor, 5lb bag, no artificial colors",63,4.8,https://www.amazon.in/s?k=Whey+Protein+Powder+Chocolate
4180,Hoodie Champion Reverse Weave - Variant 4552,Clothing,5542,"Heavyweight fleece, reverse weave construction, kangaroo pocket",112,4.9,https://www.amazon.in/s?k=Champion+Reverse+Weave+Hoodie
4181,Nike Air Max 270 - Variant 6268,Shoes,10381,"Lightweight running shoe with Air Max cushioning, great for daily use",61,4.6,https://www.amazon.in/s?k=Nike+Air+Max+270
4182,Resistance Bands Set - Variant 7362,Sports,1766,"5 resistance levels, latex-free, includes door anchor and carry bag",153,4.4,https://www.amazon.in/s?k=Resistance+Bands+Set+5+levels
4183,Multivitamin Men's - Variant 3278,Health,1784,"23 essential vitamins and minerals, once daily, 90 tablets, no artificial colors",98,4.7,https://www.amazon.in/s?k=Mens+Multivitamin+Daily
4184,Hoodie Champion Reverse Weave - Variant 6920,Clothing,5933,"Heavyweight fleece, reverse weave construction, kangaroo pocket",82,4.5,https://www.amazon.in/s?k=Champion+Reverse+Weave+Hoodie
4185,Rich Dad Poor Dad - Variant 1747,Books,1176,"Robert Kiyosaki's personal finance classic, updated 25th anniversary edition",268,4.7,https://www.amazon.in/s?k=Rich+Dad+Poor+Dad+Kiyosaki
4186,Vitamin C Serum - Variant 6245,Beauty,2159,"20% Vitamin C with hyaluronic acid, brightens skin, reduces dark spots",181,4.5,https://www.amazon.in/s?k=Vitamin+C+Serum+20+percent
4187,Jump Rope Speed - Variant 3637,Sports,1406,"Adjustable steel cable, ball bearing handles, suitable for all fitness levels",234,4.5,https://www.amazon.in/s?k=Speed+Jump+Rope+Adjustable
4188,Instant Pot Duo 7-in-1 - Variant 6078,Kitchen,6726,"Pressure cooker, slow cooker, rice cooker, steamer, saute, yogurt maker",74,4.8,https://www.amazon.in/s?k=Instant+Pot+Duo
4189,Backpack Osprey 40L - Variant 1625,Accessories,12861,"40L travel pack, TSA-friendly, laptop sleeve, rain cover included",44,4.8,https://www.amazon.in/s?k=Osprey+40L+Backpack
4190,Sony WH-1000XM5 - Variant 3811,Electronics,24729,"Industry-leading noise cancellation, 30hr battery, multipoint connection",13,4.9,https://www.amazon.in/s?k=Sony+WH-1000XM5
4191,Retinol Night Cream - Variant 2337,Beauty,2807,"0.5% retinol with peptides, reduces fine lines, fragrance-free, 50ml",135,4.3,https://www.amazon.in/s?k=Retinol+Night+Cream+0.5+percent
4192,Sunglasses Polarized - Variant 2803,Accessories,2193,"UV400 protection, polarized lenses, lightweight frame, unisex design",108,4.3,https://www.amazon.in/s?k=Polarized+Sunglasses+UV400
4193,Dell 27inch Monitor - Variant 4787,Electronics,24406,"IPS panel, 165Hz refresh rate, 1ms response time, USB-C, FreeSync",9,4.8,https://www.amazon.in/s?k=Dell+27+inch+165Hz+Monitor
4194,Creatine Monohydrate - Variant 8373,Health,2292,"Micronized creatine, 5g per serving, unflavored, 60 servings, lab tested",133,4.4,https://www.amazon.in/s?k=Creatine+Monohydrate+Micronized
4195,Creatine Monohydrate - Variant 6634,Health,2427,"Micronized creatine, 5g per serving, unflavored, 60 servings, lab tested",81,4.4,https://www.amazon.in/s?k=Creatine+Monohydrate+Micronized
4196,Sony WH-1000XM5 - Variant 3623,Electronics,29079,"Industry-leading noise cancellation, 30hr battery, multipoint connection",25,4.7,https://www.amazon.in/s?k=Sony+WH-1000XM5
4197,Kindle Paperwhite - Variant 6624,Electronics,10461,"6.8-inch display, adjustable warm light, waterproof, 3 months free Kindle Unlimited",56,4.7,https://www.amazon.in/s?k=Kindle+Paperwhite+2024
4198,Sunglasses Polarized - Variant 4275,Accessories,2747,"UV400 protection, polarized lenses, lightweight frame, unisex design",145,4.1,https://www.amazon.in/s?k=Polarized+Sunglasses+UV400
4199,Blender Vitamix A2500 - Variant 2420,Kitchen,30695,"Variable speed control, 3 program settings, self-cleaning, 64oz container",14,5.0,https://www.amazon.in/s?k=Vitamix+A2500+Blender
4200,Luggage Samsonite 28inch - Variant 5847,Accessories,13781,"Hardside spinner, TSA lock, expandable, lightweight polycarbonate shell",32,4.6,https://www.amazon.in/s?k=Samsonite+28+inch+Hardside+Luggage
4201,Levi's Denim Jacket - Variant 8291,Clothing,8760,"Classic trucker jacket, 100% cotton denim, multiple color options",86,4.2,https://www.amazon.in/s?k=Levis+Denim+Jacket+Trucker
4202,Retinol Night Cream - Variant 9808,Beauty,3015,"0.5% retinol with peptides, reduces fine lines, fragrance-free, 50ml",71,4.4,https://www.amazon.in/s?k=Retinol+Night+Cream+0.5+percent
4203,The Alchemist Book - Variant 3856,Books,1088,Paulo Coelho's masterpiece about following your dreams and personal legend,282,4.8,https://www.amazon.in/s?k=The+Alchemist+Paulo+Coelho
4204,Coffee Maker Drip - Variant 9067,Kitchen,3688,"12-cup programmable coffee maker, built-in grinder, thermal carafe",78,4.5,https://www.amazon.in/s?k=Drip+Coffee+Maker
4205,Sunscreen SPF 50 EltaMD - Variant 4433,Beauty,3740,"Broad spectrum UV protection, oil-free, dermatologist recommended, 3oz",104,4.9,https://www.amazon.in/s?k=EltaMD+Sunscreen+SPF+50
4206,Rich Dad Poor Dad - Variant 2846,Books,1129,"Robert Kiyosaki's personal finance classic, updated 25th anniversary edition",274,4.8,https://www.amazon.in/s?k=Rich+Dad+Poor+Dad+Kiyosaki
4207,iPad Air 11inch - Variant 1332,Electronics,42882,"M2 chip, 11-inch Liquid Retina display, Apple Pencil Pro support, 256GB",28,4.9,https://www.amazon.in/s?k=iPad+Air+M2+11inch
4208,The Alchemist Book - Variant 8165,Books,1368,Paulo Coelho's masterpiece about following your dreams and personal legend,131,4.8,https://www.amazon.in/s?k=The+Alchemist+Paulo+Coelho
4209,Creatine Monohydrate - Variant 9871,Health,2589,"Micronized creatine, 5g per serving, unflavored, 60 servings, lab tested",141,4.7,https://www.amazon.in/s?k=Creatine+Monohydrate+Micronized
4210,Leather Wallet Slim - Variant 2049,Accessories,2369,"Genuine leather, RFID blocking, 8 card slots, minimalist design",138,4.2,https://www.amazon.in/s?k=Slim+Leather+Wallet+RFID
4211,Atomic Habits Workbook - Variant 6413,Books,1641,Companion workbook to Atomic Habits with exercises and habit trackers,142,4.6,https://www.amazon.in/s?k=Atomic+Habits+Workbook
4212,Wireless Mouse Logitech - Variant 9136,Electronics,3072,"MX Master 3, ergonomic design, 4000 DPI, multi-device support",87,4.7,https://www.amazon.in/s?k=Logitech+MX+Master+3
4213,Face Wash CeraVe - Variant 3984,Beauty,1153,"Hydrating cleanser with ceramides and hyaluronic acid, 16oz, all skin types",193,4.5,https://www.amazon.in/s?k=CeraVe+Hydrating+Face+Wash
4214,Blender Vitamix A2500 - Variant 2989,Kitchen,35304,"Variable speed control, 3 program settings, self-cleaning, 64oz container",17,5.0,https://www.amazon.in/s?k=Vitamix+A2500+Blender
4215,Luggage Samsonite 28inch - Variant 6586,Accessories,14996,"Hardside spinner, TSA lock, expandable, lightweight polycarbonate shell",34,4.4,https://www.amazon.in/s?k=Samsonite+28+inch+Hardside+Luggage
4216,Running Shorts Nike - Variant 8084,Clothing,2655,"Dri-FIT fabric, 7-inch inseam, built-in brief, reflective details",140,4.5,https://www.amazon.in/s?k=Nike+Running+Shorts+DriFIT
4217,Mechanical Keyboard RGB - Variant 2959,Electronics,7629,"TKL layout, Cherry MX switches, per-key RGB lighting, USB-C",50,4.3,https://www.amazon.in/s?k=Mechanical+Keyboard+RGB
4218,Leather Wallet Slim - Variant 4753,Accessories,1952,"Genuine leather, RFID blocking, 8 card slots, minimalist design",83,4.6,https://www.amazon.in/s?k=Slim+Leather+Wallet+RFID
4219,Atomic Habits Book - Variant 6606,Books,1290,James Clear's guide to building good habits and breaking bad ones,193,4.9,https://www.amazon.in/s?k=Atomic+Habits+James+Clear
4220,Converse Chuck Taylor - Variant 6295,Shoes,6537,"Classic canvas high-top, rubber sole, available in 20+ colors",264,4.5,https://www.amazon.in/s?k=Converse+Chuck+Taylor+High+Top
4221,Protein Powder Whey - Variant 7857,Health,4985,"25g protein per serving, chocolate flavor, 5lb bag, no artificial colors",37,4.4,https://www.amazon.in/s?k=Whey+Protein+Powder+Chocolate
4222,Converse Chuck Taylor - Variant 4896,Shoes,5286,"Classic canvas high-top, rubber sole, available in 20+ colors",278,4.6,https://www.amazon.in/s?k=Converse+Chuck+Taylor+High+Top
4223,Backpack Osprey 40L - Variant 9699,Accessories,14585,"40L travel pack, TSA-friendly, laptop sleeve, rain cover included",59,4.7,https://www.amazon.in/s?k=Osprey+40L+Backpack
4224,Sunglasses Polarized - Variant 9266,Accessories,2728,"UV400 protection, polarized lenses, lightweight frame, unisex design",75,3.8,https://www.amazon.in/s?k=Polarized+Sunglasses+UV400
4225,Luggage Samsonite 28inch - Variant 6628,Accessories,14528,"Hardside spinner, TSA lock, expandable, lightweight polycarbonate shell",17,4.8,https://www.amazon.in/s?k=Samsonite+28+inch+Hardside+Luggage
4226,Luggage Samsonite 28inch - Variant 9235,Accessories,18051,"Hardside spinner, TSA lock, expandable, lightweight polycarbonate shell",36,4.9,https://www.amazon.in/s?k=Samsonite+28+inch+Hardside+Luggage
4227,Resistance Bands Set - Variant 3052,Sports,2129,"5 resistance levels, latex-free, includes door anchor and carry bag",84,4.5,https://www.amazon.in/s?k=Resistance+Bands+Set+5+levels
4228,Rich Dad Poor Dad - Variant 5080,Books,1294,"Robert Kiyosaki's personal finance classic, updated 25th anniversary edition",339,4.6,https://www.amazon.in/s?k=Rich+Dad+Poor+Dad+Kiyosaki
4229,Atomic Habits Book - Variant 1483,Books,1391,James Clear's guide to building good habits and breaking bad ones,403,4.8,https://www.amazon.in/s?k=Atomic+Habits+James+Clear
4230,Blender Vitamix A2500 - Variant 7763,Kitchen,40516,"Variable speed control, 3 program settings, self-cleaning, 64oz container",11,4.8,https://www.amazon.in/s?k=Vitamix+A2500+Blender
4231,Levi's 501 Jeans - Variant 2608,Clothing,5409,"Classic straight fit jeans, durable denim, available in multiple washes",126,4.5,https://www.amazon.in/s?k=Levis+501+Jeans
4232,Sunscreen SPF 50 EltaMD - Variant 6114,Beauty,3846,"Broad spectrum UV protection, oil-free, dermatologist recommended, 3oz",117,4.8,https://www.amazon.in/s?k=EltaMD+Sunscreen+SPF+50
4233,Resistance Bands Set - Variant 8776,Sports,2083,"5 resistance levels, latex-free, includes door anchor and carry bag",191,4.5,https://www.amazon.in/s?k=Resistance+Bands+Set+5+levels
4234,Sony WH-1000XM5 - Variant 3345,Electronics,24884,"Industry-leading noise cancellation, 30hr battery, multipoint connection",31,4.7,https://www.amazon.in/s?k=Sony+WH-1000XM5
4235,Dell 27inch Monitor - Variant 9793,Electronics,24590,"IPS panel, 165Hz refresh rate, 1ms response time, USB-C, FreeSync",24,5.0,https://www.amazon.in/s?k=Dell+27+inch+165Hz+Monitor
4236,Vitamin C Serum - Variant 1577,Beauty,2382,"20% Vitamin C with hyaluronic acid, brightens skin, reduces dark spots",208,3.9,https://www.amazon.in/s?k=Vitamin+C+Serum+20+percent
4237,Blender Vitamix A2500 - Variant 1520,Kitchen,33553,"Variable speed control, 3 program settings, self-cleaning, 64oz container",17,4.8,https://www.amazon.in/s?k=Vitamix+A2500+Blender
4238,Rich Dad Poor Dad - Variant 7300,Books,863,"Robert Kiyosaki's personal finance classic, updated 25th anniversary edition",311,4.4,https://www.amazon.in/s?k=Rich+Dad+Poor+Dad+Kiyosaki
4239,Running Shorts Nike - Variant 4261,Clothing,3298,"Dri-FIT fabric, 7-inch inseam, built-in brief, reflective details",145,4.2,https://www.amazon.in/s?k=Nike+Running+Shorts+DriFIT
4240,Face Wash CeraVe - Variant 6653,Beauty,1327,"Hydrating cleanser with ceramides and hyaluronic acid, 16oz, all skin types",327,4.5,https://www.amazon.in/s?k=CeraVe+Hydrating+Face+Wash
4241,Retinol Night Cream - Variant 7248,Beauty,2591,"0.5% retinol with peptides, reduces fine lines, fragrance-free, 50ml",84,4.5,https://www.amazon.in/s?k=Retinol+Night+Cream+0.5+percent
4242,Sunscreen SPF 50 EltaMD - Variant 8932,Beauty,3136,"Broad spectrum UV protection, oil-free, dermatologist recommended, 3oz",100,4.8,https://www.amazon.in/s?k=EltaMD+Sunscreen+SPF+50
4243,Adidas Ultraboost 22 - Variant 2597,Shoes,13720,"Responsive Boost midsole, Primeknit upper, Continental rubber outsole",30,4.8,https://www.amazon.in/s?k=Adidas+Ultraboost+22
4244,Leather Wallet Slim - Variant 4558,Accessories,1992,"Genuine leather, RFID blocking, 8 card slots, minimalist design",130,4.2,https://www.amazon.in/s?k=Slim+Leather+Wallet+RFID
4245,Kindle Paperwhite - Variant 2727,Electronics,13958,"6.8-inch display, adjustable warm light, waterproof, 3 months free Kindle Unlimited",72,5.0,https://www.amazon.in/s?k=Kindle+Paperwhite+2024
4246,Dumbbell Set Adjustable - Variant 7109,Sports,13264,"5-52.5 lbs per dumbbell, replaces 15 sets, fast adjust dial system",35,5.0,https://www.amazon.in/s?k=Adjustable+Dumbbell+Set
4247,Adidas Ultraboost 22 - Variant 3334,Shoes,13850,"Responsive Boost midsole, Primeknit upper, Continental rubber outsole",36,4.7,https://www.amazon.in/s?k=Adidas+Ultraboost+22
4248,New Balance 990v6 - Variant 9862,Shoes,16493,"Made in USA, premium suede and mesh upper, ENCAP midsole technology",39,4.8,https://www.amazon.in/s?k=New+Balance+990v6
4249,Creatine Monohydrate - Variant 2855,Health,2061,"Micronized creatine, 5g per serving, unflavored, 60 servings, lab tested",91,4.5,https://www.amazon.in/s?k=Creatine+Monohydrate+Micronized
4250,Coffee Maker Drip - Variant 3418,Kitchen,3436,"12-cup programmable coffee maker, built-in grinder, thermal carafe",44,4.5,https://www.amazon.in/s?k=Drip+Coffee+Maker
4251,Linen Shirt Uniqlo - Variant 3417,Clothing,2958,"100% linen, breathable summer fabric, relaxed fit, 8 color options",82,4.4,https://www.amazon.in/s?k=Linen+Shirt+Men+Uniqlo
4252,Vitamin C Serum - Variant 6320,Beauty,2097,"20% Vitamin C with hyaluronic acid, brightens skin, reduces dark spots",155,4.2,https://www.amazon.in/s?k=Vitamin+C+Serum+20+percent
4253,Protein Powder Whey - Variant 8643,Health,4226,"25g protein per serving, chocolate flavor, 5lb bag, no artificial colors",36,4.5,https://www.amazon.in/s?k=Whey+Protein+Powder+Chocolate
4254,Atomic Habits Workbook - Variant 7715,Books,1304,Companion workbook to Atomic Habits with exercises and habit trackers,167,4.7,https://www.amazon.in/s?k=Atomic+Habits+Workbook
4255,Jump Rope Speed - Variant 7211,Sports,1735,"Adjustable steel cable, ball bearing handles, suitable for all fitness levels",226,4.6,https://www.amazon.in/s?k=Speed+Jump+Rope+Adjustable
4256,Sony WH-1000XM5 - Variant 9962,Electronics,24402,"Industry-leading noise cancellation, 30hr battery, multipoint connection",35,4.6,https://www.amazon.in/s?k=Sony+WH-1000XM5
4257,Face Wash CeraVe - Variant 5966,Beauty,1153,"Hydrating cleanser with ceramides and hyaluronic acid, 16oz, all skin types",215,4.9,https://www.amazon.in/s?k=CeraVe+Hydrating+Face+Wash
4258,Jump Rope Speed - Variant 7421,Sports,1601,"Adjustable steel cable, ball bearing handles, suitable for all fitness levels",160,4.3,https://www.amazon.in/s?k=Speed+Jump+Rope+Adjustable
4259,Sony WH-1000XM5 - Variant 1675,Electronics,23842,"Industry-leading noise cancellation, 30hr battery, multipoint connection",27,4.7,https://www.amazon.in/s?k=Sony+WH-1000XM5
4260,Coffee Maker Drip - Variant 8653,Kitchen,4065,"12-cup programmable coffee maker, built-in grinder, thermal carafe",53,4.5,https://www.amazon.in/s?k=Drip+Coffee+Maker
4261,Converse Chuck Taylor - Variant 3708,Shoes,5889,"Classic canvas high-top, rubber sole, available in 20+ colors",100,4.6,https://www.amazon.in/s?k=Converse+Chuck+Taylor+High+Top
4262,Multivitamin Men's - Variant 8251,Health,1902,"23 essential vitamins and minerals, once daily, 90 tablets, no artificial colors",144,4.5,https://www.amazon.in/s?k=Mens+Multivitamin+Daily
4263,Hoodie Champion Reverse Weave - Variant 1311,Clothing,5549,"Heavyweight fleece, reverse weave construction, kangaroo pocket",71,4.8,https://www.amazon.in/s?k=Champion+Reverse+Weave+Hoodie
4264,Linen Shirt Uniqlo - Variant 8531,Clothing,2837,"100% linen, breathable summer fabric, relaxed fit, 8 color options",171,4.2,https://www.amazon.in/s?k=Linen+Shirt+Men+Uniqlo
4265,Levi's Denim Jacket - Variant 1224,Clothing,8174,"Classic trucker jacket, 100% cotton denim, multiple color options",59,4.5,https://www.amazon.in/s?k=Levis+Denim+Jacket+Trucker
4266,Hiking Boots Merrell - Variant 7773,Shoes,12084,"Waterproof leather, Vibram outsole, air cushion heel, ankle support",57,4.4,https://www.amazon.in/s?k=Merrell+Hiking+Boots+Waterproof
4267,Apple AirPods Pro - Variant 4280,Electronics,23589,"Active noise cancellation, transparency mode, spatial audio, wireless charging",31,4.6,https://www.amazon.in/s?k=Apple+AirPods+Pro
4268,Protein Powder Whey - Variant 9450,Health,5384,"25g protein per serving, chocolate flavor, 5lb bag, no artificial colors",32,4.6,https://www.amazon.in/s?k=Whey+Protein+Powder+Chocolate
4269,Face Wash CeraVe - Variant 9293,Beauty,1086,"Hydrating cleanser with ceramides and hyaluronic acid, 16oz, all skin types",236,4.9,https://www.amazon.in/s?k=CeraVe+Hydrating+Face+Wash
4270,Rich Dad Poor Dad - Variant 6316,Books,1043,"Robert Kiyosaki's personal finance classic, updated 25th anniversary edition",272,4.5,https://www.amazon.in/s?k=Rich+Dad+Poor+Dad+Kiyosaki
4271,Converse Chuck Taylor - Variant 1740,Shoes,6242,"Classic canvas high-top, rubber sole, available in 20+ colors",251,4.6,https://www.amazon.in/s?k=Converse+Chuck+Taylor+High+Top
4272,Levi's 501 Jeans - Variant 2667,Clothing,4540,"Classic straight fit jeans, durable denim, available in multiple washes",171,4.3,https://www.amazon.in/s?k=Levis+501+Jeans
4273,Samsung 4K Smart TV 55inch - Variant 4898,Electronics,51751,"Crystal UHD display, built-in Alexa, HDR10+, 3 HDMI ports",22,4.4,https://www.amazon.in/s?k=Samsung+4K+Smart+TV+55inch
4274,Jump Rope Speed - Variant 8846,Sports,1798,"Adjustable steel cable, ball bearing handles, suitable for all fitness levels",199,4.6,https://www.amazon.in/s?k=Speed+Jump+Rope+Adjustable
4275,Face Wash CeraVe - Variant 8264,Beauty,1229,"Hydrating cleanser with ceramides and hyaluronic acid, 16oz, all skin types",229,4.7,https://www.amazon.in/s?k=CeraVe+Hydrating+Face+Wash
4276,Apple AirPods Pro - Variant 5637,Electronics,20176,"Active noise cancellation, transparency mode, spatial audio, wireless charging",32,4.8,https://www.amazon.in/s?k=Apple+AirPods+Pro
4277,Air Fryer Ninja 6qt - Variant 1573,Kitchen,10799,"6-quart capacity, 4-in-1 functionality, up to 75% less fat, dishwasher safe",30,4.7,https://www.amazon.in/s?k=Ninja+Air+Fryer+6qt
4278,Backpack Osprey 40L - Variant 4942,Accessories,10978,"40L travel pack, TSA-friendly, laptop sleeve, rain cover included",37,5.0,https://www.amazon.in/s?k=Osprey+40L+Backpack
4279,Retinol Night Cream - Variant 6529,Beauty,2219,"0.5% retinol with peptides, reduces fine lines, fragrance-free, 50ml",125,4.4,https://www.amazon.in/s?k=Retinol+Night+Cream+0.5+percent
4280,Webcam Logitech 4K - Variant 8823,Electronics,14672,"4K Ultra HD, auto-focus, built-in mic, works with Zoom and Teams",46,4.7,https://www.amazon.in/s?k=Logitech+4K+Webcam
4281,Resistance Bands Set - Variant 5248,Sports,1631,"5 resistance levels, latex-free, includes door anchor and carry bag",189,4.2,https://www.amazon.in/s?k=Resistance+Bands+Set+5+levels
4282,Running Shorts Nike - Variant 4756,Clothing,2427,"Dri-FIT fabric, 7-inch inseam, built-in brief, reflective details",132,4.1,https://www.amazon.in/s?k=Nike+Running+Shorts+DriFIT
4283,Linen Shirt Uniqlo - Variant 8947,Clothing,3136,"100% linen, breathable summer fabric, relaxed fit, 8 color options",170,4.4,https://www.amazon.in/s?k=Linen+Shirt+Men+Uniqlo
4284,Air Fryer Ninja 6qt - Variant 3181,Kitchen,10247,"6-quart capacity, 4-in-1 functionality, up to 75% less fat, dishwasher safe",42,4.6,https://www.amazon.in/s?k=Ninja+Air+Fryer+6qt
4285,Resistance Bands Set - Variant 7920,Sports,2244,"5 resistance levels, latex-free, includes door anchor and carry bag",162,4.4,https://www.amazon.in/s?k=Resistance+Bands+Set+5+levels
4286,Harry Potter Box Set - Variant 1960,Books,5365,"Complete 7-book hardcover collection, illustrated edition",43,4.7,https://www.amazon.in/s?k=Harry+Potter+Box+Set+Hardcover
4287,Vitamin C Serum - Variant 1008,Beauty,1976,"20% Vitamin C with hyaluronic acid, brightens skin, reduces dark spots",112,4.0,https://www.amazon.in/s?k=Vitamin+C+Serum+20+percent
4288,Kindle Paperwhite - Variant 1600,Electronics,13697,"6.8-inch display, adjustable warm light, waterproof, 3 months free Kindle Unlimited",80,4.8,https://www.amazon.in/s?k=Kindle+Paperwhite+2024
4289,Converse Chuck Taylor - Variant 3316,Shoes,5112,"Classic canvas high-top, rubber sole, available in 20+ colors",281,4.4,https://www.amazon.in/s?k=Converse+Chuck+Taylor+High+Top
4290,Sony WH-1000XM5 - Variant 4514,Electronics,23298,"Industry-leading noise cancellation, 30hr battery, multipoint connection",26,4.9,https://www.amazon.in/s?k=Sony+WH-1000XM5
4291,Luggage Samsonite 28inch - Variant 1038,Accessories,13372,"Hardside spinner, TSA lock, expandable, lightweight polycarbonate shell",26,4.5,https://www.amazon.in/s?k=Samsonite+28+inch+Hardside+Luggage
4292,Atomic Habits Book - Variant 8753,Books,1741,James Clear's guide to building good habits and breaking bad ones,215,5.0,https://www.amazon.in/s?k=Atomic+Habits+James+Clear
4293,Yoga Mat Premium - Variant 4441,Sports,2870,"Non-slip 6mm thick mat, eco-friendly TPE material, includes carry strap",124,4.7,https://www.amazon.in/s?k=Premium+Yoga+Mat
4294,Instant Pot Duo 7-in-1 - Variant 8066,Kitchen,8087,"Pressure cooker, slow cooker, rice cooker, steamer, saute, yogurt maker",52,5.0,https://www.amazon.in/s?k=Instant+Pot+Duo
4295,Wireless Mouse Logitech - Variant 2882,Electronics,3309,"MX Master 3, ergonomic design, 4000 DPI, multi-device support",82,4.9,https://www.amazon.in/s?k=Logitech+MX+Master+3
4296,Webcam Logitech 4K - Variant 2810,Electronics,12125,"4K Ultra HD, auto-focus, built-in mic, works with Zoom and Teams",55,4.5,https://www.amazon.in/s?k=Logitech+4K+Webcam
4297,Dell 27inch Monitor - Variant 2282,Electronics,24095,"IPS panel, 165Hz refresh rate, 1ms response time, USB-C, FreeSync",21,4.7,https://www.amazon.in/s?k=Dell+27+inch+165Hz+Monitor
4298,Adidas Ultraboost 22 - Variant 5567,Shoes,14778,"Responsive Boost midsole, Primeknit upper, Continental rubber outsole",79,4.4,https://www.amazon.in/s?k=Adidas+Ultraboost+22
4299,Omega-3 Fish Oil - Variant 2300,Health,1689,"1200mg EPA+DHA per serving, enteric coated, 90 softgels, no fishy aftertaste",175,4.4,https://www.amazon.in/s?k=Omega+3+Fish+Oil+1200mg
4300,Webcam Logitech 4K - Variant 9289,Electronics,10666,"4K Ultra HD, auto-focus, built-in mic, works with Zoom and Teams",36,4.2,https://www.amazon.in/s?k=Logitech+4K+Webcam
4301,iPad Air 11inch - Variant 8313,Electronics,45738,"M2 chip, 11-inch Liquid Retina display, Apple Pencil Pro support, 256GB",25,4.6,https://www.amazon.in/s?k=iPad+Air+M2+11inch
4302,New Balance 990v6 - Variant 2680,Shoes,12778,"Made in USA, premium suede and mesh upper, ENCAP midsole technology",32,4.3,https://www.amazon.in/s?k=New+Balance+990v6
4303,Yoga Mat Premium - Variant 9371,Sports,3078,"Non-slip 6mm thick mat, eco-friendly TPE material, includes carry strap",54,4.2,https://www.amazon.in/s?k=Premium+Yoga+Mat
4304,Jump Rope Speed - Variant 4718,Sports,1397,"Adjustable steel cable, ball bearing handles, suitable for all fitness levels",260,4.7,https://www.amazon.in/s?k=Speed+Jump+Rope+Adjustable
4305,Sunscreen SPF 50 EltaMD - Variant 2680,Beauty,3142,"Broad spectrum UV protection, oil-free, dermatologist recommended, 3oz",108,4.6,https://www.amazon.in/s?k=EltaMD+Sunscreen+SPF+50
4306,Yoga Mat Premium - Variant 9207,Sports,2431,"Non-slip 6mm thick mat, eco-friendly TPE material, includes carry strap",120,4.4,https://www.amazon.in/s?k=Premium+Yoga+Mat
4307,Blender Vitamix A2500 - Variant 9640,Kitchen,33042,"Variable speed control, 3 program settings, self-cleaning, 64oz container",29,4.5,https://www.amazon.in/s?k=Vitamix+A2500+Blender
4308,Creatine Monohydrate - Variant 6191,Health,2861,"Micronized creatine, 5g per serving, unflavored, 60 servings, lab tested",103,4.6,https://www.amazon.in/s?k=Creatine+Monohydrate+Micronized
4309,Nike Air Max 270 - Variant 7366,Shoes,8789,"Lightweight running shoe with Air Max cushioning, great for daily use",34,4.6,https://www.amazon.in/s?k=Nike+Air+Max+270
4310,Samsung 4K Smart TV 55inch - Variant 8316,Electronics,63997,"Crystal UHD display, built-in Alexa, HDR10+, 3 HDMI ports",8,4.8,https://www.amazon.in/s?k=Samsung+4K+Smart+TV+55inch
4311,Dumbbell Set Adjustable - Variant 3393,Sports,14843,"5-52.5 lbs per dumbbell, replaces 15 sets, fast adjust dial system",15,4.6,https://www.amazon.in/s?k=Adjustable+Dumbbell+Set
4312,New Balance 990v6 - Variant 1522,Shoes,13362,"Made in USA, premium suede and mesh upper, ENCAP midsole technology",29,4.8,https://www.amazon.in/s?k=New+Balance+990v6
4313,Levi's Denim Jacket - Variant 3735,Clothing,8340,"Classic trucker jacket, 100% cotton denim, multiple color options",56,4.1,https://www.amazon.in/s?k=Levis+Denim+Jacket+Trucker
4314,Jump Rope Speed - Variant 4747,Sports,1311,"Adjustable steel cable, ball bearing handles, suitable for all fitness levels",183,4.6,https://www.amazon.in/s?k=Speed+Jump+Rope+Adjustable
4315,iPad Air 11inch - Variant 8015,Electronics,51426,"M2 chip, 11-inch Liquid Retina display, Apple Pencil Pro support, 256GB",19,5.0,https://www.amazon.in/s?k=iPad+Air+M2+11inch
4316,Converse Chuck Taylor - Variant 9358,Shoes,4711,"Classic canvas high-top, rubber sole, available in 20+ colors",253,4.3,https://www.amazon.in/s?k=Converse+Chuck+Taylor+High+Top
4317,Resistance Bands Set - Variant 4945,Sports,2069,"5 resistance levels, latex-free, includes door anchor and carry bag",138,4.8,https://www.amazon.in/s?k=Resistance+Bands+Set+5+levels
4318,iPad Air 11inch - Variant 1021,Electronics,40307,"M2 chip, 11-inch Liquid Retina display, Apple Pencil Pro support, 256GB",22,5.0,https://www.amazon.in/s?k=iPad+Air+M2+11inch
4319,Webcam Logitech 4K - Variant 6124,Electronics,10912,"4K Ultra HD, auto-focus, built-in mic, works with Zoom and Teams",36,4.4,https://www.amazon.in/s?k=Logitech+4K+Webcam
4320,Leather Wallet Slim - Variant 1644,Accessories,2380,"Genuine leather, RFID blocking, 8 card slots, minimalist design",158,4.5,https://www.amazon.in/s?k=Slim+Leather+Wallet+RFID
4321,Linen Shirt Uniqlo - Variant 2208,Clothing,3659,"100% linen, breathable summer fabric, relaxed fit, 8 color options",207,4.2,https://www.amazon.in/s?k=Linen+Shirt+Men+Uniqlo
4322,Vitamin C Serum - Variant 6974,Beauty,2448,"20% Vitamin C with hyaluronic acid, brightens skin, reduces dark spots",190,4.4,https://www.amazon.in/s?k=Vitamin+C+Serum+20+percent
4323,Stand Mixer KitchenAid - Variant 4544,Kitchen,33070,"5-quart bowl, 10 speeds, 59 attachments compatible, tilt-head design",10,4.9,https://www.amazon.in/s?k=KitchenAid+Stand+Mixer+5qt
4324,Hoodie Champion Reverse Weave - Variant 4149,Clothing,4866,"Heavyweight fleece, reverse weave construction, kangaroo pocket",99,4.4,https://www.amazon.in/s?k=Champion+Reverse+Weave+Hoodie
4325,Rich Dad Poor Dad - Variant 1133,Books,1076,"Robert Kiyosaki's personal finance classic, updated 25th anniversary edition",149,4.6,https://www.amazon.in/s?k=Rich+Dad+Poor+Dad+Kiyosaki
4326,Levi's Denim Jacket - Variant 7915,Clothing,7474,"Classic trucker jacket, 100% cotton denim, multiple color options",71,4.5,https://www.amazon.in/s?k=Levis+Denim+Jacket+Trucker
4327,Air Fryer Ninja 6qt - Variant 5916,Kitchen,10759,"6-quart capacity, 4-in-1 functionality, up to 75% less fat, dishwasher safe",48,4.5,https://www.amazon.in/s?k=Ninja+Air+Fryer+6qt
4328,Kindle Paperwhite - Variant 3257,Electronics,9869,"6.8-inch display, adjustable warm light, waterproof, 3 months free Kindle Unlimited",39,4.8,https://www.amazon.in/s?k=Kindle+Paperwhite+2024
4329,Atomic Habits Book - Variant 4106,Books,1597,James Clear's guide to building good habits and breaking bad ones,190,4.7,https://www.amazon.in/s?k=Atomic+Habits+James+Clear
4330,Levi's Denim Jacket - Variant 2336,Clothing,6969,"Classic trucker jacket, 100% cotton denim, multiple color options",86,4.6,https://www.amazon.in/s?k=Levis+Denim+Jacket+Trucker
4331,Sunscreen SPF 50 EltaMD - Variant 5152,Beauty,3561,"Broad spectrum UV protection, oil-free, dermatologist recommended, 3oz",49,5.0,https://www.amazon.in/s?k=EltaMD+Sunscreen+SPF+50
4332,Leather Wallet Slim - Variant 1476,Accessories,2487,"Genuine leather, RFID blocking, 8 card slots, minimalist design",127,4.6,https://www.amazon.in/s?k=Slim+Leather+Wallet+RFID
4333,Hoodie Champion Reverse Weave - Variant 9739,Clothing,5655,"Heavyweight fleece, reverse weave construction, kangaroo pocket",120,4.6,https://www.amazon.in/s?k=Champion+Reverse+Weave+Hoodie
4334,The Alchemist Book - Variant 9175,Books,1065,Paulo Coelho's masterpiece about following your dreams and personal legend,223,4.9,https://www.amazon.in/s?k=The+Alchemist+Paulo+Coelho
4335,Protein Powder Whey - Variant 5005,Health,5450,"25g protein per serving, chocolate flavor, 5lb bag, no artificial colors",23,4.6,https://www.amazon.in/s?k=Whey+Protein+Powder+Chocolate
4336,Kindle Paperwhite - Variant 1907,Electronics,13552,"6.8-inch display, adjustable warm light, waterproof, 3 months free Kindle Unlimited",71,4.5,https://www.amazon.in/s?k=Kindle+Paperwhite+2024
4337,Coffee Maker Drip - Variant 8629,Kitchen,3466,"12-cup programmable coffee maker, built-in grinder, thermal carafe",72,4.5,https://www.amazon.in/s?k=Drip+Coffee+Maker
4338,Stand Mixer KitchenAid - Variant 5356,Kitchen,34728,"5-quart bowl, 10 speeds, 59 attachments compatible, tilt-head design",8,4.8,https://www.amazon.in/s?k=KitchenAid+Stand+Mixer+5qt
4339,Atomic Habits Workbook - Variant 7672,Books,1492,Companion workbook to Atomic Habits with exercises and habit trackers,88,4.3,https://www.amazon.in/s?k=Atomic+Habits+Workbook
4340,Leather Wallet Slim - Variant 6924,Accessories,2075,"Genuine leather, RFID blocking, 8 card slots, minimalist design",147,4.6,https://www.amazon.in/s?k=Slim+Leather+Wallet+RFID
4341,Stand Mixer KitchenAid - Variant 2710,Kitchen,28516,"5-quart bowl, 10 speeds, 59 attachments compatible, tilt-head design",10,4.8,https://www.amazon.in/s?k=KitchenAid+Stand+Mixer+5qt
4342,Jump Rope Speed - Variant 6616,Sports,1538,"Adjustable steel cable, ball bearing handles, suitable for all fitness levels",218,4.3,https://www.amazon.in/s?k=Speed+Jump+Rope+Adjustable
4343,Retinol Night Cream - Variant 8518,Beauty,3084,"0.5% retinol with peptides, reduces fine lines, fragrance-free, 50ml",107,4.4,https://www.amazon.in/s?k=Retinol+Night+Cream+0.5+percent
4344,Hoodie Champion Reverse Weave - Variant 9054,Clothing,5153,"Heavyweight fleece, reverse weave construction, kangaroo pocket",125,4.6,https://www.amazon.in/s?k=Champion+Reverse+Weave+Hoodie
4345,Wireless Mouse Logitech - Variant 7351,Electronics,2960,"MX Master 3, ergonomic design, 4000 DPI, multi-device support",98,4.5,https://www.amazon.in/s?k=Logitech+MX+Master+3
4346,Sunscreen SPF 50 EltaMD - Variant 8742,Beauty,3412,"Broad spectrum UV protection, oil-free, dermatologist recommended, 3oz",104,4.7,https://www.amazon.in/s?k=EltaMD+Sunscreen+SPF+50
4347,Nike Air Max 270 - Variant 2017,Shoes,11176,"Lightweight running shoe with Air Max cushioning, great for daily use",26,4.7,https://www.amazon.in/s?k=Nike+Air+Max+270
4348,Running Shorts Nike - Variant 6604,Clothing,2370,"Dri-FIT fabric, 7-inch inseam, built-in brief, reflective details",54,4.7,https://www.amazon.in/s?k=Nike+Running+Shorts+DriFIT
4349,Sunglasses Polarized - Variant 9304,Accessories,2188,"UV400 protection, polarized lenses, lightweight frame, unisex design",80,3.8,https://www.amazon.in/s?k=Polarized+Sunglasses+UV400
4350,Retinol Night Cream - Variant 3768,Beauty,2321,"0.5% retinol with peptides, reduces fine lines, fragrance-free, 50ml",128,4.4,https://www.amazon.in/s?k=Retinol+Night+Cream+0.5+percent
4351,Sunscreen SPF 50 EltaMD - Variant 1024,Beauty,3407,"Broad spectrum UV protection, oil-free, dermatologist recommended, 3oz",92,4.6,https://www.amazon.in/s?k=EltaMD+Sunscreen+SPF+50
4352,Converse Chuck Taylor - Variant 1829,Shoes,4642,"Classic canvas high-top, rubber sole, available in 20+ colors",173,4.7,https://www.amazon.in/s?k=Converse+Chuck+Taylor+High+Top
4353,Adidas Ultraboost 22 - Variant 9210,Shoes,16355,"Responsive Boost midsole, Primeknit upper, Continental rubber outsole",56,4.6,https://www.amazon.in/s?k=Adidas+Ultraboost+22
4354,The Alchemist Book - Variant 9844,Books,1165,Paulo Coelho's masterpiece about following your dreams and personal legend,133,4.6,https://www.amazon.in/s?k=The+Alchemist+Paulo+Coelho
4355,New Balance 990v6 - Variant 5046,Shoes,15587,"Made in USA, premium suede and mesh upper, ENCAP midsole technology",29,4.3,https://www.amazon.in/s?k=New+Balance+990v6
4356,Vitamin C Serum - Variant 5310,Beauty,2116,"20% Vitamin C with hyaluronic acid, brightens skin, reduces dark spots",171,4.3,https://www.amazon.in/s?k=Vitamin+C+Serum+20+percent
4357,Sunglasses Polarized - Variant 6627,Accessories,2845,"UV400 protection, polarized lenses, lightweight frame, unisex design",134,4.1,https://www.amazon.in/s?k=Polarized+Sunglasses+UV400
4358,Retinol Night Cream - Variant 6704,Beauty,3227,"0.5% retinol with peptides, reduces fine lines, fragrance-free, 50ml",122,4.6,https://www.amazon.in/s?k=Retinol+Night+Cream+0.5+percent
4359,Atomic Habits Book - Variant 4527,Books,1783,James Clear's guide to building good habits and breaking bad ones,360,4.7,https://www.amazon.in/s?k=Atomic+Habits+James+Clear
4360,Linen Shirt Uniqlo - Variant 9911,Clothing,3625,"100% linen, breathable summer fabric, relaxed fit, 8 color options",166,4.4,https://www.amazon.in/s?k=Linen+Shirt+Men+Uniqlo
4361,Coffee Maker Drip - Variant 3852,Kitchen,4793,"12-cup programmable coffee maker, built-in grinder, thermal carafe",62,4.1,https://www.amazon.in/s?k=Drip+Coffee+Maker
4362,Air Fryer Ninja 6qt - Variant 6168,Kitchen,9023,"6-quart capacity, 4-in-1 functionality, up to 75% less fat, dishwasher safe",82,4.6,https://www.amazon.in/s?k=Ninja+Air+Fryer+6qt
4363,iPad Air 11inch - Variant 3054,Electronics,47005,"M2 chip, 11-inch Liquid Retina display, Apple Pencil Pro support, 256GB",25,4.6,https://www.amazon.in/s?k=iPad+Air+M2+11inch
4364,Levi's 501 Jeans - Variant 3270,Clothing,5190,"Classic straight fit jeans, durable denim, available in multiple washes",116,4.5,https://www.amazon.in/s?k=Levis+501+Jeans
4365,New Balance 990v6 - Variant 3686,Shoes,13062,"Made in USA, premium suede and mesh upper, ENCAP midsole technology",38,4.7,https://www.amazon.in/s?k=New+Balance+990v6
4366,Air Fryer Ninja 6qt - Variant 4808,Kitchen,11438,"6-quart capacity, 4-in-1 functionality, up to 75% less fat, dishwasher safe",62,5.0,https://www.amazon.in/s?k=Ninja+Air+Fryer+6qt
4367,Hiking Boots Merrell - Variant 6077,Shoes,13419,"Waterproof leather, Vibram outsole, air cushion heel, ankle support",47,4.6,https://www.amazon.in/s?k=Merrell+Hiking+Boots+Waterproof
4368,Resistance Bands Set - Variant 4637,Sports,1885,"5 resistance levels, latex-free, includes door anchor and carry bag",184,4.3,https://www.amazon.in/s?k=Resistance+Bands+Set+5+levels
4369,Face Wash CeraVe - Variant 3565,Beauty,1180,"Hydrating cleanser with ceramides and hyaluronic acid, 16oz, all skin types",328,4.8,https://www.amazon.in/s?k=CeraVe+Hydrating+Face+Wash
4370,Backpack Osprey 40L - Variant 4424,Accessories,11257,"40L travel pack, TSA-friendly, laptop sleeve, rain cover included",51,4.8,https://www.amazon.in/s?k=Osprey+40L+Backpack
4371,Backpack Osprey 40L - Variant 3664,Accessories,15390,"40L travel pack, TSA-friendly, laptop sleeve, rain cover included",52,4.9,https://www.amazon.in/s?k=Osprey+40L+Backpack
4372,Harry Potter Box Set - Variant 3394,Books,7112,"Complete 7-book hardcover collection, illustrated edition",49,4.7,https://www.amazon.in/s?k=Harry+Potter+Box+Set+Hardcover
4373,Stand Mixer KitchenAid - Variant 1259,Kitchen,36884,"5-quart bowl, 10 speeds, 59 attachments compatible, tilt-head design",14,4.6,https://www.amazon.in/s?k=KitchenAid+Stand+Mixer+5qt
4374,Dell 27inch Monitor - Variant 9252,Electronics,31779,"IPS panel, 165Hz refresh rate, 1ms response time, USB-C, FreeSync",15,4.9,https://www.amazon.in/s?k=Dell+27+inch+165Hz+Monitor
4375,Jump Rope Speed - Variant 2568,Sports,1446,"Adjustable steel cable, ball bearing handles, suitable for all fitness levels",90,4.5,https://www.amazon.in/s?k=Speed+Jump+Rope+Adjustable
4376,Mechanical Keyboard RGB - Variant 3127,Electronics,7743,"TKL layout, Cherry MX switches, per-key RGB lighting, USB-C",59,4.5,https://www.amazon.in/s?k=Mechanical+Keyboard+RGB
4377,Levi's 501 Jeans - Variant 3152,Clothing,4603,"Classic straight fit jeans, durable denim, available in multiple washes",130,4.2,https://www.amazon.in/s?k=Levis+501+Jeans
4378,Linen Shirt Uniqlo - Variant 9374,Clothing,2729,"100% linen, breathable summer fabric, relaxed fit, 8 color options",119,4.5,https://www.amazon.in/s?k=Linen+Shirt+Men+Uniqlo
4379,iPad Air 11inch - Variant 7750,Electronics,59752,"M2 chip, 11-inch Liquid Retina display, Apple Pencil Pro support, 256GB",21,4.6,https://www.amazon.in/s?k=iPad+Air+M2+11inch
4380,Apple AirPods Pro - Variant 8021,Electronics,22992,"Active noise cancellation, transparency mode, spatial audio, wireless charging",17,4.6,https://www.amazon.in/s?k=Apple+AirPods+Pro
4381,Mechanical Keyboard RGB - Variant 6413,Electronics,6016,"TKL layout, Cherry MX switches, per-key RGB lighting, USB-C",47,4.4,https://www.amazon.in/s?k=Mechanical+Keyboard+RGB
4382,Resistance Bands Set - Variant 6662,Sports,2222,"5 resistance levels, latex-free, includes door anchor and carry bag",95,4.6,https://www.amazon.in/s?k=Resistance+Bands+Set+5+levels
4383,Sunglasses Polarized - Variant 1173,Accessories,2455,"UV400 protection, polarized lenses, lightweight frame, unisex design",141,4.0,https://www.amazon.in/s?k=Polarized+Sunglasses+UV400
4384,Converse Chuck Taylor - Variant 9336,Shoes,6075,"Classic canvas high-top, rubber sole, available in 20+ colors",135,4.7,https://www.amazon.in/s?k=Converse+Chuck+Taylor+High+Top
4385,Creatine Monohydrate - Variant 6838,Health,2890,"Micronized creatine, 5g per serving, unflavored, 60 servings, lab tested",55,4.4,https://www.amazon.in/s?k=Creatine+Monohydrate+Micronized
4386,Multivitamin Men's - Variant 6934,Health,2149,"23 essential vitamins and minerals, once daily, 90 tablets, no artificial colors",178,4.5,https://www.amazon.in/s?k=Mens+Multivitamin+Daily
4387,Stand Mixer KitchenAid - Variant 5408,Kitchen,30224,"5-quart bowl, 10 speeds, 59 attachments compatible, tilt-head design",8,4.8,https://www.amazon.in/s?k=KitchenAid+Stand+Mixer+5qt
4388,Levi's Denim Jacket - Variant 1994,Clothing,8403,"Classic trucker jacket, 100% cotton denim, multiple color options",63,4.2,https://www.amazon.in/s?k=Levis+Denim+Jacket+Trucker
4389,Protein Powder Whey - Variant 7739,Health,5413,"25g protein per serving, chocolate flavor, 5lb bag, no artificial colors",55,4.7,https://www.amazon.in/s?k=Whey+Protein+Powder+Chocolate
4390,The Alchemist Book - Variant 5834,Books,1034,Paulo Coelho's masterpiece about following your dreams and personal legend,220,5.0,https://www.amazon.in/s?k=The+Alchemist+Paulo+Coelho
4391,Instant Pot Duo 7-in-1 - Variant 9065,Kitchen,8816,"Pressure cooker, slow cooker, rice cooker, steamer, saute, yogurt maker",117,4.9,https://www.amazon.in/s?k=Instant+Pot+Duo
4392,Air Fryer Ninja 6qt - Variant 8494,Kitchen,8540,"6-quart capacity, 4-in-1 functionality, up to 75% less fat, dishwasher safe",72,4.8,https://www.amazon.in/s?k=Ninja+Air+Fryer+6qt
4393,Protein Powder Whey - Variant 5548,Health,5103,"25g protein per serving, chocolate flavor, 5lb bag, no artificial colors",48,4.7,https://www.amazon.in/s?k=Whey+Protein+Powder+Chocolate
4394,Vitamin C Serum - Variant 2361,Beauty,1897,"20% Vitamin C with hyaluronic acid, brightens skin, reduces dark spots",159,4.4,https://www.amazon.in/s?k=Vitamin+C+Serum+20+percent
4395,Dumbbell Set Adjustable - Variant 2653,Sports,13197,"5-52.5 lbs per dumbbell, replaces 15 sets, fast adjust dial system",36,5.0,https://www.amazon.in/s?k=Adjustable+Dumbbell+Set
4396,Sony WH-1000XM5 - Variant 2261,Electronics,29646,"Industry-leading noise cancellation, 30hr battery, multipoint connection",24,4.8,https://www.amazon.in/s?k=Sony+WH-1000XM5
4397,Stand Mixer KitchenAid - Variant 1110,Kitchen,34848,"5-quart bowl, 10 speeds, 59 attachments compatible, tilt-head design",6,4.9,https://www.amazon.in/s?k=KitchenAid+Stand+Mixer+5qt
4398,Hoodie Champion Reverse Weave - Variant 1094,Clothing,4495,"Heavyweight fleece, reverse weave construction, kangaroo pocket",118,4.4,https://www.amazon.in/s?k=Champion+Reverse+Weave+Hoodie
4399,Atomic Habits Workbook - Variant 3725,Books,1334,Companion workbook to Atomic Habits with exercises and habit trackers,113,4.5,https://www.amazon.in/s?k=Atomic+Habits+Workbook
4400,Wireless Mouse Logitech - Variant 6091,Electronics,3847,"MX Master 3, ergonomic design, 4000 DPI, multi-device support",58,4.8,https://www.amazon.in/s?k=Logitech+MX+Master+3
4401,Instant Pot Duo 7-in-1 - Variant 2539,Kitchen,8527,"Pressure cooker, slow cooker, rice cooker, steamer, saute, yogurt maker",74,4.8,https://www.amazon.in/s?k=Instant+Pot+Duo
4402,Dell 27inch Monitor - Variant 5605,Electronics,24443,"IPS panel, 165Hz refresh rate, 1ms response time, USB-C, FreeSync",17,5.0,https://www.amazon.in/s?k=Dell+27+inch+165Hz+Monitor
4403,Levi's 501 Jeans - Variant 1263,Clothing,4854,"Classic straight fit jeans, durable denim, available in multiple washes",136,4.1,https://www.amazon.in/s?k=Levis+501+Jeans
4404,Stand Mixer KitchenAid - Variant 5160,Kitchen,33811,"5-quart bowl, 10 speeds, 59 attachments compatible, tilt-head design",13,5.0,https://www.amazon.in/s?k=KitchenAid+Stand+Mixer+5qt
4405,New Balance 990v6 - Variant 6408,Shoes,13218,"Made in USA, premium suede and mesh upper, ENCAP midsole technology",21,4.5,https://www.amazon.in/s?k=New+Balance+990v6
4406,Adidas Ultraboost 22 - Variant 5565,Shoes,13545,"Responsive Boost midsole, Primeknit upper, Continental rubber outsole",49,4.6,https://www.amazon.in/s?k=Adidas+Ultraboost+22
4407,Air Fryer Ninja 6qt - Variant 2082,Kitchen,10355,"6-quart capacity, 4-in-1 functionality, up to 75% less fat, dishwasher safe",70,4.5,https://www.amazon.in/s?k=Ninja+Air+Fryer+6qt
4408,Jump Rope Speed - Variant 4665,Sports,1712,"Adjustable steel cable, ball bearing handles, suitable for all fitness levels",144,4.1,https://www.amazon.in/s?k=Speed+Jump+Rope+Adjustable
4409,Dumbbell Set Adjustable - Variant 8851,Sports,14367,"5-52.5 lbs per dumbbell, replaces 15 sets, fast adjust dial system",17,4.9,https://www.amazon.in/s?k=Adjustable+Dumbbell+Set
4410,Apple AirPods Pro - Variant 7383,Electronics,16919,"Active noise cancellation, transparency mode, spatial audio, wireless charging",40,4.7,https://www.amazon.in/s?k=Apple+AirPods+Pro
4411,The Alchemist Book - Variant 6170,Books,1233,Paulo Coelho's masterpiece about following your dreams and personal legend,150,5.0,https://www.amazon.in/s?k=The+Alchemist+Paulo+Coelho
4412,Stand Mixer KitchenAid - Variant 3308,Kitchen,28216,"5-quart bowl, 10 speeds, 59 attachments compatible, tilt-head design",9,5.0,https://www.amazon.in/s?k=KitchenAid+Stand+Mixer+5qt
4413,Instant Pot Duo 7-in-1 - Variant 4673,Kitchen,6238,"Pressure cooker, slow cooker, rice cooker, steamer, saute, yogurt maker",54,4.5,https://www.amazon.in/s?k=Instant+Pot+Duo
4414,Kindle Paperwhite - Variant 1578,Electronics,13202,"6.8-inch display, adjustable warm light, waterproof, 3 months free Kindle Unlimited",47,4.9,https://www.amazon.in/s?k=Kindle+Paperwhite+2024
4415,Wireless Mouse Logitech - Variant 3835,Electronics,3702,"MX Master 3, ergonomic design, 4000 DPI, multi-device support",89,5.0,https://www.amazon.in/s?k=Logitech+MX+Master+3
4416,Vitamin C Serum - Variant 2279,Beauty,1898,"20% Vitamin C with hyaluronic acid, brightens skin, reduces dark spots",155,4.0,https://www.amazon.in/s?k=Vitamin+C+Serum+20+percent
4417,Multivitamin Men's - Variant 6832,Health,2155,"23 essential vitamins and minerals, once daily, 90 tablets, no artificial colors",132,4.4,https://www.amazon.in/s?k=Mens+Multivitamin+Daily
4418,Leather Wallet Slim - Variant 9986,Accessories,1784,"Genuine leather, RFID blocking, 8 card slots, minimalist design",125,4.2,https://www.amazon.in/s?k=Slim+Leather+Wallet+RFID
4419,The Alchemist Book - Variant 7281,Books,1439,Paulo Coelho's masterpiece about following your dreams and personal legend,102,4.7,https://www.amazon.in/s?k=The+Alchemist+Paulo+Coelho
4420,Sunglasses Polarized - Variant 4502,Accessories,2729,"UV400 protection, polarized lenses, lightweight frame, unisex design",107,4.3,https://www.amazon.in/s?k=Polarized+Sunglasses+UV400
4421,Backpack Osprey 40L - Variant 2561,Accessories,11889,"40L travel pack, TSA-friendly, laptop sleeve, rain cover included",28,5.0,https://www.amazon.in/s?k=Osprey+40L+Backpack
4422,Resistance Bands Set - Variant 1043,Sports,1857,"5 resistance levels, latex-free, includes door anchor and carry bag",177,4.7,https://www.amazon.in/s?k=Resistance+Bands+Set+5+levels
4423,Levi's Denim Jacket - Variant 3264,Clothing,7347,"Classic trucker jacket, 100% cotton denim, multiple color options",48,4.5,https://www.amazon.in/s?k=Levis+Denim+Jacket+Trucker
4424,Hoodie Champion Reverse Weave - Variant 7563,Clothing,5567,"Heavyweight fleece, reverse weave construction, kangaroo pocket",80,4.8,https://www.amazon.in/s?k=Champion+Reverse+Weave+Hoodie
4425,Hiking Boots Merrell - Variant 2227,Shoes,10587,"Waterproof leather, Vibram outsole, air cushion heel, ankle support",50,4.7,https://www.amazon.in/s?k=Merrell+Hiking+Boots+Waterproof
4426,Jump Rope Speed - Variant 6871,Sports,1400,"Adjustable steel cable, ball bearing handles, suitable for all fitness levels",191,4.6,https://www.amazon.in/s?k=Speed+Jump+Rope+Adjustable
4427,Levi's 501 Jeans - Variant 3391,Clothing,4918,"Classic straight fit jeans, durable denim, available in multiple washes",111,4.4,https://www.amazon.in/s?k=Levis+501+Jeans
4428,The Alchemist Book - Variant 3477,Books,1193,Paulo Coelho's masterpiece about following your dreams and personal legend,137,4.9,https://www.amazon.in/s?k=The+Alchemist+Paulo+Coelho
4429,Kindle Paperwhite - Variant 4975,Electronics,13213,"6.8-inch display, adjustable warm light, waterproof, 3 months free Kindle Unlimited",57,4.7,https://www.amazon.in/s?k=Kindle+Paperwhite+2024
4430,Backpack Osprey 40L - Variant 8073,Accessories,15106,"40L travel pack, TSA-friendly, laptop sleeve, rain cover included",46,4.5,https://www.amazon.in/s?k=Osprey+40L+Backpack
4431,Dumbbell Set Adjustable - Variant 2583,Sports,13316,"5-52.5 lbs per dumbbell, replaces 15 sets, fast adjust dial system",25,4.7,https://www.amazon.in/s?k=Adjustable+Dumbbell+Set
4432,New Balance 990v6 - Variant 3174,Shoes,13104,"Made in USA, premium suede and mesh upper, ENCAP midsole technology",48,4.5,https://www.amazon.in/s?k=New+Balance+990v6
4433,Instant Pot Duo 7-in-1 - Variant 8496,Kitchen,8421,"Pressure cooker, slow cooker, rice cooker, steamer, saute, yogurt maker",77,4.8,https://www.amazon.in/s?k=Instant+Pot+Duo
4434,Running Shorts Nike - Variant 4703,Clothing,3120,"Dri-FIT fabric, 7-inch inseam, built-in brief, reflective details",110,4.5,https://www.amazon.in/s?k=Nike+Running+Shorts+DriFIT
4435,The Alchemist Book - Variant 7596,Books,1444,Paulo Coelho's masterpiece about following your dreams and personal legend,146,4.7,https://www.amazon.in/s?k=The+Alchemist+Paulo+Coelho
4436,Linen Shirt Uniqlo - Variant 6278,Clothing,3010,"100% linen, breathable summer fabric, relaxed fit, 8 color options",87,4.2,https://www.amazon.in/s?k=Linen+Shirt+Men+Uniqlo
4437,Harry Potter Box Set - Variant 8867,Books,5598,"Complete 7-book hardcover collection, illustrated edition",31,4.7,https://www.amazon.in/s?k=Harry+Potter+Box+Set+Hardcover
4438,Sony WH-1000XM5 - Variant 1592,Electronics,34244,"Industry-leading noise cancellation, 30hr battery, multipoint connection",21,4.7,https://www.amazon.in/s?k=Sony+WH-1000XM5
4439,The Alchemist Book - Variant 5603,Books,1273,Paulo Coelho's masterpiece about following your dreams and personal legend,223,4.9,https://www.amazon.in/s?k=The+Alchemist+Paulo+Coelho
4440,Sunscreen SPF 50 EltaMD - Variant 4476,Beauty,3461,"Broad spectrum UV protection, oil-free, dermatologist recommended, 3oz",92,4.7,https://www.amazon.in/s?k=EltaMD+Sunscreen+SPF+50
4441,Atomic Habits Workbook - Variant 7175,Books,1653,Companion workbook to Atomic Habits with exercises and habit trackers,108,4.3,https://www.amazon.in/s?k=Atomic+Habits+Workbook
4442,Atomic Habits Workbook - Variant 1890,Books,1406,Companion workbook to Atomic Habits with exercises and habit trackers,72,4.5,https://www.amazon.in/s?k=Atomic+Habits+Workbook
4443,Face Wash CeraVe - Variant 7227,Beauty,1243,"Hydrating cleanser with ceramides and hyaluronic acid, 16oz, all skin types",181,4.6,https://www.amazon.in/s?k=CeraVe+Hydrating+Face+Wash
4444,Multivitamin Men's - Variant 5139,Health,1700,"23 essential vitamins and minerals, once daily, 90 tablets, no artificial colors",103,4.2,https://www.amazon.in/s?k=Mens+Multivitamin+Daily
4445,Atomic Habits Book - Variant 3224,Books,1394,James Clear's guide to building good habits and breaking bad ones,369,5.0,https://www.amazon.in/s?k=Atomic+Habits+James+Clear
4446,Creatine Monohydrate - Variant 5269,Health,2282,"Micronized creatine, 5g per serving, unflavored, 60 servings, lab tested",52,4.9,https://www.amazon.in/s?k=Creatine+Monohydrate+Micronized
4447,Running Shorts Nike - Variant 8891,Clothing,2756,"Dri-FIT fabric, 7-inch inseam, built-in brief, reflective details",120,4.4,https://www.amazon.in/s?k=Nike+Running+Shorts+DriFIT
4448,Retinol Night Cream - Variant 1753,Beauty,3218,"0.5% retinol with peptides, reduces fine lines, fragrance-free, 50ml",128,4.1,https://www.amazon.in/s?k=Retinol+Night+Cream+0.5+percent
4449,Leather Wallet Slim - Variant 4566,Accessories,1775,"Genuine leather, RFID blocking, 8 card slots, minimalist design",113,4.6,https://www.amazon.in/s?k=Slim+Leather+Wallet+RFID
4450,Face Wash CeraVe - Variant 7788,Beauty,1052,"Hydrating cleanser with ceramides and hyaluronic acid, 16oz, all skin types",216,4.7,https://www.amazon.in/s?k=CeraVe+Hydrating+Face+Wash
4451,Sunglasses Polarized - Variant 6687,Accessories,2891,"UV400 protection, polarized lenses, lightweight frame, unisex design",70,3.8,https://www.amazon.in/s?k=Polarized+Sunglasses+UV400
4452,Face Wash CeraVe - Variant 7569,Beauty,1127,"Hydrating cleanser with ceramides and hyaluronic acid, 16oz, all skin types",285,4.6,https://www.amazon.in/s?k=CeraVe+Hydrating+Face+Wash
4453,Protein Powder Whey - Variant 2110,Health,4034,"25g protein per serving, chocolate flavor, 5lb bag, no artificial colors",45,4.6,https://www.amazon.in/s?k=Whey+Protein+Powder+Chocolate
4454,Dumbbell Set Adjustable - Variant 6369,Sports,11287,"5-52.5 lbs per dumbbell, replaces 15 sets, fast adjust dial system",40,4.8,https://www.amazon.in/s?k=Adjustable+Dumbbell+Set
4455,Mechanical Keyboard RGB - Variant 4064,Electronics,6767,"TKL layout, Cherry MX switches, per-key RGB lighting, USB-C",56,4.7,https://www.amazon.in/s?k=Mechanical+Keyboard+RGB
4456,Creatine Monohydrate - Variant 1243,Health,2617,"Micronized creatine, 5g per serving, unflavored, 60 servings, lab tested",91,4.6,https://www.amazon.in/s?k=Creatine+Monohydrate+Micronized
4457,Stand Mixer KitchenAid - Variant 5581,Kitchen,30116,"5-quart bowl, 10 speeds, 59 attachments compatible, tilt-head design",13,5.0,https://www.amazon.in/s?k=KitchenAid+Stand+Mixer+5qt
4458,Kindle Paperwhite - Variant 1013,Electronics,11423,"6.8-inch display, adjustable warm light, waterproof, 3 months free Kindle Unlimited",61,4.5,https://www.amazon.in/s?k=Kindle+Paperwhite+2024
4459,Sunscreen SPF 50 EltaMD - Variant 1809,Beauty,2995,"Broad spectrum UV protection, oil-free, dermatologist recommended, 3oz",59,5.0,https://www.amazon.in/s?k=EltaMD+Sunscreen+SPF+50
4460,Levi's Denim Jacket - Variant 2618,Clothing,6451,"Classic trucker jacket, 100% cotton denim, multiple color options",57,4.3,https://www.amazon.in/s?k=Levis+Denim+Jacket+Trucker
4461,Sunscreen SPF 50 EltaMD - Variant 7946,Beauty,2974,"Broad spectrum UV protection, oil-free, dermatologist recommended, 3oz",122,4.8,https://www.amazon.in/s?k=EltaMD+Sunscreen+SPF+50
4462,Hiking Boots Merrell - Variant 9153,Shoes,13331,"Waterproof leather, Vibram outsole, air cushion heel, ankle support",61,4.4,https://www.amazon.in/s?k=Merrell+Hiking+Boots+Waterproof
4463,Harry Potter Box Set - Variant 3048,Books,6736,"Complete 7-book hardcover collection, illustrated edition",23,5.0,https://www.amazon.in/s?k=Harry+Potter+Box+Set+Hardcover
4464,iPad Air 11inch - Variant 8199,Electronics,50588,"M2 chip, 11-inch Liquid Retina display, Apple Pencil Pro support, 256GB",15,5.0,https://www.amazon.in/s?k=iPad+Air+M2+11inch
4465,Yoga Mat Premium - Variant 6401,Sports,3280,"Non-slip 6mm thick mat, eco-friendly TPE material, includes carry strap",83,4.4,https://www.amazon.in/s?k=Premium+Yoga+Mat
4466,Dell 27inch Monitor - Variant 5601,Electronics,28089,"IPS panel, 165Hz refresh rate, 1ms response time, USB-C, FreeSync",9,4.8,https://www.amazon.in/s?k=Dell+27+inch+165Hz+Monitor
4467,Rich Dad Poor Dad - Variant 6442,Books,1104,"Robert Kiyosaki's personal finance classic, updated 25th anniversary edition",240,4.5,https://www.amazon.in/s?k=Rich+Dad+Poor+Dad+Kiyosaki
4468,Levi's Denim Jacket - Variant 3053,Clothing,6826,"Classic trucker jacket, 100% cotton denim, multiple color options",109,4.4,https://www.amazon.in/s?k=Levis+Denim+Jacket+Trucker
4469,Resistance Bands Set - Variant 4092,Sports,1971,"5 resistance levels, latex-free, includes door anchor and carry bag",101,4.3,https://www.amazon.in/s?k=Resistance+Bands+Set+5+levels
4470,Protein Powder Whey - Variant 3841,Health,4528,"25g protein per serving, chocolate flavor, 5lb bag, no artificial colors",36,4.8,https://www.amazon.in/s?k=Whey+Protein+Powder+Chocolate
4471,Face Wash CeraVe - Variant 1683,Beauty,1377,"Hydrating cleanser with ceramides and hyaluronic acid, 16oz, all skin types",152,4.7,https://www.amazon.in/s?k=CeraVe+Hydrating+Face+Wash
4472,Backpack Osprey 40L - Variant 2952,Accessories,12364,"40L travel pack, TSA-friendly, laptop sleeve, rain cover included",42,4.6,https://www.amazon.in/s?k=Osprey+40L+Backpack
4473,Levi's 501 Jeans - Variant 9267,Clothing,4226,"Classic straight fit jeans, durable denim, available in multiple washes",86,4.2,https://www.amazon.in/s?k=Levis+501+Jeans
4474,Mechanical Keyboard RGB - Variant 6305,Electronics,7309,"TKL layout, Cherry MX switches, per-key RGB lighting, USB-C",57,4.3,https://www.amazon.in/s?k=Mechanical+Keyboard+RGB
4475,Levi's 501 Jeans - Variant 1866,Clothing,5213,"Classic straight fit jeans, durable denim, available in multiple washes",115,4.0,https://www.amazon.in/s?k=Levis+501+Jeans
4476,Mechanical Keyboard RGB - Variant 8149,Electronics,7039,"TKL layout, Cherry MX switches, per-key RGB lighting, USB-C",29,4.5,https://www.amazon.in/s?k=Mechanical+Keyboard+RGB
4477,Face Wash CeraVe - Variant 3562,Beauty,1489,"Hydrating cleanser with ceramides and hyaluronic acid, 16oz, all skin types",290,4.4,https://www.amazon.in/s?k=CeraVe+Hydrating+Face+Wash
4478,Mechanical Keyboard RGB - Variant 1059,Electronics,7777,"TKL layout, Cherry MX switches, per-key RGB lighting, USB-C",45,4.3,https://www.amazon.in/s?k=Mechanical+Keyboard+RGB
4479,Adidas Ultraboost 22 - Variant 5976,Shoes,12762,"Responsive Boost midsole, Primeknit upper, Continental rubber outsole",61,4.7,https://www.amazon.in/s?k=Adidas+Ultraboost+22
4480,Nike Air Max 270 - Variant 1210,Shoes,8976,"Lightweight running shoe with Air Max cushioning, great for daily use",51,4.4,https://www.amazon.in/s?k=Nike+Air+Max+270
4481,Kindle Paperwhite - Variant 6509,Electronics,12242,"6.8-inch display, adjustable warm light, waterproof, 3 months free Kindle Unlimited",54,4.4,https://www.amazon.in/s?k=Kindle+Paperwhite+2024
4482,Sony WH-1000XM5 - Variant 2976,Electronics,25066,"Industry-leading noise cancellation, 30hr battery, multipoint connection",31,5.0,https://www.amazon.in/s?k=Sony+WH-1000XM5
4483,Kindle Paperwhite - Variant 5794,Electronics,13615,"6.8-inch display, adjustable warm light, waterproof, 3 months free Kindle Unlimited",36,4.8,https://www.amazon.in/s?k=Kindle+Paperwhite+2024
4484,Levi's Denim Jacket - Variant 3845,Clothing,7214,"Classic trucker jacket, 100% cotton denim, multiple color options",94,4.5,https://www.amazon.in/s?k=Levis+Denim+Jacket+Trucker
4485,Kindle Paperwhite - Variant 6211,Electronics,12164,"6.8-inch display, adjustable warm light, waterproof, 3 months free Kindle Unlimited",86,4.8,https://www.amazon.in/s?k=Kindle+Paperwhite+2024
4486,Sunglasses Polarized - Variant 7665,Accessories,2370,"UV400 protection, polarized lenses, lightweight frame, unisex design",67,4.2,https://www.amazon.in/s?k=Polarized+Sunglasses+UV400
4487,Nike Air Max 270 - Variant 2802,Shoes,12079,"Lightweight running shoe with Air Max cushioning, great for daily use",53,4.6,https://www.amazon.in/s?k=Nike+Air+Max+270
4488,Sunglasses Polarized - Variant 1791,Accessories,2731,"UV400 protection, polarized lenses, lightweight frame, unisex design",57,4.1,https://www.amazon.in/s?k=Polarized+Sunglasses+UV400
4489,Stand Mixer KitchenAid - Variant 2157,Kitchen,33318,"5-quart bowl, 10 speeds, 59 attachments compatible, tilt-head design",13,4.6,https://www.amazon.in/s?k=KitchenAid+Stand+Mixer+5qt
4490,Adidas Ultraboost 22 - Variant 9645,Shoes,17694,"Responsive Boost midsole, Primeknit upper, Continental rubber outsole",51,4.8,https://www.amazon.in/s?k=Adidas+Ultraboost+22
4491,Wireless Mouse Logitech - Variant 7527,Electronics,3002,"MX Master 3, ergonomic design, 4000 DPI, multi-device support",59,4.5,https://www.amazon.in/s?k=Logitech+MX+Master+3
4492,Rich Dad Poor Dad - Variant 2006,Books,1233,"Robert Kiyosaki's personal finance classic, updated 25th anniversary edition",132,4.7,https://www.amazon.in/s?k=Rich+Dad+Poor+Dad+Kiyosaki
4493,Leather Wallet Slim - Variant 9580,Accessories,1853,"Genuine leather, RFID blocking, 8 card slots, minimalist design",147,4.7,https://www.amazon.in/s?k=Slim+Leather+Wallet+RFID
4494,Coffee Maker Drip - Variant 3989,Kitchen,3896,"12-cup programmable coffee maker, built-in grinder, thermal carafe",31,4.5,https://www.amazon.in/s?k=Drip+Coffee+Maker
4495,Kindle Paperwhite - Variant 9430,Electronics,11518,"6.8-inch display, adjustable warm light, waterproof, 3 months free Kindle Unlimited",72,4.7,https://www.amazon.in/s?k=Kindle+Paperwhite+2024
4496,Harry Potter Box Set - Variant 5749,Books,6629,"Complete 7-book hardcover collection, illustrated edition",21,4.7,https://www.amazon.in/s?k=Harry+Potter+Box+Set+Hardcover
4497,New Balance 990v6 - Variant 8195,Shoes,18136,"Made in USA, premium suede and mesh upper, ENCAP midsole technology",49,4.8,https://www.amazon.in/s?k=New+Balance+990v6
4498,Sunglasses Polarized - Variant 6137,Accessories,2161,"UV400 protection, polarized lenses, lightweight frame, unisex design",64,3.8,https://www.amazon.in/s?k=Polarized+Sunglasses+UV400
4499,Backpack Osprey 40L - Variant 6201,Accessories,15453,"40L travel pack, TSA-friendly, laptop sleeve, rain cover included",31,4.8,https://www.amazon.in/s?k=Osprey+40L+Backpack
4500,Running Shorts Nike - Variant 7763,Clothing,2944,"Dri-FIT fabric, 7-inch inseam, built-in brief, reflective details",96,4.5,https://www.amazon.in/s?k=Nike+Running+Shorts+DriFIT
4501,Leather Wallet Slim - Variant 4225,Accessories,2495,"Genuine leather, RFID blocking, 8 card slots, minimalist design",80,4.7,https://www.amazon.in/s?k=Slim+Leather+Wallet+RFID
4502,Multivitamin Men's - Variant 9335,Health,2291,"23 essential vitamins and minerals, once daily, 90 tablets, no artificial colors",83,4.8,https://www.amazon.in/s?k=Mens+Multivitamin+Daily
4503,Dumbbell Set Adjustable - Variant 9833,Sports,11802,"5-52.5 lbs per dumbbell, replaces 15 sets, fast adjust dial system",30,4.9,https://www.amazon.in/s?k=Adjustable+Dumbbell+Set
4504,Stand Mixer KitchenAid - Variant 2405,Kitchen,31499,"5-quart bowl, 10 speeds, 59 attachments compatible, tilt-head design",9,4.8,https://www.amazon.in/s?k=KitchenAid+Stand+Mixer+5qt
4505,Webcam Logitech 4K - Variant 1605,Electronics,11098,"4K Ultra HD, auto-focus, built-in mic, works with Zoom and Teams",27,4.3,https://www.amazon.in/s?k=Logitech+4K+Webcam
4506,Omega-3 Fish Oil - Variant 4739,Health,1613,"1200mg EPA+DHA per serving, enteric coated, 90 softgels, no fishy aftertaste",102,4.8,https://www.amazon.in/s?k=Omega+3+Fish+Oil+1200mg
4507,Sunscreen SPF 50 EltaMD - Variant 2715,Beauty,3121,"Broad spectrum UV protection, oil-free, dermatologist recommended, 3oz",112,4.9,https://www.amazon.in/s?k=EltaMD+Sunscreen+SPF+50
4508,Levi's Denim Jacket - Variant 1727,Clothing,6944,"Classic trucker jacket, 100% cotton denim, multiple color options",62,4.3,https://www.amazon.in/s?k=Levis+Denim+Jacket+Trucker
4509,Jump Rope Speed - Variant 8025,Sports,1666,"Adjustable steel cable, ball bearing handles, suitable for all fitness levels",152,4.6,https://www.amazon.in/s?k=Speed+Jump+Rope+Adjustable
4510,Resistance Bands Set - Variant 1320,Sports,2006,"5 resistance levels, latex-free, includes door anchor and carry bag",118,4.3,https://www.amazon.in/s?k=Resistance+Bands+Set+5+levels
4511,Leather Wallet Slim - Variant 8832,Accessories,1695,"Genuine leather, RFID blocking, 8 card slots, minimalist design",156,4.1,https://www.amazon.in/s?k=Slim+Leather+Wallet+RFID
4512,Nike Air Max 270 - Variant 7469,Shoes,12860,"Lightweight running shoe with Air Max cushioning, great for daily use",53,4.7,https://www.amazon.in/s?k=Nike+Air+Max+270
4513,Linen Shirt Uniqlo - Variant 6410,Clothing,3630,"100% linen, breathable summer fabric, relaxed fit, 8 color options",89,4.1,https://www.amazon.in/s?k=Linen+Shirt+Men+Uniqlo
4514,Dumbbell Set Adjustable - Variant 2700,Sports,11055,"5-52.5 lbs per dumbbell, replaces 15 sets, fast adjust dial system",25,5.0,https://www.amazon.in/s?k=Adjustable+Dumbbell+Set
4515,Vitamin C Serum - Variant 8322,Beauty,1897,"20% Vitamin C with hyaluronic acid, brightens skin, reduces dark spots",157,4.5,https://www.amazon.in/s?k=Vitamin+C+Serum+20+percent
4516,Air Fryer Ninja 6qt - Variant 1740,Kitchen,10322,"6-quart capacity, 4-in-1 functionality, up to 75% less fat, dishwasher safe",74,4.6,https://www.amazon.in/s?k=Ninja+Air+Fryer+6qt
4517,Converse Chuck Taylor - Variant 4592,Shoes,6488,"Classic canvas high-top, rubber sole, available in 20+ colors",151,4.8,https://www.amazon.in/s?k=Converse+Chuck+Taylor+High+Top
4518,Dell 27inch Monitor - Variant 1735,Electronics,29392,"IPS panel, 165Hz refresh rate, 1ms response time, USB-C, FreeSync",14,4.8,https://www.amazon.in/s?k=Dell+27+inch+165Hz+Monitor
4519,Stand Mixer KitchenAid - Variant 8988,Kitchen,37468,"5-quart bowl, 10 speeds, 59 attachments compatible, tilt-head design",15,5.0,https://www.amazon.in/s?k=KitchenAid+Stand+Mixer+5qt
4520,iPad Air 11inch - Variant 1169,Electronics,59453,"M2 chip, 11-inch Liquid Retina display, Apple Pencil Pro support, 256GB",10,4.6,https://www.amazon.in/s?k=iPad+Air+M2+11inch
4521,Multivitamin Men's - Variant 7762,Health,2089,"23 essential vitamins and minerals, once daily, 90 tablets, no artificial colors",120,4.5,https://www.amazon.in/s?k=Mens+Multivitamin+Daily
4522,Kindle Paperwhite - Variant 9737,Electronics,11246,"6.8-inch display, adjustable warm light, waterproof, 3 months free Kindle Unlimited",82,4.7,https://www.amazon.in/s?k=Kindle+Paperwhite+2024
4523,Blender Vitamix A2500 - Variant 6963,Kitchen,34843,"Variable speed control, 3 program settings, self-cleaning, 64oz container",32,4.7,https://www.amazon.in/s?k=Vitamix+A2500+Blender
4524,Sunglasses Polarized - Variant 4679,Accessories,2646,"UV400 protection, polarized lenses, lightweight frame, unisex design",84,4.2,https://www.amazon.in/s?k=Polarized+Sunglasses+UV400
4525,Webcam Logitech 4K - Variant 1187,Electronics,12761,"4K Ultra HD, auto-focus, built-in mic, works with Zoom and Teams",32,4.3,https://www.amazon.in/s?k=Logitech+4K+Webcam
4526,Air Fryer Ninja 6qt - Variant 2064,Kitchen,9559,"6-quart capacity, 4-in-1 functionality, up to 75% less fat, dishwasher safe",68,4.5,https://www.amazon.in/s?k=Ninja+Air+Fryer+6qt
4527,Wireless Mouse Logitech - Variant 1315,Electronics,3914,"MX Master 3, ergonomic design, 4000 DPI, multi-device support",69,4.9,https://www.amazon.in/s?k=Logitech+MX+Master+3
4528,Vitamin C Serum - Variant 8955,Beauty,1943,"20% Vitamin C with hyaluronic acid, brightens skin, reduces dark spots",126,4.4,https://www.amazon.in/s?k=Vitamin+C+Serum+20+percent
4529,Sunscreen SPF 50 EltaMD - Variant 5255,Beauty,3434,"Broad spectrum UV protection, oil-free, dermatologist recommended, 3oz",94,5.0,https://www.amazon.in/s?k=EltaMD+Sunscreen+SPF+50
4530,Apple AirPods Pro - Variant 3677,Electronics,24345,"Active noise cancellation, transparency mode, spatial audio, wireless charging",41,4.8,https://www.amazon.in/s?k=Apple+AirPods+Pro
4531,Retinol Night Cream - Variant 3232,Beauty,2720,"0.5% retinol with peptides, reduces fine lines, fragrance-free, 50ml",66,4.6,https://www.amazon.in/s?k=Retinol+Night+Cream+0.5+percent
4532,Running Shorts Nike - Variant 9477,Clothing,3320,"Dri-FIT fabric, 7-inch inseam, built-in brief, reflective details",127,4.3,https://www.amazon.in/s?k=Nike+Running+Shorts+DriFIT
4533,Sunscreen SPF 50 EltaMD - Variant 4986,Beauty,2729,"Broad spectrum UV protection, oil-free, dermatologist recommended, 3oz",87,4.6,https://www.amazon.in/s?k=EltaMD+Sunscreen+SPF+50
4534,Yoga Mat Premium - Variant 1135,Sports,3080,"Non-slip 6mm thick mat, eco-friendly TPE material, includes carry strap",100,4.2,https://www.amazon.in/s?k=Premium+Yoga+Mat
4535,Running Shorts Nike - Variant 5445,Clothing,3326,"Dri-FIT fabric, 7-inch inseam, built-in brief, reflective details",66,4.2,https://www.amazon.in/s?k=Nike+Running+Shorts+DriFIT
4536,Wireless Mouse Logitech - Variant 5224,Electronics,2991,"MX Master 3, ergonomic design, 4000 DPI, multi-device support",77,4.6,https://www.amazon.in/s?k=Logitech+MX+Master+3
4537,Creatine Monohydrate - Variant 5219,Health,2327,"Micronized creatine, 5g per serving, unflavored, 60 servings, lab tested",50,4.8,https://www.amazon.in/s?k=Creatine+Monohydrate+Micronized
4538,Levi's 501 Jeans - Variant 9353,Clothing,5136,"Classic straight fit jeans, durable denim, available in multiple washes",162,4.6,https://www.amazon.in/s?k=Levis+501+Jeans
4539,Retinol Night Cream - Variant 1476,Beauty,2735,"0.5% retinol with peptides, reduces fine lines, fragrance-free, 50ml",89,4.3,https://www.amazon.in/s?k=Retinol+Night+Cream+0.5+percent
4540,The Alchemist Book - Variant 3463,Books,1350,Paulo Coelho's masterpiece about following your dreams and personal legend,217,4.9,https://www.amazon.in/s?k=The+Alchemist+Paulo+Coelho
4541,iPad Air 11inch - Variant 4361,Electronics,49338,"M2 chip, 11-inch Liquid Retina display, Apple Pencil Pro support, 256GB",18,4.8,https://www.amazon.in/s?k=iPad+Air+M2+11inch
4542,Face Wash CeraVe - Variant 5831,Beauty,1100,"Hydrating cleanser with ceramides and hyaluronic acid, 16oz, all skin types",276,4.5,https://www.amazon.in/s?k=CeraVe+Hydrating+Face+Wash
4543,Levi's Denim Jacket - Variant 7799,Clothing,6664,"Classic trucker jacket, 100% cotton denim, multiple color options",93,4.4,https://www.amazon.in/s?k=Levis+Denim+Jacket+Trucker
4544,New Balance 990v6 - Variant 9467,Shoes,12659,"Made in USA, premium suede and mesh upper, ENCAP midsole technology",51,4.4,https://www.amazon.in/s?k=New+Balance+990v6
4545,New Balance 990v6 - Variant 3570,Shoes,13244,"Made in USA, premium suede and mesh upper, ENCAP midsole technology",35,4.7,https://www.amazon.in/s?k=New+Balance+990v6
4546,Atomic Habits Workbook - Variant 1694,Books,1361,Companion workbook to Atomic Habits with exercises and habit trackers,66,4.6,https://www.amazon.in/s?k=Atomic+Habits+Workbook
4547,Omega-3 Fish Oil - Variant 5121,Health,1948,"1200mg EPA+DHA per serving, enteric coated, 90 softgels, no fishy aftertaste",238,4.5,https://www.amazon.in/s?k=Omega+3+Fish+Oil+1200mg
4548,Jump Rope Speed - Variant 3802,Sports,1748,"Adjustable steel cable, ball bearing handles, suitable for all fitness levels",211,4.3,https://www.amazon.in/s?k=Speed+Jump+Rope+Adjustable
4549,Face Wash CeraVe - Variant 2983,Beauty,1185,"Hydrating cleanser with ceramides and hyaluronic acid, 16oz, all skin types",157,4.5,https://www.amazon.in/s?k=CeraVe+Hydrating+Face+Wash
4550,Dell 27inch Monitor - Variant 8389,Electronics,29656,"IPS panel, 165Hz refresh rate, 1ms response time, USB-C, FreeSync",21,4.5,https://www.amazon.in/s?k=Dell+27+inch+165Hz+Monitor
4551,Resistance Bands Set - Variant 5910,Sports,2114,"5 resistance levels, latex-free, includes door anchor and carry bag",166,4.5,https://www.amazon.in/s?k=Resistance+Bands+Set+5+levels
4552,The Alchemist Book - Variant 8161,Books,1136,Paulo Coelho's masterpiece about following your dreams and personal legend,136,4.6,https://www.amazon.in/s?k=The+Alchemist+Paulo+Coelho
4553,Instant Pot Duo 7-in-1 - Variant 1578,Kitchen,8820,"Pressure cooker, slow cooker, rice cooker, steamer, saute, yogurt maker",60,4.6,https://www.amazon.in/s?k=Instant+Pot+Duo
4554,Dumbbell Set Adjustable - Variant 7047,Sports,11293,"5-52.5 lbs per dumbbell, replaces 15 sets, fast adjust dial system",16,4.9,https://www.amazon.in/s?k=Adjustable+Dumbbell+Set
4555,Yoga Mat Premium - Variant 5724,Sports,3150,"Non-slip 6mm thick mat, eco-friendly TPE material, includes carry strap",115,4.4,https://www.amazon.in/s?k=Premium+Yoga+Mat
4556,Linen Shirt Uniqlo - Variant 2193,Clothing,3861,"100% linen, breathable summer fabric, relaxed fit, 8 color options",112,4.2,https://www.amazon.in/s?k=Linen+Shirt+Men+Uniqlo
4557,Blender Vitamix A2500 - Variant 7868,Kitchen,37307,"Variable speed control, 3 program settings, self-cleaning, 64oz container",32,4.6,https://www.amazon.in/s?k=Vitamix+A2500+Blender
4558,Sunglasses Polarized - Variant 2115,Accessories,2308,"UV400 protection, polarized lenses, lightweight frame, unisex design",131,4.2,https://www.amazon.in/s?k=Polarized+Sunglasses+UV400
4559,Creatine Monohydrate - Variant 8154,Health,2939,"Micronized creatine, 5g per serving, unflavored, 60 servings, lab tested",97,4.6,https://www.amazon.in/s?k=Creatine+Monohydrate+Micronized
4560,Mechanical Keyboard RGB - Variant 5029,Electronics,6272,"TKL layout, Cherry MX switches, per-key RGB lighting, USB-C",47,4.5,https://www.amazon.in/s?k=Mechanical+Keyboard+RGB
4561,Converse Chuck Taylor - Variant 5593,Shoes,5870,"Classic canvas high-top, rubber sole, available in 20+ colors",185,4.6,https://www.amazon.in/s?k=Converse+Chuck+Taylor+High+Top
4562,Adidas Ultraboost 22 - Variant 2075,Shoes,17327,"Responsive Boost midsole, Primeknit upper, Continental rubber outsole",78,4.8,https://www.amazon.in/s?k=Adidas+Ultraboost+22
4563,Coffee Maker Drip - Variant 5186,Kitchen,4558,"12-cup programmable coffee maker, built-in grinder, thermal carafe",82,4.5,https://www.amazon.in/s?k=Drip+Coffee+Maker
4564,Sony WH-1000XM5 - Variant 3186,Electronics,34623,"Industry-leading noise cancellation, 30hr battery, multipoint connection",27,5.0,https://www.amazon.in/s?k=Sony+WH-1000XM5
4565,Instant Pot Duo 7-in-1 - Variant 5680,Kitchen,6693,"Pressure cooker, slow cooker, rice cooker, steamer, saute, yogurt maker",115,5.0,https://www.amazon.in/s?k=Instant+Pot+Duo
4566,Stand Mixer KitchenAid - Variant 6250,Kitchen,30240,"5-quart bowl, 10 speeds, 59 attachments compatible, tilt-head design",16,5.0,https://www.amazon.in/s?k=KitchenAid+Stand+Mixer+5qt
4567,Levi's 501 Jeans - Variant 1367,Clothing,4044,"Classic straight fit jeans, durable denim, available in multiple washes",106,4.0,https://www.amazon.in/s?k=Levis+501+Jeans
4568,Rich Dad Poor Dad - Variant 8643,Books,1043,"Robert Kiyosaki's personal finance classic, updated 25th anniversary edition",169,4.4,https://www.amazon.in/s?k=Rich+Dad+Poor+Dad+Kiyosaki
4569,Luggage Samsonite 28inch - Variant 6181,Accessories,15710,"Hardside spinner, TSA lock, expandable, lightweight polycarbonate shell",34,4.4,https://www.amazon.in/s?k=Samsonite+28+inch+Hardside+Luggage
4570,Mechanical Keyboard RGB - Variant 9977,Electronics,7426,"TKL layout, Cherry MX switches, per-key RGB lighting, USB-C",37,4.7,https://www.amazon.in/s?k=Mechanical+Keyboard+RGB
4571,Running Shorts Nike - Variant 4624,Clothing,3323,"Dri-FIT fabric, 7-inch inseam, built-in brief, reflective details",86,4.3,https://www.amazon.in/s?k=Nike+Running+Shorts+DriFIT
4572,Apple AirPods Pro - Variant 3326,Electronics,22894,"Active noise cancellation, transparency mode, spatial audio, wireless charging",44,4.7,https://www.amazon.in/s?k=Apple+AirPods+Pro
4573,Atomic Habits Book - Variant 3129,Books,1464,James Clear's guide to building good habits and breaking bad ones,395,4.7,https://www.amazon.in/s?k=Atomic+Habits+James+Clear
4574,Apple AirPods Pro - Variant 9538,Electronics,22980,"Active noise cancellation, transparency mode, spatial audio, wireless charging",37,4.5,https://www.amazon.in/s?k=Apple+AirPods+Pro
4575,Hiking Boots Merrell - Variant 4338,Shoes,10696,"Waterproof leather, Vibram outsole, air cushion heel, ankle support",50,4.7,https://www.amazon.in/s?k=Merrell+Hiking+Boots+Waterproof
4576,Converse Chuck Taylor - Variant 9784,Shoes,6077,"Classic canvas high-top, rubber sole, available in 20+ colors",212,4.3,https://www.amazon.in/s?k=Converse+Chuck+Taylor+High+Top
4577,Converse Chuck Taylor - Variant 7744,Shoes,6386,"Classic canvas high-top, rubber sole, available in 20+ colors",232,4.2,https://www.amazon.in/s?k=Converse+Chuck+Taylor+High+Top
4578,Webcam Logitech 4K - Variant 1113,Electronics,14327,"4K Ultra HD, auto-focus, built-in mic, works with Zoom and Teams",29,4.7,https://www.amazon.in/s?k=Logitech+4K+Webcam
4579,Levi's Denim Jacket - Variant 2144,Clothing,8542,"Classic trucker jacket, 100% cotton denim, multiple color options",81,4.2,https://www.amazon.in/s?k=Levis+Denim+Jacket+Trucker
4580,Blender Vitamix A2500 - Variant 2407,Kitchen,43495,"Variable speed control, 3 program settings, self-cleaning, 64oz container",12,4.6,https://www.amazon.in/s?k=Vitamix+A2500+Blender
4581,Levi's 501 Jeans - Variant 5829,Clothing,5985,"Classic straight fit jeans, durable denim, available in multiple washes",85,4.0,https://www.amazon.in/s?k=Levis+501+Jeans
4582,Hoodie Champion Reverse Weave - Variant 7344,Clothing,5668,"Heavyweight fleece, reverse weave construction, kangaroo pocket",55,4.6,https://www.amazon.in/s?k=Champion+Reverse+Weave+Hoodie
4583,Creatine Monohydrate - Variant 6155,Health,2938,"Micronized creatine, 5g per serving, unflavored, 60 servings, lab tested",129,4.9,https://www.amazon.in/s?k=Creatine+Monohydrate+Micronized
4584,Kindle Paperwhite - Variant 4118,Electronics,11072,"6.8-inch display, adjustable warm light, waterproof, 3 months free Kindle Unlimited",92,4.8,https://www.amazon.in/s?k=Kindle+Paperwhite+2024
4585,Yoga Mat Premium - Variant 9102,Sports,2661,"Non-slip 6mm thick mat, eco-friendly TPE material, includes carry strap",81,4.7,https://www.amazon.in/s?k=Premium+Yoga+Mat
4586,Mechanical Keyboard RGB - Variant 9072,Electronics,6606,"TKL layout, Cherry MX switches, per-key RGB lighting, USB-C",30,4.4,https://www.amazon.in/s?k=Mechanical+Keyboard+RGB
4587,Running Shorts Nike - Variant 4970,Clothing,2491,"Dri-FIT fabric, 7-inch inseam, built-in brief, reflective details",124,4.2,https://www.amazon.in/s?k=Nike+Running+Shorts+DriFIT
4588,Vitamin C Serum - Variant 4636,Beauty,2085,"20% Vitamin C with hyaluronic acid, brightens skin, reduces dark spots",198,4.4,https://www.amazon.in/s?k=Vitamin+C+Serum+20+percent
4589,Luggage Samsonite 28inch - Variant 8232,Accessories,19592,"Hardside spinner, TSA lock, expandable, lightweight polycarbonate shell",29,4.6,https://www.amazon.in/s?k=Samsonite+28+inch+Hardside+Luggage
4590,Jump Rope Speed - Variant 3952,Sports,1686,"Adjustable steel cable, ball bearing handles, suitable for all fitness levels",104,4.4,https://www.amazon.in/s?k=Speed+Jump+Rope+Adjustable
4591,Backpack Osprey 40L - Variant 4561,Accessories,14623,"40L travel pack, TSA-friendly, laptop sleeve, rain cover included",57,4.7,https://www.amazon.in/s?k=Osprey+40L+Backpack
4592,Linen Shirt Uniqlo - Variant 6565,Clothing,3012,"100% linen, breathable summer fabric, relaxed fit, 8 color options",113,4.0,https://www.amazon.in/s?k=Linen+Shirt+Men+Uniqlo
4593,Vitamin C Serum - Variant 5691,Beauty,1757,"20% Vitamin C with hyaluronic acid, brightens skin, reduces dark spots",121,4.5,https://www.amazon.in/s?k=Vitamin+C+Serum+20+percent
4594,Dumbbell Set Adjustable - Variant 1597,Sports,11227,"5-52.5 lbs per dumbbell, replaces 15 sets, fast adjust dial system",20,4.9,https://www.amazon.in/s?k=Adjustable+Dumbbell+Set
4595,Dumbbell Set Adjustable - Variant 3612,Sports,12532,"5-52.5 lbs per dumbbell, replaces 15 sets, fast adjust dial system",27,5.0,https://www.amazon.in/s?k=Adjustable+Dumbbell+Set
4596,Atomic Habits Workbook - Variant 8497,Books,1243,Companion workbook to Atomic Habits with exercises and habit trackers,149,4.8,https://www.amazon.in/s?k=Atomic+Habits+Workbook
4597,Levi's Denim Jacket - Variant 2011,Clothing,6607,"Classic trucker jacket, 100% cotton denim, multiple color options",41,4.3,https://www.amazon.in/s?k=Levis+Denim+Jacket+Trucker
4598,Atomic Habits Book - Variant 6739,Books,1445,James Clear's guide to building good habits and breaking bad ones,427,4.7,https://www.amazon.in/s?k=Atomic+Habits+James+Clear
4599,Protein Powder Whey - Variant 9312,Health,4545,"25g protein per serving, chocolate flavor, 5lb bag, no artificial colors",29,4.7,https://www.amazon.in/s?k=Whey+Protein+Powder+Chocolate
4600,Adidas Ultraboost 22 - Variant 2097,Shoes,13305,"Responsive Boost midsole, Primeknit upper, Continental rubber outsole",84,4.5,https://www.amazon.in/s?k=Adidas+Ultraboost+22
4601,iPad Air 11inch - Variant 8048,Electronics,58421,"M2 chip, 11-inch Liquid Retina display, Apple Pencil Pro support, 256GB",22,4.9,https://www.amazon.in/s?k=iPad+Air+M2+11inch
4602,Retinol Night Cream - Variant 3673,Beauty,2766,"0.5% retinol with peptides, reduces fine lines, fragrance-free, 50ml",141,4.0,https://www.amazon.in/s?k=Retinol+Night+Cream+0.5+percent
4603,Backpack Osprey 40L - Variant 1990,Accessories,15722,"40L travel pack, TSA-friendly, laptop sleeve, rain cover included",26,4.9,https://www.amazon.in/s?k=Osprey+40L+Backpack
4604,Wireless Mouse Logitech - Variant 5836,Electronics,2776,"MX Master 3, ergonomic design, 4000 DPI, multi-device support",42,4.9,https://www.amazon.in/s?k=Logitech+MX+Master+3
4605,Hoodie Champion Reverse Weave - Variant 9207,Clothing,6296,"Heavyweight fleece, reverse weave construction, kangaroo pocket",121,4.7,https://www.amazon.in/s?k=Champion+Reverse+Weave+Hoodie
4606,Levi's Denim Jacket - Variant 3482,Clothing,8139,"Classic trucker jacket, 100% cotton denim, multiple color options",42,4.5,https://www.amazon.in/s?k=Levis+Denim+Jacket+Trucker
4607,Backpack Osprey 40L - Variant 9994,Accessories,12562,"40L travel pack, TSA-friendly, laptop sleeve, rain cover included",29,4.8,https://www.amazon.in/s?k=Osprey+40L+Backpack
4608,Stand Mixer KitchenAid - Variant 8448,Kitchen,33567,"5-quart bowl, 10 speeds, 59 attachments compatible, tilt-head design",13,5.0,https://www.amazon.in/s?k=KitchenAid+Stand+Mixer+5qt
4609,Dumbbell Set Adjustable - Variant 1215,Sports,13484,"5-52.5 lbs per dumbbell, replaces 15 sets, fast adjust dial system",25,4.5,https://www.amazon.in/s?k=Adjustable+Dumbbell+Set
4610,Vitamin C Serum - Variant 3219,Beauty,2212,"20% Vitamin C with hyaluronic acid, brightens skin, reduces dark spots",175,4.2,https://www.amazon.in/s?k=Vitamin+C+Serum+20+percent
4611,Air Fryer Ninja 6qt - Variant 4755,Kitchen,10484,"6-quart capacity, 4-in-1 functionality, up to 75% less fat, dishwasher safe",70,4.5,https://www.amazon.in/s?k=Ninja+Air+Fryer+6qt
4612,Sunglasses Polarized - Variant 8578,Accessories,2257,"UV400 protection, polarized lenses, lightweight frame, unisex design",119,4.0,https://www.amazon.in/s?k=Polarized+Sunglasses+UV400
4613,New Balance 990v6 - Variant 8370,Shoes,14249,"Made in USA, premium suede and mesh upper, ENCAP midsole technology",40,4.3,https://www.amazon.in/s?k=New+Balance+990v6
4614,Dell 27inch Monitor - Variant 5103,Electronics,27031,"IPS panel, 165Hz refresh rate, 1ms response time, USB-C, FreeSync",13,4.7,https://www.amazon.in/s?k=Dell+27+inch+165Hz+Monitor
4615,Webcam Logitech 4K - Variant 4993,Electronics,10024,"4K Ultra HD, auto-focus, built-in mic, works with Zoom and Teams",27,4.7,https://www.amazon.in/s?k=Logitech+4K+Webcam
4616,Jump Rope Speed - Variant 6572,Sports,1458,"Adjustable steel cable, ball bearing handles, suitable for all fitness levels",115,4.5,https://www.amazon.in/s?k=Speed+Jump+Rope+Adjustable
4617,Sony WH-1000XM5 - Variant 7414,Electronics,32284,"Industry-leading noise cancellation, 30hr battery, multipoint connection",28,4.7,https://www.amazon.in/s?k=Sony+WH-1000XM5
4618,Hiking Boots Merrell - Variant 3053,Shoes,11607,"Waterproof leather, Vibram outsole, air cushion heel, ankle support",61,4.8,https://www.amazon.in/s?k=Merrell+Hiking+Boots+Waterproof
4619,Converse Chuck Taylor - Variant 9487,Shoes,5605,"Classic canvas high-top, rubber sole, available in 20+ colors",196,4.2,https://www.amazon.in/s?k=Converse+Chuck+Taylor+High+Top
4620,Vitamin C Serum - Variant 8782,Beauty,2408,"20% Vitamin C with hyaluronic acid, brightens skin, reduces dark spots",224,4.3,https://www.amazon.in/s?k=Vitamin+C+Serum+20+percent
4621,Hoodie Champion Reverse Weave - Variant 8113,Clothing,6574,"Heavyweight fleece, reverse weave construction, kangaroo pocket",118,4.6,https://www.amazon.in/s?k=Champion+Reverse+Weave+Hoodie
4622,Linen Shirt Uniqlo - Variant 6697,Clothing,3742,"100% linen, breathable summer fabric, relaxed fit, 8 color options",183,4.1,https://www.amazon.in/s?k=Linen+Shirt+Men+Uniqlo
4623,Instant Pot Duo 7-in-1 - Variant 6605,Kitchen,6097,"Pressure cooker, slow cooker, rice cooker, steamer, saute, yogurt maker",116,4.6,https://www.amazon.in/s?k=Instant+Pot+Duo
4624,Nike Air Max 270 - Variant 9778,Shoes,10327,"Lightweight running shoe with Air Max cushioning, great for daily use",53,4.4,https://www.amazon.in/s?k=Nike+Air+Max+270
4625,Stand Mixer KitchenAid - Variant 1763,Kitchen,36874,"5-quart bowl, 10 speeds, 59 attachments compatible, tilt-head design",8,4.8,https://www.amazon.in/s?k=KitchenAid+Stand+Mixer+5qt
4626,Nike Air Max 270 - Variant 3086,Shoes,12070,"Lightweight running shoe with Air Max cushioning, great for daily use",30,4.4,https://www.amazon.in/s?k=Nike+Air+Max+270
4627,Multivitamin Men's - Variant 1396,Health,1810,"23 essential vitamins and minerals, once daily, 90 tablets, no artificial colors",175,4.5,https://www.amazon.in/s?k=Mens+Multivitamin+Daily
4628,Converse Chuck Taylor - Variant 6820,Shoes,6070,"Classic canvas high-top, rubber sole, available in 20+ colors",249,4.7,https://www.amazon.in/s?k=Converse+Chuck+Taylor+High+Top
4629,Samsung 4K Smart TV 55inch - Variant 3593,Electronics,61715,"Crystal UHD display, built-in Alexa, HDR10+, 3 HDMI ports",10,4.7,https://www.amazon.in/s?k=Samsung+4K+Smart+TV+55inch
4630,Resistance Bands Set - Variant 6379,Sports,1666,"5 resistance levels, latex-free, includes door anchor and carry bag",180,4.7,https://www.amazon.in/s?k=Resistance+Bands+Set+5+levels
4631,New Balance 990v6 - Variant 9275,Shoes,18115,"Made in USA, premium suede and mesh upper, ENCAP midsole technology",37,4.7,https://www.amazon.in/s?k=New+Balance+990v6
4632,Apple AirPods Pro - Variant 9901,Electronics,22331,"Active noise cancellation, transparency mode, spatial audio, wireless charging",18,5.0,https://www.amazon.in/s?k=Apple+AirPods+Pro
4633,Yoga Mat Premium - Variant 5105,Sports,2591,"Non-slip 6mm thick mat, eco-friendly TPE material, includes carry strap",73,4.6,https://www.amazon.in/s?k=Premium+Yoga+Mat
4634,Running Shorts Nike - Variant 8287,Clothing,3190,"Dri-FIT fabric, 7-inch inseam, built-in brief, reflective details",125,4.4,https://www.amazon.in/s?k=Nike+Running+Shorts+DriFIT
4635,Hiking Boots Merrell - Variant 8391,Shoes,11929,"Waterproof leather, Vibram outsole, air cushion heel, ankle support",52,4.6,https://www.amazon.in/s?k=Merrell+Hiking+Boots+Waterproof
4636,Backpack Osprey 40L - Variant 7541,Accessories,14041,"40L travel pack, TSA-friendly, laptop sleeve, rain cover included",54,4.7,https://www.amazon.in/s?k=Osprey+40L+Backpack
4637,Mechanical Keyboard RGB - Variant 3809,Electronics,5941,"TKL layout, Cherry MX switches, per-key RGB lighting, USB-C",43,4.5,https://www.amazon.in/s?k=Mechanical+Keyboard+RGB
4638,Luggage Samsonite 28inch - Variant 3233,Accessories,13894,"Hardside spinner, TSA lock, expandable, lightweight polycarbonate shell",21,4.9,https://www.amazon.in/s?k=Samsonite+28+inch+Hardside+Luggage
4639,Apple AirPods Pro - Variant 8855,Electronics,22391,"Active noise cancellation, transparency mode, spatial audio, wireless charging",37,5.0,https://www.amazon.in/s?k=Apple+AirPods+Pro
4640,Atomic Habits Book - Variant 6906,Books,1665,James Clear's guide to building good habits and breaking bad ones,445,4.7,https://www.amazon.in/s?k=Atomic+Habits+James+Clear
4641,Levi's Denim Jacket - Variant 8158,Clothing,6015,"Classic trucker jacket, 100% cotton denim, multiple color options",43,4.6,https://www.amazon.in/s?k=Levis+Denim+Jacket+Trucker
4642,Webcam Logitech 4K - Variant 4669,Electronics,10889,"4K Ultra HD, auto-focus, built-in mic, works with Zoom and Teams",59,4.2,https://www.amazon.in/s?k=Logitech+4K+Webcam
4643,Nike Air Max 270 - Variant 7401,Shoes,8854,"Lightweight running shoe with Air Max cushioning, great for daily use",49,4.4,https://www.amazon.in/s?k=Nike+Air+Max+270
4644,Atomic Habits Workbook - Variant 7353,Books,1485,Companion workbook to Atomic Habits with exercises and habit trackers,155,4.8,https://www.amazon.in/s?k=Atomic+Habits+Workbook
4645,Wireless Mouse Logitech - Variant 6758,Electronics,3247,"MX Master 3, ergonomic design, 4000 DPI, multi-device support",84,4.4,https://www.amazon.in/s?k=Logitech+MX+Master+3
4646,Sunglasses Polarized - Variant 7976,Accessories,2173,"UV400 protection, polarized lenses, lightweight frame, unisex design",121,4.4,https://www.amazon.in/s?k=Polarized+Sunglasses+UV400
4647,Harry Potter Box Set - Variant 8399,Books,7623,"Complete 7-book hardcover collection, illustrated edition",28,4.8,https://www.amazon.in/s?k=Harry+Potter+Box+Set+Hardcover
4648,Linen Shirt Uniqlo - Variant 4713,Clothing,2669,"100% linen, breathable summer fabric, relaxed fit, 8 color options",81,4.5,https://www.amazon.in/s?k=Linen+Shirt+Men+Uniqlo
4649,Multivitamin Men's - Variant 4117,Health,1995,"23 essential vitamins and minerals, once daily, 90 tablets, no artificial colors",183,4.6,https://www.amazon.in/s?k=Mens+Multivitamin+Daily
4650,Resistance Bands Set - Variant 2338,Sports,2184,"5 resistance levels, latex-free, includes door anchor and carry bag",152,4.3,https://www.amazon.in/s?k=Resistance+Bands+Set+5+levels
4651,Wireless Mouse Logitech - Variant 4711,Electronics,3648,"MX Master 3, ergonomic design, 4000 DPI, multi-device support",67,4.7,https://www.amazon.in/s?k=Logitech+MX+Master+3
4652,Levi's 501 Jeans - Variant 6234,Clothing,4718,"Classic straight fit jeans, durable denim, available in multiple washes",112,4.6,https://www.amazon.in/s?k=Levis+501+Jeans
4653,Multivitamin Men's - Variant 7403,Health,1742,"23 essential vitamins and minerals, once daily, 90 tablets, no artificial colors",180,4.7,https://www.amazon.in/s?k=Mens+Multivitamin+Daily
4654,Omega-3 Fish Oil - Variant 1105,Health,1862,"1200mg EPA+DHA per serving, enteric coated, 90 softgels, no fishy aftertaste",122,4.3,https://www.amazon.in/s?k=Omega+3+Fish+Oil+1200mg
4655,Hiking Boots Merrell - Variant 5215,Shoes,13418,"Waterproof leather, Vibram outsole, air cushion heel, ankle support",60,4.6,https://www.amazon.in/s?k=Merrell+Hiking+Boots+Waterproof
4656,Rich Dad Poor Dad - Variant 4676,Books,1084,"Robert Kiyosaki's personal finance classic, updated 25th anniversary edition",194,4.8,https://www.amazon.in/s?k=Rich+Dad+Poor+Dad+Kiyosaki
4657,iPad Air 11inch - Variant 6565,Electronics,42460,"M2 chip, 11-inch Liquid Retina display, Apple Pencil Pro support, 256GB",28,4.6,https://www.amazon.in/s?k=iPad+Air+M2+11inch
4658,The Alchemist Book - Variant 3965,Books,1395,Paulo Coelho's masterpiece about following your dreams and personal legend,106,4.7,https://www.amazon.in/s?k=The+Alchemist+Paulo+Coelho
4659,Hiking Boots Merrell - Variant 5558,Shoes,9838,"Waterproof leather, Vibram outsole, air cushion heel, ankle support",26,4.7,https://www.amazon.in/s?k=Merrell+Hiking+Boots+Waterproof
4660,Resistance Bands Set - Variant 1859,Sports,2194,"5 resistance levels, latex-free, includes door anchor and carry bag",175,4.5,https://www.amazon.in/s?k=Resistance+Bands+Set+5+levels
4661,The Alchemist Book - Variant 7701,Books,1005,Paulo Coelho's masterpiece about following your dreams and personal legend,112,4.8,https://www.amazon.in/s?k=The+Alchemist+Paulo+Coelho
4662,Protein Powder Whey - Variant 8942,Health,3708,"25g protein per serving, chocolate flavor, 5lb bag, no artificial colors",46,4.4,https://www.amazon.in/s?k=Whey+Protein+Powder+Chocolate
4663,Levi's Denim Jacket - Variant 3126,Clothing,7529,"Classic trucker jacket, 100% cotton denim, multiple color options",102,4.6,https://www.amazon.in/s?k=Levis+Denim+Jacket+Trucker
4664,Luggage Samsonite 28inch - Variant 2499,Accessories,17343,"Hardside spinner, TSA lock, expandable, lightweight polycarbonate shell",35,4.7,https://www.amazon.in/s?k=Samsonite+28+inch+Hardside+Luggage
4665,Yoga Mat Premium - Variant 3728,Sports,3498,"Non-slip 6mm thick mat, eco-friendly TPE material, includes carry strap",108,4.1,https://www.amazon.in/s?k=Premium+Yoga+Mat
4666,Vitamin C Serum - Variant 9105,Beauty,1843,"20% Vitamin C with hyaluronic acid, brightens skin, reduces dark spots",142,4.4,https://www.amazon.in/s?k=Vitamin+C+Serum+20+percent
4667,Kindle Paperwhite - Variant 8492,Electronics,10913,"6.8-inch display, adjustable warm light, waterproof, 3 months free Kindle Unlimited",38,4.7,https://www.amazon.in/s?k=Kindle+Paperwhite+2024
4668,New Balance 990v6 - Variant 4112,Shoes,13796,"Made in USA, premium suede and mesh upper, ENCAP midsole technology",31,4.6,https://www.amazon.in/s?k=New+Balance+990v6
4669,Converse Chuck Taylor - Variant 1923,Shoes,5887,"Classic canvas high-top, rubber sole, available in 20+ colors",168,4.5,https://www.amazon.in/s?k=Converse+Chuck+Taylor+High+Top
4670,Face Wash CeraVe - Variant 4613,Beauty,1387,"Hydrating cleanser with ceramides and hyaluronic acid, 16oz, all skin types",270,4.6,https://www.amazon.in/s?k=CeraVe+Hydrating+Face+Wash
4671,Stand Mixer KitchenAid - Variant 6879,Kitchen,30963,"5-quart bowl, 10 speeds, 59 attachments compatible, tilt-head design",14,5.0,https://www.amazon.in/s?k=KitchenAid+Stand+Mixer+5qt
4672,Yoga Mat Premium - Variant 7060,Sports,3089,"Non-slip 6mm thick mat, eco-friendly TPE material, includes carry strap",71,4.2,https://www.amazon.in/s?k=Premium+Yoga+Mat
4673,Webcam Logitech 4K - Variant 1379,Electronics,14036,"4K Ultra HD, auto-focus, built-in mic, works with Zoom and Teams",27,4.4,https://www.amazon.in/s?k=Logitech+4K+Webcam
4674,Luggage Samsonite 28inch - Variant 1868,Accessories,19352,"Hardside spinner, TSA lock, expandable, lightweight polycarbonate shell",31,4.5,https://www.amazon.in/s?k=Samsonite+28+inch+Hardside+Luggage
4675,Hoodie Champion Reverse Weave - Variant 3573,Clothing,5161,"Heavyweight fleece, reverse weave construction, kangaroo pocket",101,4.5,https://www.amazon.in/s?k=Champion+Reverse+Weave+Hoodie
4676,Kindle Paperwhite - Variant 4188,Electronics,13264,"6.8-inch display, adjustable warm light, waterproof, 3 months free Kindle Unlimited",53,4.9,https://www.amazon.in/s?k=Kindle+Paperwhite+2024
4677,Air Fryer Ninja 6qt - Variant 8325,Kitchen,9766,"6-quart capacity, 4-in-1 functionality, up to 75% less fat, dishwasher safe",42,5.0,https://www.amazon.in/s?k=Ninja+Air+Fryer+6qt
4678,Dell 27inch Monitor - Variant 5129,Electronics,23035,"IPS panel, 165Hz refresh rate, 1ms response time, USB-C, FreeSync",13,4.4,https://www.amazon.in/s?k=Dell+27+inch+165Hz+Monitor
4679,Sunglasses Polarized - Variant 6135,Accessories,2862,"UV400 protection, polarized lenses, lightweight frame, unisex design",89,4.1,https://www.amazon.in/s?k=Polarized+Sunglasses+UV400
4680,Omega-3 Fish Oil - Variant 7375,Health,1455,"1200mg EPA+DHA per serving, enteric coated, 90 softgels, no fishy aftertaste",213,4.8,https://www.amazon.in/s?k=Omega+3+Fish+Oil+1200mg
4681,Linen Shirt Uniqlo - Variant 9666,Clothing,3048,"100% linen, breathable summer fabric, relaxed fit, 8 color options",161,4.1,https://www.amazon.in/s?k=Linen+Shirt+Men+Uniqlo
4682,Webcam Logitech 4K - Variant 7321,Electronics,14478,"4K Ultra HD, auto-focus, built-in mic, works with Zoom and Teams",42,4.6,https://www.amazon.in/s?k=Logitech+4K+Webcam
4683,Nike Air Max 270 - Variant 2285,Shoes,11415,"Lightweight running shoe with Air Max cushioning, great for daily use",64,4.5,https://www.amazon.in/s?k=Nike+Air+Max+270
4684,Harry Potter Box Set - Variant 4722,Books,5949,"Complete 7-book hardcover collection, illustrated edition",52,4.7,https://www.amazon.in/s?k=Harry+Potter+Box+Set+Hardcover
4685,Multivitamin Men's - Variant 5768,Health,1966,"23 essential vitamins and minerals, once daily, 90 tablets, no artificial colors",105,4.5,https://www.amazon.in/s?k=Mens+Multivitamin+Daily
4686,Resistance Bands Set - Variant 8401,Sports,1877,"5 resistance levels, latex-free, includes door anchor and carry bag",135,4.4,https://www.amazon.in/s?k=Resistance+Bands+Set+5+levels
4687,Kindle Paperwhite - Variant 3158,Electronics,12285,"6.8-inch display, adjustable warm light, waterproof, 3 months free Kindle Unlimited",44,4.6,https://www.amazon.in/s?k=Kindle+Paperwhite+2024
4688,Vitamin C Serum - Variant 1923,Beauty,2238,"20% Vitamin C with hyaluronic acid, brightens skin, reduces dark spots",135,4.5,https://www.amazon.in/s?k=Vitamin+C+Serum+20+percent
4689,Hoodie Champion Reverse Weave - Variant 4110,Clothing,5049,"Heavyweight fleece, reverse weave construction, kangaroo pocket",102,4.8,https://www.amazon.in/s?k=Champion+Reverse+Weave+Hoodie
4690,Atomic Habits Book - Variant 2945,Books,1700,James Clear's guide to building good habits and breaking bad ones,256,5.0,https://www.amazon.in/s?k=Atomic+Habits+James+Clear
4691,Wireless Mouse Logitech - Variant 3497,Electronics,3521,"MX Master 3, ergonomic design, 4000 DPI, multi-device support",54,4.9,https://www.amazon.in/s?k=Logitech+MX+Master+3
4692,Jump Rope Speed - Variant 3277,Sports,1688,"Adjustable steel cable, ball bearing handles, suitable for all fitness levels",95,4.2,https://www.amazon.in/s?k=Speed+Jump+Rope+Adjustable
4693,Nike Air Max 270 - Variant 5258,Shoes,11098,"Lightweight running shoe with Air Max cushioning, great for daily use",32,4.6,https://www.amazon.in/s?k=Nike+Air+Max+270
4694,iPad Air 11inch - Variant 3314,Electronics,56321,"M2 chip, 11-inch Liquid Retina display, Apple Pencil Pro support, 256GB",17,4.6,https://www.amazon.in/s?k=iPad+Air+M2+11inch
4695,Sunscreen SPF 50 EltaMD - Variant 9774,Beauty,3946,"Broad spectrum UV protection, oil-free, dermatologist recommended, 3oz",90,4.7,https://www.amazon.in/s?k=EltaMD+Sunscreen+SPF+50
4696,The Alchemist Book - Variant 2036,Books,1367,Paulo Coelho's masterpiece about following your dreams and personal legend,204,5.0,https://www.amazon.in/s?k=The+Alchemist+Paulo+Coelho
4697,Webcam Logitech 4K - Variant 7001,Electronics,14220,"4K Ultra HD, auto-focus, built-in mic, works with Zoom and Teams",33,4.3,https://www.amazon.in/s?k=Logitech+4K+Webcam
4698,Harry Potter Box Set - Variant 6433,Books,5969,"Complete 7-book hardcover collection, illustrated edition",21,4.6,https://www.amazon.in/s?k=Harry+Potter+Box+Set+Hardcover
4699,Converse Chuck Taylor - Variant 2833,Shoes,4602,"Classic canvas high-top, rubber sole, available in 20+ colors",222,4.6,https://www.amazon.in/s?k=Converse+Chuck+Taylor+High+Top
4700,Dumbbell Set Adjustable - Variant 2629,Sports,10384,"5-52.5 lbs per dumbbell, replaces 15 sets, fast adjust dial system",33,4.8,https://www.amazon.in/s?k=Adjustable+Dumbbell+Set
4701,The Alchemist Book - Variant 5327,Books,1260,Paulo Coelho's masterpiece about following your dreams and personal legend,200,4.8,https://www.amazon.in/s?k=The+Alchemist+Paulo+Coelho
4702,Yoga Mat Premium - Variant 9407,Sports,3545,"Non-slip 6mm thick mat, eco-friendly TPE material, includes carry strap",122,4.5,https://www.amazon.in/s?k=Premium+Yoga+Mat
4703,iPad Air 11inch - Variant 8056,Electronics,49573,"M2 chip, 11-inch Liquid Retina display, Apple Pencil Pro support, 256GB",23,5.0,https://www.amazon.in/s?k=iPad+Air+M2+11inch
4704,Air Fryer Ninja 6qt - Variant 7733,Kitchen,11637,"6-quart capacity, 4-in-1 functionality, up to 75% less fat, dishwasher safe",55,4.5,https://www.amazon.in/s?k=Ninja+Air+Fryer+6qt
4705,Running Shorts Nike - Variant 1256,Clothing,2406,"Dri-FIT fabric, 7-inch inseam, built-in brief, reflective details",61,4.2,https://www.amazon.in/s?k=Nike+Running+Shorts+DriFIT
4706,Adidas Ultraboost 22 - Variant 6422,Shoes,17452,"Responsive Boost midsole, Primeknit upper, Continental rubber outsole",86,4.9,https://www.amazon.in/s?k=Adidas+Ultraboost+22
4707,Yoga Mat Premium - Variant 9796,Sports,2975,"Non-slip 6mm thick mat, eco-friendly TPE material, includes carry strap",76,4.2,https://www.amazon.in/s?k=Premium+Yoga+Mat
4708,Coffee Maker Drip - Variant 2097,Kitchen,4295,"12-cup programmable coffee maker, built-in grinder, thermal carafe",45,4.2,https://www.amazon.in/s?k=Drip+Coffee+Maker
4709,Retinol Night Cream - Variant 2194,Beauty,2801,"0.5% retinol with peptides, reduces fine lines, fragrance-free, 50ml",99,4.2,https://www.amazon.in/s?k=Retinol+Night+Cream+0.5+percent
4710,Levi's 501 Jeans - Variant 6065,Clothing,4749,"Classic straight fit jeans, durable denim, available in multiple washes",136,4.3,https://www.amazon.in/s?k=Levis+501+Jeans
4711,Levi's 501 Jeans - Variant 8787,Clothing,5456,"Classic straight fit jeans, durable denim, available in multiple washes",76,4.3,https://www.amazon.in/s?k=Levis+501+Jeans
4712,Apple AirPods Pro - Variant 4833,Electronics,22626,"Active noise cancellation, transparency mode, spatial audio, wireless charging",32,4.5,https://www.amazon.in/s?k=Apple+AirPods+Pro
4713,Samsung 4K Smart TV 55inch - Variant 2402,Electronics,56681,"Crystal UHD display, built-in Alexa, HDR10+, 3 HDMI ports",16,4.3,https://www.amazon.in/s?k=Samsung+4K+Smart+TV+55inch
4714,Linen Shirt Uniqlo - Variant 9670,Clothing,3342,"100% linen, breathable summer fabric, relaxed fit, 8 color options",197,4.2,https://www.amazon.in/s?k=Linen+Shirt+Men+Uniqlo
4715,Retinol Night Cream - Variant 1528,Beauty,3145,"0.5% retinol with peptides, reduces fine lines, fragrance-free, 50ml",52,4.4,https://www.amazon.in/s?k=Retinol+Night+Cream+0.5+percent
4716,Creatine Monohydrate - Variant 7492,Health,2921,"Micronized creatine, 5g per serving, unflavored, 60 servings, lab tested",68,4.6,https://www.amazon.in/s?k=Creatine+Monohydrate+Micronized
4717,Blender Vitamix A2500 - Variant 7388,Kitchen,38224,"Variable speed control, 3 program settings, self-cleaning, 64oz container",28,4.9,https://www.amazon.in/s?k=Vitamix+A2500+Blender
4718,New Balance 990v6 - Variant 8542,Shoes,13734,"Made in USA, premium suede and mesh upper, ENCAP midsole technology",29,4.7,https://www.amazon.in/s?k=New+Balance+990v6
4719,Dell 27inch Monitor - Variant 6576,Electronics,28546,"IPS panel, 165Hz refresh rate, 1ms response time, USB-C, FreeSync",13,5.0,https://www.amazon.in/s?k=Dell+27+inch+165Hz+Monitor
4720,Converse Chuck Taylor - Variant 5693,Shoes,5645,"Classic canvas high-top, rubber sole, available in 20+ colors",290,4.2,https://www.amazon.in/s?k=Converse+Chuck+Taylor+High+Top
4721,New Balance 990v6 - Variant 1303,Shoes,13424,"Made in USA, premium suede and mesh upper, ENCAP midsole technology",39,4.6,https://www.amazon.in/s?k=New+Balance+990v6
4722,Harry Potter Box Set - Variant 7973,Books,7355,"Complete 7-book hardcover collection, illustrated edition",20,5.0,https://www.amazon.in/s?k=Harry+Potter+Box+Set+Hardcover
4723,Vitamin C Serum - Variant 7616,Beauty,2109,"20% Vitamin C with hyaluronic acid, brightens skin, reduces dark spots",190,4.5,https://www.amazon.in/s?k=Vitamin+C+Serum+20+percent
4724,Linen Shirt Uniqlo - Variant 2598,Clothing,3374,"100% linen, breathable summer fabric, relaxed fit, 8 color options",87,4.2,https://www.amazon.in/s?k=Linen+Shirt+Men+Uniqlo
4725,Samsung 4K Smart TV 55inch - Variant 2660,Electronics,59055,"Crystal UHD display, built-in Alexa, HDR10+, 3 HDMI ports",8,4.7,https://www.amazon.in/s?k=Samsung+4K+Smart+TV+55inch
4726,Leather Wallet Slim - Variant 5151,Accessories,1691,"Genuine leather, RFID blocking, 8 card slots, minimalist design",170,4.2,https://www.amazon.in/s?k=Slim+Leather+Wallet+RFID
4727,Dell 27inch Monitor - Variant 4626,Electronics,31248,"IPS panel, 165Hz refresh rate, 1ms response time, USB-C, FreeSync",16,4.9,https://www.amazon.in/s?k=Dell+27+inch+165Hz+Monitor
4728,Leather Wallet Slim - Variant 6965,Accessories,2395,"Genuine leather, RFID blocking, 8 card slots, minimalist design",94,4.6,https://www.amazon.in/s?k=Slim+Leather+Wallet+RFID
4729,Retinol Night Cream - Variant 1288,Beauty,2374,"0.5% retinol with peptides, reduces fine lines, fragrance-free, 50ml",138,4.3,https://www.amazon.in/s?k=Retinol+Night+Cream+0.5+percent
4730,Kindle Paperwhite - Variant 3681,Electronics,12074,"6.8-inch display, adjustable warm light, waterproof, 3 months free Kindle Unlimited",88,4.6,https://www.amazon.in/s?k=Kindle+Paperwhite+2024
4731,Adidas Ultraboost 22 - Variant 3611,Shoes,14511,"Responsive Boost midsole, Primeknit upper, Continental rubber outsole",54,4.9,https://www.amazon.in/s?k=Adidas+Ultraboost+22
4732,Kindle Paperwhite - Variant 1172,Electronics,10803,"6.8-inch display, adjustable warm light, waterproof, 3 months free Kindle Unlimited",77,4.5,https://www.amazon.in/s?k=Kindle+Paperwhite+2024
4733,Samsung 4K Smart TV 55inch - Variant 6329,Electronics,57260,"Crystal UHD display, built-in Alexa, HDR10+, 3 HDMI ports",18,4.7,https://www.amazon.in/s?k=Samsung+4K+Smart+TV+55inch
4734,Dell 27inch Monitor - Variant 9702,Electronics,24716,"IPS panel, 165Hz refresh rate, 1ms response time, USB-C, FreeSync",15,4.8,https://www.amazon.in/s?k=Dell+27+inch+165Hz+Monitor
4735,Creatine Monohydrate - Variant 8860,Health,2985,"Micronized creatine, 5g per serving, unflavored, 60 servings, lab tested",81,4.8,https://www.amazon.in/s?k=Creatine+Monohydrate+Micronized
4736,Blender Vitamix A2500 - Variant 9797,Kitchen,36198,"Variable speed control, 3 program settings, self-cleaning, 64oz container",15,4.8,https://www.amazon.in/s?k=Vitamix+A2500+Blender
4737,Dell 27inch Monitor - Variant 6291,Electronics,31239,"IPS panel, 165Hz refresh rate, 1ms response time, USB-C, FreeSync",25,4.8,https://www.amazon.in/s?k=Dell+27+inch+165Hz+Monitor
4738,New Balance 990v6 - Variant 5310,Shoes,16834,"Made in USA, premium suede and mesh upper, ENCAP midsole technology",50,4.6,https://www.amazon.in/s?k=New+Balance+990v6
4739,Multivitamin Men's - Variant 2282,Health,2498,"23 essential vitamins and minerals, once daily, 90 tablets, no artificial colors",186,4.7,https://www.amazon.in/s?k=Mens+Multivitamin+Daily
4740,Apple AirPods Pro - Variant 7346,Electronics,22226,"Active noise cancellation, transparency mode, spatial audio, wireless charging",32,4.5,https://www.amazon.in/s?k=Apple+AirPods+Pro
4741,New Balance 990v6 - Variant 7666,Shoes,16661,"Made in USA, premium suede and mesh upper, ENCAP midsole technology",47,4.6,https://www.amazon.in/s?k=New+Balance+990v6
4742,Wireless Mouse Logitech - Variant 9854,Electronics,3439,"MX Master 3, ergonomic design, 4000 DPI, multi-device support",97,4.9,https://www.amazon.in/s?k=Logitech+MX+Master+3
4743,Adidas Ultraboost 22 - Variant 1989,Shoes,17967,"Responsive Boost midsole, Primeknit upper, Continental rubber outsole",45,4.7,https://www.amazon.in/s?k=Adidas+Ultraboost+22
4744,Kindle Paperwhite - Variant 9719,Electronics,12815,"6.8-inch display, adjustable warm light, waterproof, 3 months free Kindle Unlimited",58,4.8,https://www.amazon.in/s?k=Kindle+Paperwhite+2024
4745,Dell 27inch Monitor - Variant 8387,Electronics,27376,"IPS panel, 165Hz refresh rate, 1ms response time, USB-C, FreeSync",15,4.6,https://www.amazon.in/s?k=Dell+27+inch+165Hz+Monitor
4746,Vitamin C Serum - Variant 1094,Beauty,2422,"20% Vitamin C with hyaluronic acid, brightens skin, reduces dark spots",165,4.1,https://www.amazon.in/s?k=Vitamin+C+Serum+20+percent
4747,Sunglasses Polarized - Variant 8725,Accessories,2951,"UV400 protection, polarized lenses, lightweight frame, unisex design",107,4.3,https://www.amazon.in/s?k=Polarized+Sunglasses+UV400
4748,Atomic Habits Book - Variant 6983,Books,1605,James Clear's guide to building good habits and breaking bad ones,297,5.0,https://www.amazon.in/s?k=Atomic+Habits+James+Clear
4749,Adidas Ultraboost 22 - Variant 2376,Shoes,14670,"Responsive Boost midsole, Primeknit upper, Continental rubber outsole",85,4.7,https://www.amazon.in/s?k=Adidas+Ultraboost+22
4750,Dumbbell Set Adjustable - Variant 5305,Sports,10965,"5-52.5 lbs per dumbbell, replaces 15 sets, fast adjust dial system",16,5.0,https://www.amazon.in/s?k=Adjustable+Dumbbell+Set
4751,Samsung 4K Smart TV 55inch - Variant 3933,Electronics,51169,"Crystal UHD display, built-in Alexa, HDR10+, 3 HDMI ports",20,4.8,https://www.amazon.in/s?k=Samsung+4K+Smart+TV+55inch
4752,Multivitamin Men's - Variant 2903,Health,2060,"23 essential vitamins and minerals, once daily, 90 tablets, no artificial colors",164,4.3,https://www.amazon.in/s?k=Mens+Multivitamin+Daily
4753,Jump Rope Speed - Variant 7795,Sports,1669,"Adjustable steel cable, ball bearing handles, suitable for all fitness levels",218,4.3,https://www.amazon.in/s?k=Speed+Jump+Rope+Adjustable
4754,Hiking Boots Merrell - Variant 7397,Shoes,13011,"Waterproof leather, Vibram outsole, air cushion heel, ankle support",49,4.8,https://www.amazon.in/s?k=Merrell+Hiking+Boots+Waterproof
4755,Samsung 4K Smart TV 55inch - Variant 9976,Electronics,48650,"Crystal UHD display, built-in Alexa, HDR10+, 3 HDMI ports",9,4.6,https://www.amazon.in/s?k=Samsung+4K+Smart+TV+55inch
4756,Protein Powder Whey - Variant 2843,Health,4732,"25g protein per serving, chocolate flavor, 5lb bag, no artificial colors",49,4.5,https://www.amazon.in/s?k=Whey+Protein+Powder+Chocolate
4757,Dell 27inch Monitor - Variant 8416,Electronics,22029,"IPS panel, 165Hz refresh rate, 1ms response time, USB-C, FreeSync",14,4.5,https://www.amazon.in/s?k=Dell+27+inch+165Hz+Monitor
4758,Resistance Bands Set - Variant 3693,Sports,2003,"5 resistance levels, latex-free, includes door anchor and carry bag",94,4.4,https://www.amazon.in/s?k=Resistance+Bands+Set+5+levels
4759,Rich Dad Poor Dad - Variant 7532,Books,1239,"Robert Kiyosaki's personal finance classic, updated 25th anniversary edition",369,4.8,https://www.amazon.in/s?k=Rich+Dad+Poor+Dad+Kiyosaki
4760,Sony WH-1000XM5 - Variant 5518,Electronics,29267,"Industry-leading noise cancellation, 30hr battery, multipoint connection",14,5.0,https://www.amazon.in/s?k=Sony+WH-1000XM5
4761,Sony WH-1000XM5 - Variant 1983,Electronics,23692,"Industry-leading noise cancellation, 30hr battery, multipoint connection",23,4.8,https://www.amazon.in/s?k=Sony+WH-1000XM5
4762,Creatine Monohydrate - Variant 8651,Health,2436,"Micronized creatine, 5g per serving, unflavored, 60 servings, lab tested",65,4.4,https://www.amazon.in/s?k=Creatine+Monohydrate+Micronized
4763,Nike Air Max 270 - Variant 2462,Shoes,9404,"Lightweight running shoe with Air Max cushioning, great for daily use",29,4.3,https://www.amazon.in/s?k=Nike+Air+Max+270
4764,New Balance 990v6 - Variant 6358,Shoes,14778,"Made in USA, premium suede and mesh upper, ENCAP midsole technology",41,4.5,https://www.amazon.in/s?k=New+Balance+990v6
4765,Jump Rope Speed - Variant 2740,Sports,1768,"Adjustable steel cable, ball bearing handles, suitable for all fitness levels",193,4.3,https://www.amazon.in/s?k=Speed+Jump+Rope+Adjustable
4766,Retinol Night Cream - Variant 9835,Beauty,2610,"0.5% retinol with peptides, reduces fine lines, fragrance-free, 50ml",48,4.4,https://www.amazon.in/s?k=Retinol+Night+Cream+0.5+percent
4767,Omega-3 Fish Oil - Variant 9995,Health,1612,"1200mg EPA+DHA per serving, enteric coated, 90 softgels, no fishy aftertaste",260,4.7,https://www.amazon.in/s?k=Omega+3+Fish+Oil+1200mg
4768,Sunscreen SPF 50 EltaMD - Variant 9943,Beauty,2939,"Broad spectrum UV protection, oil-free, dermatologist recommended, 3oz",105,4.8,https://www.amazon.in/s?k=EltaMD+Sunscreen+SPF+50
4769,Harry Potter Box Set - Variant 3140,Books,5649,"Complete 7-book hardcover collection, illustrated edition",46,5.0,https://www.amazon.in/s?k=Harry+Potter+Box+Set+Hardcover
4770,Running Shorts Nike - Variant 6857,Clothing,2731,"Dri-FIT fabric, 7-inch inseam, built-in brief, reflective details",115,4.3,https://www.amazon.in/s?k=Nike+Running+Shorts+DriFIT
4771,Wireless Mouse Logitech - Variant 1621,Electronics,3450,"MX Master 3, ergonomic design, 4000 DPI, multi-device support",58,4.6,https://www.amazon.in/s?k=Logitech+MX+Master+3
4772,Sunscreen SPF 50 EltaMD - Variant 8043,Beauty,3559,"Broad spectrum UV protection, oil-free, dermatologist recommended, 3oz",55,5.0,https://www.amazon.in/s?k=EltaMD+Sunscreen+SPF+50
4773,Webcam Logitech 4K - Variant 1986,Electronics,10525,"4K Ultra HD, auto-focus, built-in mic, works with Zoom and Teams",51,4.7,https://www.amazon.in/s?k=Logitech+4K+Webcam
4774,Yoga Mat Premium - Variant 4375,Sports,3470,"Non-slip 6mm thick mat, eco-friendly TPE material, includes carry strap",131,4.7,https://www.amazon.in/s?k=Premium+Yoga+Mat
4775,Dumbbell Set Adjustable - Variant 1469,Sports,13137,"5-52.5 lbs per dumbbell, replaces 15 sets, fast adjust dial system",17,5.0,https://www.amazon.in/s?k=Adjustable+Dumbbell+Set
4776,Rich Dad Poor Dad - Variant 2669,Books,974,"Robert Kiyosaki's personal finance classic, updated 25th anniversary edition",326,4.5,https://www.amazon.in/s?k=Rich+Dad+Poor+Dad+Kiyosaki
4777,Coffee Maker Drip - Variant 6106,Kitchen,3531,"12-cup programmable coffee maker, built-in grinder, thermal carafe",40,4.1,https://www.amazon.in/s?k=Drip+Coffee+Maker
4778,Instant Pot Duo 7-in-1 - Variant 8571,Kitchen,7334,"Pressure cooker, slow cooker, rice cooker, steamer, saute, yogurt maker",94,4.8,https://www.amazon.in/s?k=Instant+Pot+Duo
4779,Apple AirPods Pro - Variant 5128,Electronics,21110,"Active noise cancellation, transparency mode, spatial audio, wireless charging",37,4.9,https://www.amazon.in/s?k=Apple+AirPods+Pro
4780,Atomic Habits Workbook - Variant 3061,Books,1403,Companion workbook to Atomic Habits with exercises and habit trackers,69,4.7,https://www.amazon.in/s?k=Atomic+Habits+Workbook
4781,Running Shorts Nike - Variant 1382,Clothing,2778,"Dri-FIT fabric, 7-inch inseam, built-in brief, reflective details",127,4.3,https://www.amazon.in/s?k=Nike+Running+Shorts+DriFIT
4782,Dell 27inch Monitor - Variant 8065,Electronics,24128,"IPS panel, 165Hz refresh rate, 1ms response time, USB-C, FreeSync",10,4.6,https://www.amazon.in/s?k=Dell+27+inch+165Hz+Monitor
4783,Sunscreen SPF 50 EltaMD - Variant 9086,Beauty,3539,"Broad spectrum UV protection, oil-free, dermatologist recommended, 3oz",83,4.9,https://www.amazon.in/s?k=EltaMD+Sunscreen+SPF+50
4784,Dumbbell Set Adjustable - Variant 2146,Sports,14594,"5-52.5 lbs per dumbbell, replaces 15 sets, fast adjust dial system",19,5.0,https://www.amazon.in/s?k=Adjustable+Dumbbell+Set
4785,Backpack Osprey 40L - Variant 8259,Accessories,10784,"40L travel pack, TSA-friendly, laptop sleeve, rain cover included",44,4.6,https://www.amazon.in/s?k=Osprey+40L+Backpack
4786,Running Shorts Nike - Variant 6012,Clothing,2648,"Dri-FIT fabric, 7-inch inseam, built-in brief, reflective details",109,4.6,https://www.amazon.in/s?k=Nike+Running+Shorts+DriFIT
4787,Air Fryer Ninja 6qt - Variant 7154,Kitchen,8645,"6-quart capacity, 4-in-1 functionality, up to 75% less fat, dishwasher safe",59,4.4,https://www.amazon.in/s?k=Ninja+Air+Fryer+6qt
4788,Rich Dad Poor Dad - Variant 1413,Books,1194,"Robert Kiyosaki's personal finance classic, updated 25th anniversary edition",305,4.7,https://www.amazon.in/s?k=Rich+Dad+Poor+Dad+Kiyosaki
4789,Multivitamin Men's - Variant 9757,Health,1714,"23 essential vitamins and minerals, once daily, 90 tablets, no artificial colors",105,4.3,https://www.amazon.in/s?k=Mens+Multivitamin+Daily
4790,Atomic Habits Workbook - Variant 8278,Books,1448,Companion workbook to Atomic Habits with exercises and habit trackers,140,4.4,https://www.amazon.in/s?k=Atomic+Habits+Workbook
4791,Levi's 501 Jeans - Variant 6408,Clothing,4077,"Classic straight fit jeans, durable denim, available in multiple washes",147,4.0,https://www.amazon.in/s?k=Levis+501+Jeans
4792,Kindle Paperwhite - Variant 8167,Electronics,13658,"6.8-inch display, adjustable warm light, waterproof, 3 months free Kindle Unlimited",48,4.8,https://www.amazon.in/s?k=Kindle+Paperwhite+2024
4793,Sunglasses Polarized - Variant 5597,Accessories,2012,"UV400 protection, polarized lenses, lightweight frame, unisex design",161,4.1,https://www.amazon.in/s?k=Polarized+Sunglasses+UV400
4794,Protein Powder Whey - Variant 7988,Health,4363,"25g protein per serving, chocolate flavor, 5lb bag, no artificial colors",32,4.3,https://www.amazon.in/s?k=Whey+Protein+Powder+Chocolate
4795,Stand Mixer KitchenAid - Variant 1330,Kitchen,34428,"5-quart bowl, 10 speeds, 59 attachments compatible, tilt-head design",17,5.0,https://www.amazon.in/s?k=KitchenAid+Stand+Mixer+5qt
4796,Linen Shirt Uniqlo - Variant 2629,Clothing,2645,"100% linen, breathable summer fabric, relaxed fit, 8 color options",89,4.2,https://www.amazon.in/s?k=Linen+Shirt+Men+Uniqlo
4797,Levi's 501 Jeans - Variant 2012,Clothing,4119,"Classic straight fit jeans, durable denim, available in multiple washes",171,4.2,https://www.amazon.in/s?k=Levis+501+Jeans
4798,Nike Air Max 270 - Variant 9754,Shoes,12425,"Lightweight running shoe with Air Max cushioning, great for daily use",72,4.7,https://www.amazon.in/s?k=Nike+Air+Max+270
4799,Omega-3 Fish Oil - Variant 3677,Health,1696,"1200mg EPA+DHA per serving, enteric coated, 90 softgels, no fishy aftertaste",249,4.7,https://www.amazon.in/s?k=Omega+3+Fish+Oil+1200mg
4800,Protein Powder Whey - Variant 1430,Health,4691,"25g protein per serving, chocolate flavor, 5lb bag, no artificial colors",48,4.3,https://www.amazon.in/s?k=Whey+Protein+Powder+Chocolate
4801,Jump Rope Speed - Variant 3285,Sports,1665,"Adjustable steel cable, ball bearing handles, suitable for all fitness levels",244,4.1,https://www.amazon.in/s?k=Speed+Jump+Rope+Adjustable
4802,Stand Mixer KitchenAid - Variant 8338,Kitchen,33379,"5-quart bowl, 10 speeds, 59 attachments compatible, tilt-head design",8,5.0,https://www.amazon.in/s?k=KitchenAid+Stand+Mixer+5qt
4803,Samsung 4K Smart TV 55inch - Variant 3244,Electronics,50576,"Crystal UHD display, built-in Alexa, HDR10+, 3 HDMI ports",22,4.8,https://www.amazon.in/s?k=Samsung+4K+Smart+TV+55inch
4804,Air Fryer Ninja 6qt - Variant 6589,Kitchen,9099,"6-quart capacity, 4-in-1 functionality, up to 75% less fat, dishwasher safe",53,4.5,https://www.amazon.in/s?k=Ninja+Air+Fryer+6qt
4805,Webcam Logitech 4K - Variant 9957,Electronics,14369,"4K Ultra HD, auto-focus, built-in mic, works with Zoom and Teams",53,4.7,https://www.amazon.in/s?k=Logitech+4K+Webcam
4806,Multivitamin Men's - Variant 9568,Health,2228,"23 essential vitamins and minerals, once daily, 90 tablets, no artificial colors",170,4.7,https://www.amazon.in/s?k=Mens+Multivitamin+Daily
4807,Running Shorts Nike - Variant 9664,Clothing,2986,"Dri-FIT fabric, 7-inch inseam, built-in brief, reflective details",88,4.2,https://www.amazon.in/s?k=Nike+Running+Shorts+DriFIT
4808,Sony WH-1000XM5 - Variant 3139,Electronics,26512,"Industry-leading noise cancellation, 30hr battery, multipoint connection",34,5.0,https://www.amazon.in/s?k=Sony+WH-1000XM5
4809,iPad Air 11inch - Variant 9048,Electronics,45787,"M2 chip, 11-inch Liquid Retina display, Apple Pencil Pro support, 256GB",25,5.0,https://www.amazon.in/s?k=iPad+Air+M2+11inch
4810,Wireless Mouse Logitech - Variant 2804,Electronics,3156,"MX Master 3, ergonomic design, 4000 DPI, multi-device support",44,4.5,https://www.amazon.in/s?k=Logitech+MX+Master+3
4811,Jump Rope Speed - Variant 1567,Sports,1590,"Adjustable steel cable, ball bearing handles, suitable for all fitness levels",166,4.2,https://www.amazon.in/s?k=Speed+Jump+Rope+Adjustable
4812,Levi's 501 Jeans - Variant 5812,Clothing,4690,"Classic straight fit jeans, durable denim, available in multiple washes",122,4.0,https://www.amazon.in/s?k=Levis+501+Jeans
4813,Adidas Ultraboost 22 - Variant 1286,Shoes,17344,"Responsive Boost midsole, Primeknit upper, Continental rubber outsole",43,4.9,https://www.amazon.in/s?k=Adidas+Ultraboost+22
4814,Blender Vitamix A2500 - Variant 7560,Kitchen,35635,"Variable speed control, 3 program settings, self-cleaning, 64oz container",31,5.0,https://www.amazon.in/s?k=Vitamix+A2500+Blender
4815,Sony WH-1000XM5 - Variant 5239,Electronics,25440,"Industry-leading noise cancellation, 30hr battery, multipoint connection",21,5.0,https://www.amazon.in/s?k=Sony+WH-1000XM5
4816,Instant Pot Duo 7-in-1 - Variant 5856,Kitchen,7438,"Pressure cooker, slow cooker, rice cooker, steamer, saute, yogurt maker",89,4.5,https://www.amazon.in/s?k=Instant+Pot+Duo
4817,Samsung 4K Smart TV 55inch - Variant 4916,Electronics,56129,"Crystal UHD display, built-in Alexa, HDR10+, 3 HDMI ports",21,4.9,https://www.amazon.in/s?k=Samsung+4K+Smart+TV+55inch
4818,Sunglasses Polarized - Variant 9408,Accessories,2500,"UV400 protection, polarized lenses, lightweight frame, unisex design",143,4.3,https://www.amazon.in/s?k=Polarized+Sunglasses+UV400
4819,Dell 27inch Monitor - Variant 2212,Electronics,22577,"IPS panel, 165Hz refresh rate, 1ms response time, USB-C, FreeSync",26,4.7,https://www.amazon.in/s?k=Dell+27+inch+165Hz+Monitor
4820,Omega-3 Fish Oil - Variant 4403,Health,1613,"1200mg EPA+DHA per serving, enteric coated, 90 softgels, no fishy aftertaste",227,4.5,https://www.amazon.in/s?k=Omega+3+Fish+Oil+1200mg
4821,Converse Chuck Taylor - Variant 6027,Shoes,4838,"Classic canvas high-top, rubber sole, available in 20+ colors",260,4.4,https://www.amazon.in/s?k=Converse+Chuck+Taylor+High+Top
4822,Nike Air Max 270 - Variant 1937,Shoes,9775,"Lightweight running shoe with Air Max cushioning, great for daily use",54,4.5,https://www.amazon.in/s?k=Nike+Air+Max+270
4823,Hiking Boots Merrell - Variant 8018,Shoes,11041,"Waterproof leather, Vibram outsole, air cushion heel, ankle support",51,4.5,https://www.amazon.in/s?k=Merrell+Hiking+Boots+Waterproof
4824,Wireless Mouse Logitech - Variant 8930,Electronics,3287,"MX Master 3, ergonomic design, 4000 DPI, multi-device support",67,5.0,https://www.amazon.in/s?k=Logitech+MX+Master+3
4825,Levi's 501 Jeans - Variant 2471,Clothing,5505,"Classic straight fit jeans, durable denim, available in multiple washes",84,4.6,https://www.amazon.in/s?k=Levis+501+Jeans
4826,Face Wash CeraVe - Variant 2922,Beauty,1337,"Hydrating cleanser with ceramides and hyaluronic acid, 16oz, all skin types",137,4.8,https://www.amazon.in/s?k=CeraVe+Hydrating+Face+Wash
4827,Dell 27inch Monitor - Variant 5291,Electronics,27927,"IPS panel, 165Hz refresh rate, 1ms response time, USB-C, FreeSync",9,4.4,https://www.amazon.in/s?k=Dell+27+inch+165Hz+Monitor
4828,Hoodie Champion Reverse Weave - Variant 1462,Clothing,6290,"Heavyweight fleece, reverse weave construction, kangaroo pocket",66,4.4,https://www.amazon.in/s?k=Champion+Reverse+Weave+Hoodie
4829,Air Fryer Ninja 6qt - Variant 9342,Kitchen,8091,"6-quart capacity, 4-in-1 functionality, up to 75% less fat, dishwasher safe",35,5.0,https://www.amazon.in/s?k=Ninja+Air+Fryer+6qt
4830,Stand Mixer KitchenAid - Variant 2786,Kitchen,35240,"5-quart bowl, 10 speeds, 59 attachments compatible, tilt-head design",14,4.7,https://www.amazon.in/s?k=KitchenAid+Stand+Mixer+5qt
4831,Hiking Boots Merrell - Variant 2188,Shoes,13290,"Waterproof leather, Vibram outsole, air cushion heel, ankle support",66,4.8,https://www.amazon.in/s?k=Merrell+Hiking+Boots+Waterproof
4832,Converse Chuck Taylor - Variant 2271,Shoes,6256,"Classic canvas high-top, rubber sole, available in 20+ colors",298,4.7,https://www.amazon.in/s?k=Converse+Chuck+Taylor+High+Top
4833,Sunglasses Polarized - Variant 5634,Accessories,2966,"UV400 protection, polarized lenses, lightweight frame, unisex design",135,4.1,https://www.amazon.in/s?k=Polarized+Sunglasses+UV400
4834,Instant Pot Duo 7-in-1 - Variant 4680,Kitchen,8224,"Pressure cooker, slow cooker, rice cooker, steamer, saute, yogurt maker",108,4.9,https://www.amazon.in/s?k=Instant+Pot+Duo
4835,Air Fryer Ninja 6qt - Variant 6282,Kitchen,8855,"6-quart capacity, 4-in-1 functionality, up to 75% less fat, dishwasher safe",64,4.8,https://www.amazon.in/s?k=Ninja+Air+Fryer+6qt
4836,Mechanical Keyboard RGB - Variant 4133,Electronics,5529,"TKL layout, Cherry MX switches, per-key RGB lighting, USB-C",47,4.4,https://www.amazon.in/s?k=Mechanical+Keyboard+RGB
4837,Yoga Mat Premium - Variant 4802,Sports,2895,"Non-slip 6mm thick mat, eco-friendly TPE material, includes carry strap",50,4.6,https://www.amazon.in/s?k=Premium+Yoga+Mat
4838,Converse Chuck Taylor - Variant 8890,Shoes,4997,"Classic canvas high-top, rubber sole, available in 20+ colors",103,4.6,https://www.amazon.in/s?k=Converse+Chuck+Taylor+High+Top
4839,Hoodie Champion Reverse Weave - Variant 8807,Clothing,4496,"Heavyweight fleece, reverse weave construction, kangaroo pocket",62,4.4,https://www.amazon.in/s?k=Champion+Reverse+Weave+Hoodie
4840,Wireless Mouse Logitech - Variant 5355,Electronics,2922,"MX Master 3, ergonomic design, 4000 DPI, multi-device support",102,4.9,https://www.amazon.in/s?k=Logitech+MX+Master+3
4841,Atomic Habits Workbook - Variant 8678,Books,1315,Companion workbook to Atomic Habits with exercises and habit trackers,179,4.3,https://www.amazon.in/s?k=Atomic+Habits+Workbook
4842,Samsung 4K Smart TV 55inch - Variant 9308,Electronics,54192,"Crystal UHD display, built-in Alexa, HDR10+, 3 HDMI ports",8,4.4,https://www.amazon.in/s?k=Samsung+4K+Smart+TV+55inch
4843,Converse Chuck Taylor - Variant 1652,Shoes,5397,"Classic canvas high-top, rubber sole, available in 20+ colors",134,4.2,https://www.amazon.in/s?k=Converse+Chuck+Taylor+High+Top
4844,iPad Air 11inch - Variant 7395,Electronics,42176,"M2 chip, 11-inch Liquid Retina display, Apple Pencil Pro support, 256GB",28,5.0,https://www.amazon.in/s?k=iPad+Air+M2+11inch
4845,Protein Powder Whey - Variant 7653,Health,4109,"25g protein per serving, chocolate flavor, 5lb bag, no artificial colors",59,4.7,https://www.amazon.in/s?k=Whey+Protein+Powder+Chocolate
4846,Sunglasses Polarized - Variant 3616,Accessories,2163,"UV400 protection, polarized lenses, lightweight frame, unisex design",142,4.0,https://www.amazon.in/s?k=Polarized+Sunglasses+UV400
4847,Blender Vitamix A2500 - Variant 6306,Kitchen,36827,"Variable speed control, 3 program settings, self-cleaning, 64oz container",12,5.0,https://www.amazon.in/s?k=Vitamix+A2500+Blender
4848,Atomic Habits Book - Variant 9147,Books,1855,James Clear's guide to building good habits and breaking bad ones,174,5.0,https://www.amazon.in/s?k=Atomic+Habits+James+Clear
4849,Yoga Mat Premium - Variant 4661,Sports,2921,"Non-slip 6mm thick mat, eco-friendly TPE material, includes carry strap",85,4.6,https://www.amazon.in/s?k=Premium+Yoga+Mat
4850,Protein Powder Whey - Variant 7105,Health,3994,"25g protein per serving, chocolate flavor, 5lb bag, no artificial colors",55,4.7,https://www.amazon.in/s?k=Whey+Protein+Powder+Chocolate
4851,Coffee Maker Drip - Variant 2431,Kitchen,3944,"12-cup programmable coffee maker, built-in grinder, thermal carafe",40,4.0,https://www.amazon.in/s?k=Drip+Coffee+Maker
4852,Mechanical Keyboard RGB - Variant 5706,Electronics,7006,"TKL layout, Cherry MX switches, per-key RGB lighting, USB-C",37,4.4,https://www.amazon.in/s?k=Mechanical+Keyboard+RGB
4853,Face Wash CeraVe - Variant 1831,Beauty,1120,"Hydrating cleanser with ceramides and hyaluronic acid, 16oz, all skin types",207,4.8,https://www.amazon.in/s?k=CeraVe+Hydrating+Face+Wash
4854,Air Fryer Ninja 6qt - Variant 3409,Kitchen,9072,"6-quart capacity, 4-in-1 functionality, up to 75% less fat, dishwasher safe",64,4.8,https://www.amazon.in/s?k=Ninja+Air+Fryer+6qt
4855,Dell 27inch Monitor - Variant 9931,Electronics,27474,"IPS panel, 165Hz refresh rate, 1ms response time, USB-C, FreeSync",13,4.8,https://www.amazon.in/s?k=Dell+27+inch+165Hz+Monitor
4856,Harry Potter Box Set - Variant 3121,Books,6070,"Complete 7-book hardcover collection, illustrated edition",18,4.7,https://www.amazon.in/s?k=Harry+Potter+Box+Set+Hardcover
4857,Multivitamin Men's - Variant 8985,Health,2412,"23 essential vitamins and minerals, once daily, 90 tablets, no artificial colors",124,4.2,https://www.amazon.in/s?k=Mens+Multivitamin+Daily
4858,Wireless Mouse Logitech - Variant 6510,Electronics,2802,"MX Master 3, ergonomic design, 4000 DPI, multi-device support",98,4.8,https://www.amazon.in/s?k=Logitech+MX+Master+3
4859,Mechanical Keyboard RGB - Variant 1039,Electronics,6956,"TKL layout, Cherry MX switches, per-key RGB lighting, USB-C",58,4.6,https://www.amazon.in/s?k=Mechanical+Keyboard+RGB
4860,Levi's Denim Jacket - Variant 6056,Clothing,6535,"Classic trucker jacket, 100% cotton denim, multiple color options",73,4.7,https://www.amazon.in/s?k=Levis+Denim+Jacket+Trucker
4861,The Alchemist Book - Variant 3613,Books,1270,Paulo Coelho's masterpiece about following your dreams and personal legend,252,5.0,https://www.amazon.in/s?k=The+Alchemist+Paulo+Coelho
4862,Sony WH-1000XM5 - Variant 1565,Electronics,30326,"Industry-leading noise cancellation, 30hr battery, multipoint connection",30,5.0,https://www.amazon.in/s?k=Sony+WH-1000XM5
4863,Yoga Mat Premium - Variant 8546,Sports,2896,"Non-slip 6mm thick mat, eco-friendly TPE material, includes carry strap",73,4.2,https://www.amazon.in/s?k=Premium+Yoga+Mat
4864,Creatine Monohydrate - Variant 2224,Health,2354,"Micronized creatine, 5g per serving, unflavored, 60 servings, lab tested",79,4.7,https://www.amazon.in/s?k=Creatine+Monohydrate+Micronized
4865,Protein Powder Whey - Variant 4658,Health,4571,"25g protein per serving, chocolate flavor, 5lb bag, no artificial colors",38,4.5,https://www.amazon.in/s?k=Whey+Protein+Powder+Chocolate
4866,Harry Potter Box Set - Variant 3870,Books,6229,"Complete 7-book hardcover collection, illustrated edition",32,4.8,https://www.amazon.in/s?k=Harry+Potter+Box+Set+Hardcover
4867,Rich Dad Poor Dad - Variant 2545,Books,904,"Robert Kiyosaki's personal finance classic, updated 25th anniversary edition",322,4.5,https://www.amazon.in/s?k=Rich+Dad+Poor+Dad+Kiyosaki
4868,Multivitamin Men's - Variant 3761,Health,1788,"23 essential vitamins and minerals, once daily, 90 tablets, no artificial colors",161,4.8,https://www.amazon.in/s?k=Mens+Multivitamin+Daily
4869,Apple AirPods Pro - Variant 7390,Electronics,23862,"Active noise cancellation, transparency mode, spatial audio, wireless charging",22,4.9,https://www.amazon.in/s?k=Apple+AirPods+Pro
4870,Running Shorts Nike - Variant 1078,Clothing,3220,"Dri-FIT fabric, 7-inch inseam, built-in brief, reflective details",70,4.7,https://www.amazon.in/s?k=Nike+Running+Shorts+DriFIT
4871,Wireless Mouse Logitech - Variant 9062,Electronics,3915,"MX Master 3, ergonomic design, 4000 DPI, multi-device support",83,4.5,https://www.amazon.in/s?k=Logitech+MX+Master+3
4872,Stand Mixer KitchenAid - Variant 8837,Kitchen,34194,"5-quart bowl, 10 speeds, 59 attachments compatible, tilt-head design",13,4.8,https://www.amazon.in/s?k=KitchenAid+Stand+Mixer+5qt
4873,Atomic Habits Book - Variant 5442,Books,1717,James Clear's guide to building good habits and breaking bad ones,264,5.0,https://www.amazon.in/s?k=Atomic+Habits+James+Clear
4874,Running Shorts Nike - Variant 2609,Clothing,3468,"Dri-FIT fabric, 7-inch inseam, built-in brief, reflective details",117,4.2,https://www.amazon.in/s?k=Nike+Running+Shorts+DriFIT
4875,Atomic Habits Book - Variant 7995,Books,1707,James Clear's guide to building good habits and breaking bad ones,265,5.0,https://www.amazon.in/s?k=Atomic+Habits+James+Clear
4876,Apple AirPods Pro - Variant 9461,Electronics,19531,"Active noise cancellation, transparency mode, spatial audio, wireless charging",21,4.9,https://www.amazon.in/s?k=Apple+AirPods+Pro
4877,Atomic Habits Workbook - Variant 5181,Books,1337,Companion workbook to Atomic Habits with exercises and habit trackers,172,4.5,https://www.amazon.in/s?k=Atomic+Habits+Workbook
4878,Sony WH-1000XM5 - Variant 1842,Electronics,23912,"Industry-leading noise cancellation, 30hr battery, multipoint connection",31,5.0,https://www.amazon.in/s?k=Sony+WH-1000XM5
4879,Sony WH-1000XM5 - Variant 7023,Electronics,27369,"Industry-leading noise cancellation, 30hr battery, multipoint connection",13,4.9,https://www.amazon.in/s?k=Sony+WH-1000XM5
4880,Yoga Mat Premium - Variant 9923,Sports,3073,"Non-slip 6mm thick mat, eco-friendly TPE material, includes carry strap",125,4.2,https://www.amazon.in/s?k=Premium+Yoga+Mat
4881,Levi's Denim Jacket - Variant 7966,Clothing,7496,"Classic trucker jacket, 100% cotton denim, multiple color options",46,4.1,https://www.amazon.in/s?k=Levis+Denim+Jacket+Trucker
4882,Kindle Paperwhite - Variant 1193,Electronics,13905,"6.8-inch display, adjustable warm light, waterproof, 3 months free Kindle Unlimited",43,4.5,https://www.amazon.in/s?k=Kindle+Paperwhite+2024
4883,Coffee Maker Drip - Variant 8619,Kitchen,3650,"12-cup programmable coffee maker, built-in grinder, thermal carafe",66,4.2,https://www.amazon.in/s?k=Drip+Coffee+Maker
4884,Mechanical Keyboard RGB - Variant 5725,Electronics,5460,"TKL layout, Cherry MX switches, per-key RGB lighting, USB-C",42,4.3,https://www.amazon.in/s?k=Mechanical+Keyboard+RGB
4885,Creatine Monohydrate - Variant 8035,Health,2775,"Micronized creatine, 5g per serving, unflavored, 60 servings, lab tested",91,4.5,https://www.amazon.in/s?k=Creatine+Monohydrate+Micronized
4886,Retinol Night Cream - Variant 6016,Beauty,2857,"0.5% retinol with peptides, reduces fine lines, fragrance-free, 50ml",75,4.4,https://www.amazon.in/s?k=Retinol+Night+Cream+0.5+percent
4887,Hoodie Champion Reverse Weave - Variant 7304,Clothing,6544,"Heavyweight fleece, reverse weave construction, kangaroo pocket",52,4.8,https://www.amazon.in/s?k=Champion+Reverse+Weave+Hoodie
4888,New Balance 990v6 - Variant 4962,Shoes,13392,"Made in USA, premium suede and mesh upper, ENCAP midsole technology",44,4.7,https://www.amazon.in/s?k=New+Balance+990v6
4889,Face Wash CeraVe - Variant 1122,Beauty,1287,"Hydrating cleanser with ceramides and hyaluronic acid, 16oz, all skin types",276,4.8,https://www.amazon.in/s?k=CeraVe+Hydrating+Face+Wash
4890,Leather Wallet Slim - Variant 3251,Accessories,2009,"Genuine leather, RFID blocking, 8 card slots, minimalist design",159,4.3,https://www.amazon.in/s?k=Slim+Leather+Wallet+RFID
4891,Creatine Monohydrate - Variant 1719,Health,2044,"Micronized creatine, 5g per serving, unflavored, 60 servings, lab tested",100,4.5,https://www.amazon.in/s?k=Creatine+Monohydrate+Micronized
4892,Jump Rope Speed - Variant 6696,Sports,1465,"Adjustable steel cable, ball bearing handles, suitable for all fitness levels",101,4.5,https://www.amazon.in/s?k=Speed+Jump+Rope+Adjustable
4893,Sunscreen SPF 50 EltaMD - Variant 8307,Beauty,3764,"Broad spectrum UV protection, oil-free, dermatologist recommended, 3oz",120,4.9,https://www.amazon.in/s?k=EltaMD+Sunscreen+SPF+50
4894,Jump Rope Speed - Variant 2057,Sports,1381,"Adjustable steel cable, ball bearing handles, suitable for all fitness levels",243,4.4,https://www.amazon.in/s?k=Speed+Jump+Rope+Adjustable
4895,Wireless Mouse Logitech - Variant 4874,Electronics,2973,"MX Master 3, ergonomic design, 4000 DPI, multi-device support",79,4.8,https://www.amazon.in/s?k=Logitech+MX+Master+3
4896,Converse Chuck Taylor - Variant 9076,Shoes,4648,"Classic canvas high-top, rubber sole, available in 20+ colors",269,4.4,https://www.amazon.in/s?k=Converse+Chuck+Taylor+High+Top
4897,Creatine Monohydrate - Variant 9706,Health,2928,"Micronized creatine, 5g per serving, unflavored, 60 servings, lab tested",106,4.5,https://www.amazon.in/s?k=Creatine+Monohydrate+Micronized
4898,Atomic Habits Workbook - Variant 9345,Books,1141,Companion workbook to Atomic Habits with exercises and habit trackers,148,4.4,https://www.amazon.in/s?k=Atomic+Habits+Workbook
4899,iPad Air 11inch - Variant 4555,Electronics,44144,"M2 chip, 11-inch Liquid Retina display, Apple Pencil Pro support, 256GB",14,5.0,https://www.amazon.in/s?k=iPad+Air+M2+11inch
4900,Resistance Bands Set - Variant 6975,Sports,1832,"5 resistance levels, latex-free, includes door anchor and carry bag",129,4.7,https://www.amazon.in/s?k=Resistance+Bands+Set+5+levels
4901,Converse Chuck Taylor - Variant 8348,Shoes,4701,"Classic canvas high-top, rubber sole, available in 20+ colors",264,4.8,https://www.amazon.in/s?k=Converse+Chuck+Taylor+High+Top
4902,Sunscreen SPF 50 EltaMD - Variant 5808,Beauty,2847,"Broad spectrum UV protection, oil-free, dermatologist recommended, 3oz",73,5.0,https://www.amazon.in/s?k=EltaMD+Sunscreen+SPF+50
4903,Samsung 4K Smart TV 55inch - Variant 6305,Electronics,64317,"Crystal UHD display, built-in Alexa, HDR10+, 3 HDMI ports",11,4.8,https://www.amazon.in/s?k=Samsung+4K+Smart+TV+55inch
4904,Hiking Boots Merrell - Variant 9471,Shoes,11580,"Waterproof leather, Vibram outsole, air cushion heel, ankle support",35,4.6,https://www.amazon.in/s?k=Merrell+Hiking+Boots+Waterproof
4905,Adidas Ultraboost 22 - Variant 7810,Shoes,16506,"Responsive Boost midsole, Primeknit upper, Continental rubber outsole",40,4.8,https://www.amazon.in/s?k=Adidas+Ultraboost+22
4906,iPad Air 11inch - Variant 4912,Electronics,43408,"M2 chip, 11-inch Liquid Retina display, Apple Pencil Pro support, 256GB",20,4.7,https://www.amazon.in/s?k=iPad+Air+M2+11inch
4907,Wireless Mouse Logitech - Variant 1518,Electronics,3931,"MX Master 3, ergonomic design, 4000 DPI, multi-device support",52,4.7,https://www.amazon.in/s?k=Logitech+MX+Master+3
4908,Levi's 501 Jeans - Variant 9252,Clothing,4110,"Classic straight fit jeans, durable denim, available in multiple washes",95,4.5,https://www.amazon.in/s?k=Levis+501+Jeans
4909,Apple AirPods Pro - Variant 6912,Electronics,18795,"Active noise cancellation, transparency mode, spatial audio, wireless charging",36,4.6,https://www.amazon.in/s?k=Apple+AirPods+Pro
4910,Yoga Mat Premium - Variant 2265,Sports,2844,"Non-slip 6mm thick mat, eco-friendly TPE material, includes carry strap",117,4.6,https://www.amazon.in/s?k=Premium+Yoga+Mat
4911,Levi's Denim Jacket - Variant 2770,Clothing,6861,"Classic trucker jacket, 100% cotton denim, multiple color options",84,4.6,https://www.amazon.in/s?k=Levis+Denim+Jacket+Trucker
4912,Coffee Maker Drip - Variant 9481,Kitchen,4159,"12-cup programmable coffee maker, built-in grinder, thermal carafe",38,4.4,https://www.amazon.in/s?k=Drip+Coffee+Maker
4913,Kindle Paperwhite - Variant 7239,Electronics,10903,"6.8-inch display, adjustable warm light, waterproof, 3 months free Kindle Unlimited",93,4.6,https://www.amazon.in/s?k=Kindle+Paperwhite+2024
4914,Sony WH-1000XM5 - Variant 9863,Electronics,24349,"Industry-leading noise cancellation, 30hr battery, multipoint connection",24,5.0,https://www.amazon.in/s?k=Sony+WH-1000XM5
4915,Yoga Mat Premium - Variant 8080,Sports,2409,"Non-slip 6mm thick mat, eco-friendly TPE material, includes carry strap",83,4.1,https://www.amazon.in/s?k=Premium+Yoga+Mat
4916,Sunglasses Polarized - Variant 7659,Accessories,2828,"UV400 protection, polarized lenses, lightweight frame, unisex design",152,3.9,https://www.amazon.in/s?k=Polarized+Sunglasses+UV400
4917,Luggage Samsonite 28inch - Variant 5748,Accessories,19529,"Hardside spinner, TSA lock, expandable, lightweight polycarbonate shell",33,4.6,https://www.amazon.in/s?k=Samsonite+28+inch+Hardside+Luggage
4918,Samsung 4K Smart TV 55inch - Variant 6462,Electronics,62211,"Crystal UHD display, built-in Alexa, HDR10+, 3 HDMI ports",20,4.8,https://www.amazon.in/s?k=Samsung+4K+Smart+TV+55inch
4919,Nike Air Max 270 - Variant 5762,Shoes,10636,"Lightweight running shoe with Air Max cushioning, great for daily use",37,4.8,https://www.amazon.in/s?k=Nike+Air+Max+270
4920,Adidas Ultraboost 22 - Variant 7250,Shoes,16460,"Responsive Boost midsole, Primeknit upper, Continental rubber outsole",48,4.5,https://www.amazon.in/s?k=Adidas+Ultraboost+22
4921,New Balance 990v6 - Variant 2839,Shoes,18371,"Made in USA, premium suede and mesh upper, ENCAP midsole technology",35,4.7,https://www.amazon.in/s?k=New+Balance+990v6
4922,Kindle Paperwhite - Variant 5491,Electronics,9524,"6.8-inch display, adjustable warm light, waterproof, 3 months free Kindle Unlimited",71,4.4,https://www.amazon.in/s?k=Kindle+Paperwhite+2024
4923,Resistance Bands Set - Variant 2444,Sports,2147,"5 resistance levels, latex-free, includes door anchor and carry bag",109,4.4,https://www.amazon.in/s?k=Resistance+Bands+Set+5+levels
4924,Nike Air Max 270 - Variant 3791,Shoes,11857,"Lightweight running shoe with Air Max cushioning, great for daily use",43,4.7,https://www.amazon.in/s?k=Nike+Air+Max+270
4925,Dumbbell Set Adjustable - Variant 9931,Sports,14810,"5-52.5 lbs per dumbbell, replaces 15 sets, fast adjust dial system",16,4.5,https://www.amazon.in/s?k=Adjustable+Dumbbell+Set
4926,Dumbbell Set Adjustable - Variant 5115,Sports,12128,"5-52.5 lbs per dumbbell, replaces 15 sets, fast adjust dial system",15,4.5,https://www.amazon.in/s?k=Adjustable+Dumbbell+Set
4927,Webcam Logitech 4K - Variant 4375,Electronics,10905,"4K Ultra HD, auto-focus, built-in mic, works with Zoom and Teams",63,4.3,https://www.amazon.in/s?k=Logitech+4K+Webcam
4928,Blender Vitamix A2500 - Variant 7773,Kitchen,34037,"Variable speed control, 3 program settings, self-cleaning, 64oz container",31,4.8,https://www.amazon.in/s?k=Vitamix+A2500+Blender
4929,Webcam Logitech 4K - Variant 5856,Electronics,14777,"4K Ultra HD, auto-focus, built-in mic, works with Zoom and Teams",66,4.8,https://www.amazon.in/s?k=Logitech+4K+Webcam
4930,Samsung 4K Smart TV 55inch - Variant 2810,Electronics,48332,"Crystal UHD display, built-in Alexa, HDR10+, 3 HDMI ports",10,4.4,https://www.amazon.in/s?k=Samsung+4K+Smart+TV+55inch
4931,Dell 27inch Monitor - Variant 4071,Electronics,23242,"IPS panel, 165Hz refresh rate, 1ms response time, USB-C, FreeSync",23,5.0,https://www.amazon.in/s?k=Dell+27+inch+165Hz+Monitor
4932,Dumbbell Set Adjustable - Variant 2777,Sports,13205,"5-52.5 lbs per dumbbell, replaces 15 sets, fast adjust dial system",18,5.0,https://www.amazon.in/s?k=Adjustable+Dumbbell+Set
4933,Apple AirPods Pro - Variant 6739,Electronics,23122,"Active noise cancellation, transparency mode, spatial audio, wireless charging",30,4.9,https://www.amazon.in/s?k=Apple+AirPods+Pro
4934,Protein Powder Whey - Variant 9081,Health,3772,"25g protein per serving, chocolate flavor, 5lb bag, no artificial colors",61,4.7,https://www.amazon.in/s?k=Whey+Protein+Powder+Chocolate
4935,Resistance Bands Set - Variant 1550,Sports,1664,"5 resistance levels, latex-free, includes door anchor and carry bag",94,4.4,https://www.amazon.in/s?k=Resistance+Bands+Set+5+levels
4936,Blender Vitamix A2500 - Variant 1262,Kitchen,41034,"Variable speed control, 3 program settings, self-cleaning, 64oz container",18,5.0,https://www.amazon.in/s?k=Vitamix+A2500+Blender
4937,Apple AirPods Pro - Variant 8799,Electronics,21943,"Active noise cancellation, transparency mode, spatial audio, wireless charging",42,5.0,https://www.amazon.in/s?k=Apple+AirPods+Pro
4938,Levi's 501 Jeans - Variant 8540,Clothing,5770,"Classic straight fit jeans, durable denim, available in multiple washes",160,4.5,https://www.amazon.in/s?k=Levis+501+Jeans
4939,Multivitamin Men's - Variant 7671,Health,2169,"23 essential vitamins and minerals, once daily, 90 tablets, no artificial colors",94,4.8,https://www.amazon.in/s?k=Mens+Multivitamin+Daily
4940,Blender Vitamix A2500 - Variant 6850,Kitchen,37020,"Variable speed control, 3 program settings, self-cleaning, 64oz container",31,4.8,https://www.amazon.in/s?k=Vitamix+A2500+Blender
4941,Vitamin C Serum - Variant 4645,Beauty,1900,"20% Vitamin C with hyaluronic acid, brightens skin, reduces dark spots",91,4.0,https://www.amazon.in/s?k=Vitamin+C+Serum+20+percent
4942,Running Shorts Nike - Variant 8698,Clothing,3061,"Dri-FIT fabric, 7-inch inseam, built-in brief, reflective details",91,4.2,https://www.amazon.in/s?k=Nike+Running+Shorts+DriFIT
4943,Levi's Denim Jacket - Variant 2138,Clothing,7430,"Classic trucker jacket, 100% cotton denim, multiple color options",67,4.2,https://www.amazon.in/s?k=Levis+Denim+Jacket+Trucker
4944,Vitamin C Serum - Variant 8384,Beauty,1998,"20% Vitamin C with hyaluronic acid, brightens skin, reduces dark spots",154,4.3,https://www.amazon.in/s?k=Vitamin+C+Serum+20+percent
4945,Creatine Monohydrate - Variant 2449,Health,2865,"Micronized creatine, 5g per serving, unflavored, 60 servings, lab tested",111,4.7,https://www.amazon.in/s?k=Creatine+Monohydrate+Micronized
4946,Mechanical Keyboard RGB - Variant 1594,Electronics,5459,"TKL layout, Cherry MX switches, per-key RGB lighting, USB-C",24,4.5,https://www.amazon.in/s?k=Mechanical+Keyboard+RGB
4947,iPad Air 11inch - Variant 9666,Electronics,54383,"M2 chip, 11-inch Liquid Retina display, Apple Pencil Pro support, 256GB",15,4.6,https://www.amazon.in/s?k=iPad+Air+M2+11inch
4948,Hiking Boots Merrell - Variant 5875,Shoes,11281,"Waterproof leather, Vibram outsole, air cushion heel, ankle support",30,4.4,https://www.amazon.in/s?k=Merrell+Hiking+Boots+Waterproof
4949,Dumbbell Set Adjustable - Variant 5594,Sports,12120,"5-52.5 lbs per dumbbell, replaces 15 sets, fast adjust dial system",34,4.8,https://www.amazon.in/s?k=Adjustable+Dumbbell+Set
4950,Creatine Monohydrate - Variant 8191,Health,2693,"Micronized creatine, 5g per serving, unflavored, 60 servings, lab tested",92,4.4,https://www.amazon.in/s?k=Creatine+Monohydrate+Micronized
4951,Webcam Logitech 4K - Variant 2535,Electronics,12849,"4K Ultra HD, auto-focus, built-in mic, works with Zoom and Teams",28,4.6,https://www.amazon.in/s?k=Logitech+4K+Webcam
4952,Converse Chuck Taylor - Variant 3212,Shoes,4824,"Classic canvas high-top, rubber sole, available in 20+ colors",106,4.2,https://www.amazon.in/s?k=Converse+Chuck+Taylor+High+Top
4953,Webcam Logitech 4K - Variant 3907,Electronics,12102,"4K Ultra HD, auto-focus, built-in mic, works with Zoom and Teams",51,4.3,https://www.amazon.in/s?k=Logitech+4K+Webcam
4954,Luggage Samsonite 28inch - Variant 9749,Accessories,16426,"Hardside spinner, TSA lock, expandable, lightweight polycarbonate shell",14,4.6,https://www.amazon.in/s?k=Samsonite+28+inch+Hardside+Luggage
4955,Retinol Night Cream - Variant 9078,Beauty,2468,"0.5% retinol with peptides, reduces fine lines, fragrance-free, 50ml",119,4.0,https://www.amazon.in/s?k=Retinol+Night+Cream+0.5+percent
4956,Luggage Samsonite 28inch - Variant 5589,Accessories,19003,"Hardside spinner, TSA lock, expandable, lightweight polycarbonate shell",14,4.5,https://www.amazon.in/s?k=Samsonite+28+inch+Hardside+Luggage
4957,Sunglasses Polarized - Variant 6862,Accessories,2041,"UV400 protection, polarized lenses, lightweight frame, unisex design",100,4.4,https://www.amazon.in/s?k=Polarized+Sunglasses+UV400
4958,Mechanical Keyboard RGB - Variant 2812,Electronics,7182,"TKL layout, Cherry MX switches, per-key RGB lighting, USB-C",27,4.7,https://www.amazon.in/s?k=Mechanical+Keyboard+RGB
4959,Adidas Ultraboost 22 - Variant 8594,Shoes,17738,"Responsive Boost midsole, Primeknit upper, Continental rubber outsole",80,4.6,https://www.amazon.in/s?k=Adidas+Ultraboost+22
4960,Vitamin C Serum - Variant 2236,Beauty,1747,"20% Vitamin C with hyaluronic acid, brightens skin, reduces dark spots",155,4.0,https://www.amazon.in/s?k=Vitamin+C+Serum+20+percent
4961,Jump Rope Speed - Variant 6592,Sports,1310,"Adjustable steel cable, ball bearing handles, suitable for all fitness levels",166,4.6,https://www.amazon.in/s?k=Speed+Jump+Rope+Adjustable
4962,Sunglasses Polarized - Variant 1126,Accessories,2518,"UV400 protection, polarized lenses, lightweight frame, unisex design",82,4.0,https://www.amazon.in/s?k=Polarized+Sunglasses+UV400
4963,Backpack Osprey 40L - Variant 7199,Accessories,15328,"40L travel pack, TSA-friendly, laptop sleeve, rain cover included",45,4.5,https://www.amazon.in/s?k=Osprey+40L+Backpack
4964,Air Fryer Ninja 6qt - Variant 5616,Kitchen,8243,"6-quart capacity, 4-in-1 functionality, up to 75% less fat, dishwasher safe",68,4.8,https://www.amazon.in/s?k=Ninja+Air+Fryer+6qt
4965,Sunscreen SPF 50 EltaMD - Variant 8470,Beauty,2700,"Broad spectrum UV protection, oil-free, dermatologist recommended, 3oz",58,4.8,https://www.amazon.in/s?k=EltaMD+Sunscreen+SPF+50
4966,Atomic Habits Workbook - Variant 5441,Books,1488,Companion workbook to Atomic Habits with exercises and habit trackers,67,4.7,https://www.amazon.in/s?k=Atomic+Habits+Workbook
4967,Sunscreen SPF 50 EltaMD - Variant 2465,Beauty,3280,"Broad spectrum UV protection, oil-free, dermatologist recommended, 3oz",69,4.7,https://www.amazon.in/s?k=EltaMD+Sunscreen+SPF+50
4968,iPad Air 11inch - Variant 6869,Electronics,49605,"M2 chip, 11-inch Liquid Retina display, Apple Pencil Pro support, 256GB",29,5.0,https://www.amazon.in/s?k=iPad+Air+M2+11inch
4969,Adidas Ultraboost 22 - Variant 8864,Shoes,16311,"Responsive Boost midsole, Primeknit upper, Continental rubber outsole",82,4.9,https://www.amazon.in/s?k=Adidas+Ultraboost+22
4970,Samsung 4K Smart TV 55inch - Variant 7066,Electronics,55830,"Crystal UHD display, built-in Alexa, HDR10+, 3 HDMI ports",10,4.9,https://www.amazon.in/s?k=Samsung+4K+Smart+TV+55inch
4971,Leather Wallet Slim - Variant 6485,Accessories,1961,"Genuine leather, RFID blocking, 8 card slots, minimalist design",132,4.4,https://www.amazon.in/s?k=Slim+Leather+Wallet+RFID
4972,Yoga Mat Premium - Variant 6780,Sports,2682,"Non-slip 6mm thick mat, eco-friendly TPE material, includes carry strap",51,4.6,https://www.amazon.in/s?k=Premium+Yoga+Mat
4973,Protein Powder Whey - Variant 6738,Health,4228,"25g protein per serving, chocolate flavor, 5lb bag, no artificial colors",46,4.6,https://www.amazon.in/s?k=Whey+Protein+Powder+Chocolate
4974,Webcam Logitech 4K - Variant 6871,Electronics,14509,"4K Ultra HD, auto-focus, built-in mic, works with Zoom and Teams",69,4.8,https://www.amazon.in/s?k=Logitech+4K+Webcam
4975,Levi's 501 Jeans - Variant 1648,Clothing,4762,"Classic straight fit jeans, durable denim, available in multiple washes",166,4.3,https://www.amazon.in/s?k=Levis+501+Jeans
4976,Nike Air Max 270 - Variant 9726,Shoes,10457,"Lightweight running shoe with Air Max cushioning, great for daily use",34,4.4,https://www.amazon.in/s?k=Nike+Air+Max+270
4977,Sunscreen SPF 50 EltaMD - Variant 7141,Beauty,2746,"Broad spectrum UV protection, oil-free, dermatologist recommended, 3oz",83,5.0,https://www.amazon.in/s?k=EltaMD+Sunscreen+SPF+50
4978,Nike Air Max 270 - Variant 6316,Shoes,10659,"Lightweight running shoe with Air Max cushioning, great for daily use",67,4.6,https://www.amazon.in/s?k=Nike+Air+Max+270
4979,Leather Wallet Slim - Variant 8182,Accessories,2134,"Genuine leather, RFID blocking, 8 card slots, minimalist design",150,4.6,https://www.amazon.in/s?k=Slim+Leather+Wallet+RFID
4980,Blender Vitamix A2500 - Variant 3166,Kitchen,38722,"Variable speed control, 3 program settings, self-cleaning, 64oz container",20,4.7,https://www.amazon.in/s?k=Vitamix+A2500+Blender
4981,Coffee Maker Drip - Variant 5899,Kitchen,4870,"12-cup programmable coffee maker, built-in grinder, thermal carafe",79,4.5,https://www.amazon.in/s?k=Drip+Coffee+Maker
4982,Dumbbell Set Adjustable - Variant 4079,Sports,12784,"5-52.5 lbs per dumbbell, replaces 15 sets, fast adjust dial system",15,4.8,https://www.amazon.in/s?k=Adjustable+Dumbbell+Set
4983,Dell 27inch Monitor - Variant 9452,Electronics,23128,"IPS panel, 165Hz refresh rate, 1ms response time, USB-C, FreeSync",20,4.5,https://www.amazon.in/s?k=Dell+27+inch+165Hz+Monitor
4984,Dell 27inch Monitor - Variant 5574,Electronics,26132,"IPS panel, 165Hz refresh rate, 1ms response time, USB-C, FreeSync",23,4.7,https://www.amazon.in/s?k=Dell+27+inch+165Hz+Monitor
4985,Mechanical Keyboard RGB - Variant 3357,Electronics,7064,"TKL layout, Cherry MX switches, per-key RGB lighting, USB-C",57,4.7,https://www.amazon.in/s?k=Mechanical+Keyboard+RGB
4986,Kindle Paperwhite - Variant 8124,Electronics,10432,"6.8-inch display, adjustable warm light, waterproof, 3 months free Kindle Unlimited",70,5.0,https://www.amazon.in/s?k=Kindle+Paperwhite+2024
4987,Stand Mixer KitchenAid - Variant 4358,Kitchen,35144,"5-quart bowl, 10 speeds, 59 attachments compatible, tilt-head design",9,4.7,https://www.amazon.in/s?k=KitchenAid+Stand+Mixer+5qt
4988,Retinol Night Cream - Variant 1318,Beauty,2235,"0.5% retinol with peptides, reduces fine lines, fragrance-free, 50ml",62,4.4,https://www.amazon.in/s?k=Retinol+Night+Cream+0.5+percent
4989,The Alchemist Book - Variant 9671,Books,1057,Paulo Coelho's masterpiece about following your dreams and personal legend,294,4.7,https://www.amazon.in/s?k=The+Alchemist+Paulo+Coelho
4990,Coffee Maker Drip - Variant 2593,Kitchen,4016,"12-cup programmable coffee maker, built-in grinder, thermal carafe",74,4.6,https://www.amazon.in/s?k=Drip+Coffee+Maker
4991,Multivitamin Men's - Variant 8964,Health,1703,"23 essential vitamins and minerals, once daily, 90 tablets, no artificial colors",92,4.6,https://www.amazon.in/s?k=Mens+Multivitamin+Daily
4992,Adidas Ultraboost 22 - Variant 9493,Shoes,18461,"Responsive Boost midsole, Primeknit upper, Continental rubber outsole",55,4.8,https://www.amazon.in/s?k=Adidas+Ultraboost+22
4993,Atomic Habits Book - Variant 5907,Books,1273,James Clear's guide to building good habits and breaking bad ones,248,5.0,https://www.amazon.in/s?k=Atomic+Habits+James+Clear
4994,Hiking Boots Merrell - Variant 7586,Shoes,12859,"Waterproof leather, Vibram outsole, air cushion heel, ankle support",59,4.4,https://www.amazon.in/s?k=Merrell+Hiking+Boots+Waterproof
4995,Luggage Samsonite 28inch - Variant 7780,Accessories,15068,"Hardside spinner, TSA lock, expandable, lightweight polycarbonate shell",33,4.8,https://www.amazon.in/s?k=Samsonite+28+inch+Hardside+Luggage
4996,Wireless Mouse Logitech - Variant 1933,Electronics,3411,"MX Master 3, ergonomic design, 4000 DPI, multi-device support",80,4.7,https://www.amazon.in/s?k=Logitech+MX+Master+3
4997,New Balance 990v6 - Variant 4194,Shoes,17329,"Made in USA, premium suede and mesh upper, ENCAP midsole technology",22,4.6,https://www.amazon.in/s?k=New+Balance+990v6
4998,Creatine Monohydrate - Variant 8464,Health,2613,"Micronized creatine, 5g per serving, unflavored, 60 servings, lab tested",131,4.5,https://www.amazon.in/s?k=Creatine+Monohydrate+Micronized
4999,Protein Powder Whey - Variant 4299,Health,3989,"25g protein per serving, chocolate flavor, 5lb bag, no artificial colors",60,4.4,https://www.amazon.in/s?k=Whey+Protein+Powder+Chocolate
5000,Adidas Ultraboost 22 - Variant 9026,Shoes,15205,"Responsive Boost midsole, Primeknit upper, Continental rubber outsole",33,4.8,https://www.amazon.in/s?k=Adidas+Ultraboost+22
